2 0.7615853658536585 0.9646341463414634 0.003658536585365854 0.004878048780487805
2 0.7542682926829268 0.9646341463414634 0.003658536585365854 0.004878048780487805
2 0.7469512195121951 0.9640243902439024 0.003658536585365854 0.006097560975609756
2 0.49085365853658536 0.9621951219512195 0.003658536585365854 0.004878048780487805
2 0.48353658536585364 0.9621951219512195 0.003658536585365854 0.004878048780487805
2 0.750609756097561 0.9597560975609756 0.003658536585365854 0.0024390243902439024
2 0.475 0.9615853658536585 0.003658536585365854 0.006097560975609756
2 0.4676829268292683 0.9615853658536585 0.003658536585365854 0.006097560975609756
2 0.4378048780487805 0.9615853658536585 0.004878048780487805 0.006097560975609756
2 0.18841463414634146 0.9591463414634146 0.003658536585365854 0.003658536585365854
2 0.18109756097560975 0.9591463414634146 0.003658536585365854 0.003658536585365854
2 0.4871951219512195 0.9573170731707317 0.003658536585365854 0.0024390243902439024
2 0.4798780487804878 0.9573170731707317 0.003658536585365854 0.0024390243902439024
2 0.4719512195121951 0.9573170731707317 0.0024390243902439024 0.0024390243902439024
2 0.43414634146341463 0.9573170731707317 0.0024390243902439024 0.0024390243902439024
2 0.725609756097561 0.9609756097560975 0.014634146341463415 0.012195121951219513
2 0.7207317073170731 0.9524390243902439 0.0024390243902439024 0.0024390243902439024
2 0.8140243902439024 0.626219512195122 0.003658536585365854 0.003658536585365854
2 0.8384146341463414 0.6195121951219512 0.003658536585365854 0.0024390243902439024
2 0.822560975609756 0.6231707317073171 0.01097560975609756 0.00975609756097561
2 0.8262195121951219 0.6158536585365854 0.003658536585365854 0.0024390243902439024
2 0.8463414634146341 0.6128048780487805 0.0024390243902439024 0.003658536585365854
2 0.822560975609756 0.6121951219512195 0.003658536585365854 0.0024390243902439024
2 0.8817073170731707 0.6091463414634146 0.0024390243902439024 0.003658536585365854
2 0.8426829268292683 0.6091463414634146 0.0024390243902439024 0.003658536585365854
2 0.8189024390243902 0.6085365853658536 0.003658536585365854 0.0024390243902439024
2 0.8628048780487805 0.6054878048780488 0.003658536585365854 0.003658536585365854
2 0.8469512195121951 0.6054878048780488 0.003658536585365854 0.003658536585365854
2 0.8384146341463414 0.6054878048780488 0.003658536585365854 0.003658536585365854
2 0.825 0.6067073170731707 0.006097560975609756 0.006097560975609756
2 0.8432926829268292 0.6018292682926829 0.003658536585365854 0.003658536585365854
2 0.8347560975609756 0.6012195121951219 0.003658536585365854 0.0024390243902439024
2 0.8189024390243902 0.600609756097561 0.003658536585365854 0.003658536585365854
2 0.823780487804878 0.5975609756097561 0.003658536585365854 0.0024390243902439024
2 0.8152439024390243 0.5975609756097561 0.003658536585365854 0.0024390243902439024
2 0.874390243902439 0.5945121951219512 0.0024390243902439024 0.003658536585365854
2 0.8609756097560975 0.5963414634146341 0.007317073170731708 0.007317073170731708
2 0.8432926829268292 0.5939024390243902 0.003658536585365854 0.0024390243902439024
2 0.8292682926829268 0.5957317073170731 0.007317073170731708 0.006097560975609756
2 0.8201219512195121 0.5939024390243902 0.003658536585365854 0.0024390243902439024
2 0.8701219512195122 0.5908536585365853 0.003658536585365854 0.003658536585365854
2 0.8469512195121951 0.5902439024390244 0.003658536585365854 0.0024390243902439024
2 0.8310975609756097 0.5902439024390244 0.003658536585365854 0.0024390243902439024
2 0.8670731707317073 0.5871951219512195 0.0024390243902439024 0.003658536585365854
2 0.8530487804878049 0.5890243902439024 0.00853658536585366 0.007317073170731708
2 0.8396341463414634 0.5920731707317073 0.01097560975609756 0.013414634146341463
2 0.8353658536585366 0.5865853658536585 0.0024390243902439024 0.0024390243902439024
2 0.8256097560975609 0.5884146341463414 0.007317073170731708 0.006097560975609756
2 0.8713414634146341 0.5835365853658536 0.003658536585365854 0.003658536585365854
2 0.8628048780487805 0.5835365853658536 0.003658536585365854 0.003658536585365854
2 0.8475609756097561 0.5835365853658536 0.0024390243902439024 0.003658536585365854
2 0.8396341463414634 0.5829268292682926 0.003658536585365854 0.0024390243902439024
2 0.8323170731707317 0.5829268292682926 0.003658536585365854 0.0024390243902439024
2 0.823780487804878 0.5829268292682926 0.003658536585365854 0.0024390243902439024
2 0.8676829268292683 0.5798780487804878 0.003658536585365854 0.003658536585365854
2 0.8646341463414634 0.5908536585365853 0.02195121951219512 0.025609756097560974
2 0.8518292682926829 0.5792682926829268 0.003658536585365854 0.0024390243902439024
2 0.8439024390243902 0.5792682926829268 0.0024390243902439024 0.0024390243902439024
2 0.8359756097560975 0.5792682926829268 0.003658536585365854 0.0024390243902439024
2 0.8286585365853658 0.5792682926829268 0.003658536585365854 0.0024390243902439024
2 0.8201219512195121 0.5792682926829268 0.003658536585365854 0.0024390243902439024
2 0.8792682926829268 0.5762195121951219 0.0024390243902439024 0.003658536585365854
2 0.8560975609756097 0.5756097560975609 0.0024390243902439024 0.0024390243902439024
2 0.848170731707317 0.5762195121951219 0.003658536585365854 0.003658536585365854
2 0.8402439024390244 0.5756097560975609 0.0024390243902439024 0.0024390243902439024
2 0.824390243902439 0.5756097560975609 0.0024390243902439024 0.0024390243902439024
2 0.8164634146341463 0.5756097560975609 0.003658536585365854 0.0024390243902439024
2 0.8676829268292683 0.574390243902439 0.01097560975609756 0.007317073170731708
2 0.8597560975609756 0.5719512195121951 0.0024390243902439024 0.0024390243902439024
2 0.8286585365853658 0.5719512195121951 0.003658536585365854 0.0024390243902439024
2 0.8207317073170731 0.5713414634146341 0.0024390243902439024 0.003658536585365854
2 0.8798780487804878 0.5707317073170731 0.01097560975609756 0.007317073170731708
2 0.8719512195121951 0.5682926829268292 0.0024390243902439024 0.0024390243902439024
2 0.8640243902439024 0.5689024390243902 0.003658536585365854 0.003658536585365854
2 0.8560975609756097 0.5682926829268292 0.0024390243902439024 0.0024390243902439024
2 0.85 0.5701219512195121 0.007317073170731708 0.006097560975609756
2 0.8426829268292683 0.5707317073170731 0.007317073170731708 0.007317073170731708
2 0.8341463414634146 0.5713414634146341 0.007317073170731708 0.01097560975609756
2 0.825 0.5676829268292682 0.003658536585365854 0.003658536585365854
2 0.8164634146341463 0.5676829268292682 0.003658536585365854 0.003658536585365854
2 0.876219512195122 0.5652439024390243 0.003658536585365854 0.003658536585365854
2 0.8682926829268293 0.5652439024390243 0.0024390243902439024 0.003658536585365854
2 0.8603658536585366 0.5646341463414634 0.003658536585365854 0.0024390243902439024
2 0.8524390243902439 0.5646341463414634 0.0024390243902439024 0.0024390243902439024
2 0.8445121951219512 0.5646341463414634 0.003658536585365854 0.0024390243902439024
2 0.8371951219512195 0.5646341463414634 0.003658536585365854 0.0024390243902439024
2 0.8286585365853658 0.5646341463414634 0.003658536585365854 0.0024390243902439024
2 0.8213414634146341 0.5640243902439024 0.003658536585365854 0.003658536585365854
2 0.8798780487804878 0.5615853658536586 0.003658536585365854 0.003658536585365854
2 0.8725609756097561 0.5615853658536586 0.003658536585365854 0.003658536585365854
2 0.8640243902439024 0.5609756097560976 0.003658536585365854 0.0024390243902439024
2 0.8567073170731707 0.5609756097560976 0.003658536585365854 0.0024390243902439024
2 0.848780487804878 0.5609756097560976 0.0024390243902439024 0.0024390243902439024
2 0.8408536585365853 0.5609756097560976 0.003658536585365854 0.0024390243902439024
2 0.8329268292682926 0.5609756097560976 0.0024390243902439024 0.0024390243902439024
2 0.825 0.5609756097560976 0.003658536585365854 0.0024390243902439024
2 0.8170731707317073 0.5609756097560976 0.0024390243902439024 0.0024390243902439024
2 0.8841463414634146 0.5579268292682927 0.0024390243902439024 0.003658536585365854
2 0.876219512195122 0.5579268292682927 0.003658536585365854 0.003658536585365854
2 0.8682926829268293 0.5573170731707318 0.0024390243902439024 0.0024390243902439024
2 0.8603658536585366 0.5573170731707318 0.003658536585365854 0.0024390243902439024
2 0.8530487804878049 0.5573170731707318 0.003658536585365854 0.0024390243902439024
2 0.8445121951219512 0.5573170731707318 0.003658536585365854 0.0024390243902439024
2 0.8371951219512195 0.5573170731707318 0.003658536585365854 0.0024390243902439024
2 0.8292682926829268 0.5567073170731708 0.0024390243902439024 0.003658536585365854
2 0.8213414634146341 0.5567073170731708 0.003658536585365854 0.003658536585365854
2 0.7902439024390244 0.5487804878048781 0.0024390243902439024 0.0024390243902439024
2 0.9176829268292683 0.5487804878048781 0.006097560975609756 0.007317073170731708
2 0.7841463414634147 0.5469512195121952 0.007317073170731708 0.006097560975609756
2 0.7786585365853659 0.5451219512195122 0.003658536585365854 0.0024390243902439024
2 0.9231707317073171 0.5469512195121952 0.00975609756097561 0.01097560975609756
2 0.9121951219512195 0.5432926829268293 0.004878048780487805 0.003658536585365854
2 0.8085365853658537 0.5439024390243903 0.007317073170731708 0.007317073170731708
2 0.7908536585365854 0.5420731707317074 0.003658536585365854 0.003658536585365854
2 0.7823170731707317 0.5414634146341464 0.003658536585365854 0.0024390243902439024
2 0.775 0.5408536585365854 0.003658536585365854 0.003658536585365854
2 0.925609756097561 0.5408536585365854 0.007317073170731708 0.00853658536585366
2 0.8103658536585366 0.5384146341463415 0.003658536585365854 0.003658536585365854
2 0.802439024390244 0.5384146341463415 0.0024390243902439024 0.003658536585365854
2 0.7871951219512195 0.5378048780487805 0.003658536585365854 0.0024390243902439024
2 0.7786585365853659 0.5371951219512195 0.003658536585365854 0.003658536585365854
2 0.7713414634146342 0.5371951219512195 0.003658536585365854 0.003658536585365854
2 0.9207317073170732 0.5353658536585366 0.0024390243902439024 0.0024390243902439024
2 0.8067073170731708 0.5347560975609756 0.003658536585365854 0.003658536585365854
2 0.7981707317073171 0.5341463414634147 0.003658536585365854 0.0024390243902439024
2 0.7908536585365854 0.5341463414634147 0.003658536585365854 0.0024390243902439024
2 0.7829268292682927 0.5341463414634147 0.0024390243902439024 0.0024390243902439024
2 0.802439024390244 0.5304878048780488 0.0024390243902439024 0.0024390243902439024
2 0.7945121951219513 0.5298780487804878 0.003658536585365854 0.003658536585365854
2 0.9146341463414634 0.5298780487804878 0.007317073170731708 0.006097560975609756
2 0.9243902439024391 0.5310975609756098 0.00975609756097561 0.01097560975609756
2 0.8085365853658537 0.5292682926829269 0.007317073170731708 0.007317073170731708
2 0.7993902439024391 0.526829268292683 0.003658536585365854 0.0024390243902439024
2 0.7908536585365854 0.526219512195122 0.003658536585365854 0.003658536585365854
2 0.8103658536585366 0.5231707317073171 0.003658536585365854 0.0024390243902439024
2 0.8030487804878049 0.5231707317073171 0.003658536585365854 0.0024390243902439024
2 0.7951219512195122 0.5231707317073171 0.0024390243902439024 0.0024390243902439024
2 0.9152439024390244 0.5225609756097561 0.006097560975609756 0.006097560975609756
2 0.9073170731707317 0.5231707317073171 0.007317073170731708 0.007317073170731708
2 0.9286585365853659 0.5201219512195122 0.003658536585365854 0.003658536585365854
2 0.8067073170731708 0.5195121951219512 0.003658536585365854 0.0024390243902439024
2 0.7993902439024391 0.5195121951219512 0.003658536585365854 0.0024390243902439024
2 0.7908536585365854 0.5189024390243903 0.003658536585365854 0.003658536585365854
2 0.7835365853658537 0.5189024390243903 0.003658536585365854 0.003658536585365854
2 0.925 0.5164634146341464 0.003658536585365854 0.003658536585365854
2 0.9225609756097561 0.5219512195121951 0.013414634146341463 0.014634146341463415
2 0.9097560975609756 0.5164634146341464 0.0024390243902439024 0.003658536585365854
2 0.8963414634146342 0.5182926829268293 0.007317073170731708 0.007317073170731708
2 0.8109756097560976 0.5158536585365854 0.0024390243902439024 0.0024390243902439024
2 0.7957317073170732 0.5158536585365854 0.003658536585365854 0.0024390243902439024
2 0.7878048780487805 0.5152439024390244 0.0024390243902439024 0.003658536585365854
2 0.7780487804878049 0.5170731707317073 0.007317073170731708 0.007317073170731708
2 0.7713414634146342 0.5152439024390244 0.003658536585365854 0.003658536585365854
2 0.9219512195121952 0.5134146341463415 0.0024390243902439024 0.0024390243902439024
2 0.9054878048780488 0.5134146341463415 0.003658536585365854 0.0024390243902439024
2 0.9292682926829269 0.5128048780487805 0.0024390243902439024 0.003658536585365854
2 0.8079268292682927 0.5121951219512195 0.003658536585365854 0.0024390243902439024
2 0.7920731707317074 0.5121951219512195 0.003658536585365854 0.0024390243902439024
2 0.801219512195122 0.5134146341463415 0.007317073170731708 0.007317073170731708
2 0.7835365853658537 0.5115853658536585 0.003658536585365854 0.003658536585365854
2 0.776219512195122 0.5115853658536585 0.003658536585365854 0.003658536585365854
2 0.925609756097561 0.5091463414634146 0.0024390243902439024 0.003658536585365854
2 0.8115853658536586 0.5085365853658537 0.003658536585365854 0.0024390243902439024
2 0.8036585365853659 0.5079268292682927 0.0024390243902439024 0.003658536585365854
2 0.7957317073170732 0.5079268292682927 0.003658536585365854 0.003658536585365854
2 0.7878048780487805 0.5079268292682927 0.0024390243902439024 0.003658536585365854
2 0.7719512195121951 0.5079268292682927 0.0024390243902439024 0.003658536585365854
2 0.9292682926829269 0.5054878048780488 0.0024390243902439024 0.003658536585365854
2 0.9219512195121952 0.5054878048780488 0.0024390243902439024 0.003658536585365854
2 0.8079268292682927 0.5048780487804878 0.003658536585365854 0.0024390243902439024
2 0.8 0.5042682926829268 0.0024390243902439024 0.003658536585365854
2 0.926219512195122 0.5018292682926829 0.003658536585365854 0.003658536585365854
2 0.9189024390243903 0.5018292682926829 0.003658536585365854 0.003658536585365854
2 0.8981707317073171 0.5091463414634146 0.01097560975609756 0.018292682926829267
2 0.8115853658536586 0.500609756097561 0.003658536585365854 0.003658536585365854
2 0.7780487804878049 0.5036585365853659 0.007317073170731708 0.00975609756097561
2 0.9225609756097561 0.49817073170731707 0.003658536585365854 0.003658536585365854
2 0.9146341463414634 0.49817073170731707 0.0024390243902439024 0.003658536585365854
2 0.9298780487804879 0.4975609756097561 0.003658536585365854 0.004878048780487805
2 0.8079268292682927 0.4969512195121951 0.003658536585365854 0.003658536585365854
2 0.802439024390244 0.49878048780487805 0.007317073170731708 0.007317073170731708
2 0.7902439024390244 0.500609756097561 0.014634146341463415 0.01097560975609756
2 0.7841463414634147 0.49634146341463414 0.0024390243902439024 0.0024390243902439024
2 0.776219512195122 0.49634146341463414 0.003658536585365854 0.0024390243902439024
2 0.926219512195122 0.49390243902439024 0.003658536585365854 0.0024390243902439024
2 0.9189024390243903 0.4945121951219512 0.003658536585365854 0.003658536585365854
2 0.9109756097560976 0.4945121951219512 0.0024390243902439024 0.003658536585365854
2 0.8951219512195122 0.4945121951219512 0.0024390243902439024 0.003658536585365854
2 0.8121951219512196 0.49329268292682926 0.0024390243902439024 0.003658536585365854
2 0.8042682926829269 0.49329268292682926 0.003658536585365854 0.003658536585365854
2 0.7963414634146342 0.4926829268292683 0.0024390243902439024 0.0024390243902439024
2 0.7884146341463415 0.4926829268292683 0.003658536585365854 0.0024390243902439024
2 0.7804878048780488 0.4926829268292683 0.0024390243902439024 0.0024390243902439024
2 0.9231707317073171 0.4902439024390244 0.0024390243902439024 0.0024390243902439024
2 0.9152439024390244 0.49085365853658536 0.003658536585365854 0.003658536585365854
2 0.9085365853658537 0.5018292682926829 0.02195121951219512 0.025609756097560974
2 0.8079268292682927 0.4896341463414634 0.003658536585365854 0.003658536585365854
2 0.7926829268292683 0.4896341463414634 0.0024390243902439024 0.003658536585365854
2 0.7847560975609756 0.48902439024390243 0.003658536585365854 0.0024390243902439024
2 0.9286585365853659 0.48902439024390243 0.006097560975609756 0.007317073170731708
2 0.9189024390243903 0.4865853658536585 0.003658536585365854 0.0024390243902439024
2 0.9115853658536586 0.4871951219512195 0.003658536585365854 0.003658536585365854
2 0.8957317073170732 0.4871951219512195 0.003658536585365854 0.003658536585365854
2 0.8121951219512196 0.48597560975609755 0.0024390243902439024 0.003658536585365854
2 0.802439024390244 0.4871951219512195 0.007317073170731708 0.006097560975609756
2 0.7969512195121952 0.4853658536585366 0.003658536585365854 0.0024390243902439024
2 0.7884146341463415 0.4853658536585366 0.003658536585365854 0.0024390243902439024
2 0.7810975609756098 0.4853658536585366 0.003658536585365854 0.0024390243902439024
2 0.8878048780487805 0.4792682926829268 0.0024390243902439024 0.0024390243902439024
2 0.8804878048780488 0.4792682926829268 0.0024390243902439024 0.0024390243902439024
2 0.8725609756097561 0.4792682926829268 0.003658536585365854 0.0024390243902439024
2 0.8640243902439024 0.4792682926829268 0.003658536585365854 0.0024390243902439024
2 0.8560975609756097 0.4792682926829268 0.0024390243902439024 0.0024390243902439024
2 0.848170731707317 0.47865853658536583 0.003658536585365854 0.003658536585365854
2 0.8329268292682926 0.47865853658536583 0.0024390243902439024 0.003658536585365854
2 0.825 0.47865853658536583 0.003658536585365854 0.003658536585365854
2 0.8841463414634146 0.47560975609756095 0.0024390243902439024 0.0024390243902439024
2 0.8682926829268293 0.47560975609756095 0.0024390243902439024 0.0024390243902439024
2 0.8603658536585366 0.475 0.003658536585365854 0.003658536585365854
2 0.8524390243902439 0.475 0.0024390243902439024 0.003658536585365854
2 0.8371951219512195 0.475 0.003658536585365854 0.003658536585365854
2 0.8286585365853658 0.475 0.003658536585365854 0.003658536585365854
2 0.8884146341463415 0.4719512195121951 0.003658536585365854 0.0024390243902439024
2 0.8804878048780488 0.4719512195121951 0.0024390243902439024 0.0024390243902439024
2 0.874390243902439 0.473780487804878 0.007317073170731708 0.006097560975609756
2 0.848780487804878 0.4713414634146341 0.0024390243902439024 0.003658536585365854
2 0.822560975609756 0.47317073170731705 0.00853658536585366 0.007317073170731708
2 0.8768292682926829 0.4676829268292683 0.0024390243902439024 0.003658536585365854
2 0.8445121951219512 0.4676829268292683 0.003658536585365854 0.003658536585365854
2 0.8408536585365853 0.47317073170731705 0.01097560975609756 0.014634146341463415
2 0.8304878048780487 0.4695121951219512 0.007317073170731708 0.007317073170731708
2 0.8213414634146341 0.46707317073170734 0.003658536585365854 0.0024390243902439024
2 0.8884146341463415 0.46402439024390246 0.003658536585365854 0.003658536585365854
2 0.8829268292682927 0.4658536585365854 0.007317073170731708 0.007317073170731708
2 0.8530487804878049 0.4676829268292683 0.01097560975609756 0.01097560975609756
2 0.8408536585365853 0.46402439024390246 0.003658536585365854 0.003658536585365854
2 0.8335365853658536 0.4634146341463415 0.003658536585365854 0.0024390243902439024
2 0.825 0.4634146341463415 0.003658536585365854 0.0024390243902439024
2 0.8768292682926829 0.4603658536585366 0.0024390243902439024 0.003658536585365854
2 0.8585365853658536 0.4658536585365854 0.014634146341463415 0.014634146341463415
2 0.8457317073170731 0.4603658536585366 0.003658536585365854 0.003658536585365854
2 0.8371951219512195 0.45975609756097563 0.003658536585365854 0.0024390243902439024
2 0.8298780487804878 0.45975609756097563 0.003658536585365854 0.0024390243902439024
2 0.8213414634146341 0.45914634146341465 0.003658536585365854 0.003658536585365854
2 0.8890243902439025 0.45670731707317075 0.0024390243902439024 0.003658536585365854
2 0.8829268292682927 0.4585365853658537 0.007317073170731708 0.007317073170731708
2 0.8731707317073171 0.45670731707317075 0.0024390243902439024 0.003658536585365854
2 0.8670731707317073 0.46219512195121953 0.014634146341463415 0.014634146341463415
2 0.8573170731707317 0.4560975609756098 0.0024390243902439024 0.0024390243902439024
2 0.849390243902439 0.4560975609756098 0.003658536585365854 0.0024390243902439024
2 0.8414634146341463 0.4560975609756098 0.0024390243902439024 0.0024390243902439024
2 0.8335365853658536 0.4560975609756098 0.003658536585365854 0.0024390243902439024
2 0.8256097560975609 0.4560975609756098 0.0024390243902439024 0.0024390243902439024
2 0.8853658536585366 0.4530487804878049 0.0024390243902439024 0.003658536585365854
2 0.8774390243902439 0.4530487804878049 0.003658536585365854 0.003658536585365854
2 0.8695121951219512 0.4524390243902439 0.0024390243902439024 0.0024390243902439024
2 0.8615853658536585 0.4524390243902439 0.003658536585365854 0.0024390243902439024
2 0.8536585365853658 0.4530487804878049 0.0024390243902439024 0.003658536585365854
2 0.8457317073170731 0.4524390243902439 0.003658536585365854 0.0024390243902439024
2 0.8371951219512195 0.4524390243902439 0.003658536585365854 0.0024390243902439024
2 0.8298780487804878 0.4524390243902439 0.003658536585365854 0.0024390243902439024
2 0.8213414634146341 0.45182926829268294 0.003658536585365854 0.003658536585365854
2 0.873780487804878 0.44878048780487806 0.003658536585365854 0.0024390243902439024
2 0.8658536585365854 0.44878048780487806 0.0024390243902439024 0.0024390243902439024
2 0.8579268292682927 0.44878048780487806 0.003658536585365854 0.0024390243902439024
2 0.849390243902439 0.44878048780487806 0.003658536585365854 0.0024390243902439024
2 0.8420731707317073 0.44878048780487806 0.003658536585365854 0.0024390243902439024
2 0.8335365853658536 0.44878048780487806 0.003658536585365854 0.0024390243902439024
2 0.8262195121951219 0.4481707317073171 0.003658536585365854 0.003658536585365854
2 0.8859756097560976 0.4457317073170732 0.003658536585365854 0.003658536585365854
2 0.8792682926829268 0.4475609756097561 0.007317073170731708 0.007317073170731708
2 0.8701219512195122 0.4457317073170732 0.003658536585365854 0.003658536585365854
2 0.8615853658536585 0.4451219512195122 0.003658536585365854 0.0024390243902439024
2 0.8542682926829268 0.4451219512195122 0.003658536585365854 0.0024390243902439024
2 0.8457317073170731 0.4451219512195122 0.003658536585365854 0.0024390243902439024
2 0.8384146341463414 0.4445121951219512 0.003658536585365854 0.003658536585365854
2 0.8219512195121951 0.4445121951219512 0.0024390243902439024 0.003658536585365854
2 0.8896341463414634 0.4420731707317073 0.003658536585365854 0.003658536585365854
2 0.8817073170731707 0.44146341463414634 0.0024390243902439024 0.0024390243902439024
2 0.873780487804878 0.44146341463414634 0.003658536585365854 0.0024390243902439024
2 0.8579268292682927 0.44146341463414634 0.003658536585365854 0.0024390243902439024
2 0.850609756097561 0.44085365853658537 0.003658536585365854 0.003658536585365854
2 0.8420731707317073 0.44085365853658537 0.003658536585365854 0.003658536585365854
2 0.8341463414634146 0.44085365853658537 0.0024390243902439024 0.003658536585365854
2 0.8280487804878048 0.4426829268292683 0.007317073170731708 0.007317073170731708
2 0.8859756097560976 0.4378048780487805 0.003658536585365854 0.0024390243902439024
2 0.8786585365853659 0.4378048780487805 0.003658536585365854 0.0024390243902439024
2 0.8640243902439024 0.4396341463414634 0.006097560975609756 0.006097560975609756
2 0.8701219512195122 0.4371951219512195 0.003658536585365854 0.003658536585365854
2 0.8542682926829268 0.4371951219512195 0.003658536585365854 0.003658536585365854
2 0.8463414634146341 0.4371951219512195 0.0024390243902439024 0.003658536585365854
2 0.8384146341463414 0.4371951219512195 0.003658536585365854 0.003658536585365854
2 0.8298780487804878 0.4371951219512195 0.003658536585365854 0.003658536585365854
2 0.8902439024390244 0.43414634146341463 0.0024390243902439024 0.0024390243902439024
2 0.8823170731707317 0.43414634146341463 0.003658536585365854 0.0024390243902439024
2 0.874390243902439 0.43353658536585366 0.0024390243902439024 0.003658536585365854
2 0.8585365853658536 0.43353658536585366 0.0024390243902439024 0.003658536585365854
2 0.850609756097561 0.43353658536585366 0.003658536585365854 0.003658536585365854
2 0.8420731707317073 0.43353658536585366 0.003658536585365854 0.003658536585365854
2 0.8347560975609756 0.43353658536585366 0.003658536585365854 0.003658536585365854
2 0.8859756097560976 0.4298780487804878 0.003658536585365854 0.003658536585365854
2 0.8786585365853659 0.4298780487804878 0.003658536585365854 0.003658536585365854
2 0.8701219512195122 0.4298780487804878 0.003658536585365854 0.003658536585365854
2 0.8646341463414634 0.4317073170731707 0.007317073170731708 0.007317073170731708
2 0.8469512195121951 0.4298780487804878 0.003658536585365854 0.003658536585365854
2 0.8384146341463414 0.4298780487804878 0.003658536585365854 0.003658536585365854
2 0.8310975609756097 0.4292682926829268 0.003658536585365854 0.0024390243902439024
2 0.824390243902439 0.4317073170731707 0.007317073170731708 0.007317073170731708
2 0.8908536585365854 0.42621951219512194 0.003658536585365854 0.003658536585365854
2 0.8829268292682927 0.42621951219512194 0.0024390243902439024 0.003658536585365854
2 0.875 0.42621951219512194 0.003658536585365854 0.003658536585365854
2 0.8664634146341463 0.42621951219512194 0.003658536585365854 0.003658536585365854
2 0.8585365853658536 0.42621951219512194 0.0024390243902439024 0.003658536585365854
2 0.8524390243902439 0.42804878048780487 0.007317073170731708 0.007317073170731708
2 0.8432926829268292 0.42621951219512194 0.003658536585365854 0.003658536585365854
2 0.8347560975609756 0.42621951219512194 0.003658536585365854 0.003658536585365854
2 0.8268292682926829 0.42560975609756097 0.0024390243902439024 0.0024390243902439024
2 0.8865853658536585 0.4225609756097561 0.0024390243902439024 0.003658536585365854
2 0.8786585365853659 0.4225609756097561 0.003658536585365854 0.003658536585365854
2 0.8628048780487805 0.4225609756097561 0.003658536585365854 0.003658536585365854
2 0.8548780487804878 0.4225609756097561 0.0024390243902439024 0.003658536585365854
2 0.8469512195121951 0.4225609756097561 0.003658536585365854 0.003658536585365854
2 0.8390243902439024 0.4219512195121951 0.0024390243902439024 0.0024390243902439024
2 0.8310975609756097 0.4219512195121951 0.003658536585365854 0.0024390243902439024
2 0.822560975609756 0.42134146341463413 0.003658536585365854 0.003658536585365854
2 0.8908536585365854 0.4189024390243902 0.003658536585365854 0.003658536585365854
2 0.8829268292682927 0.4189024390243902 0.0024390243902439024 0.003658536585365854
2 0.8731707317073171 0.42073170731707316 0.007317073170731708 0.007317073170731708
2 0.8664634146341463 0.4189024390243902 0.003658536585365854 0.003658536585365854
2 0.8591463414634146 0.41829268292682925 0.003658536585365854 0.0024390243902439024
2 0.8512195121951219 0.41829268292682925 0.0024390243902439024 0.0024390243902439024
2 0.8432926829268292 0.41829268292682925 0.003658536585365854 0.0024390243902439024
2 0.8353658536585366 0.4176829268292683 0.0024390243902439024 0.003658536585365854
2 0.8871951219512195 0.41524390243902437 0.003658536585365854 0.003658536585365854
2 0.8792682926829268 0.4146341463414634 0.0024390243902439024 0.0024390243902439024
2 0.8713414634146341 0.41524390243902437 0.003658536585365854 0.003658536585365854
2 0.8634146341463415 0.41524390243902437 0.0024390243902439024 0.003658536585365854
2 0.8554878048780488 0.4146341463414634 0.003658536585365854 0.0024390243902439024
2 0.8475609756097561 0.4146341463414634 0.0024390243902439024 0.0024390243902439024
2 0.8396341463414634 0.4146341463414634 0.003658536585365854 0.0024390243902439024
2 0.8310975609756097 0.4140243902439024 0.003658536585365854 0.003658536585365854
2 0.8914634146341464 0.4115853658536585 0.0024390243902439024 0.003658536585365854
2 0.875609756097561 0.41097560975609754 0.0024390243902439024 0.0024390243902439024
2 0.8676829268292683 0.41097560975609754 0.003658536585365854 0.0024390243902439024
2 0.8591463414634146 0.41097560975609754 0.003658536585365854 0.0024390243902439024
2 0.8518292682926829 0.41097560975609754 0.003658536585365854 0.0024390243902439024
2 0.8432926829268292 0.41097560975609754 0.003658536585365854 0.0024390243902439024
2 0.8359756097560975 0.41036585365853656 0.003658536585365854 0.003658536585365854
2 0.8256097560975609 0.4140243902439024 0.007317073170731708 0.01097560975609756
2 0.8871951219512195 0.4073170731707317 0.003658536585365854 0.0024390243902439024
2 0.8817073170731707 0.4091463414634146 0.007317073170731708 0.006097560975609756
2 0.8713414634146341 0.4073170731707317 0.003658536585365854 0.0024390243902439024
2 0.8634146341463415 0.4073170731707317 0.0024390243902439024 0.0024390243902439024
2 0.8554878048780488 0.4067073170731707 0.003658536585365854 0.003658536585365854
2 0.848170731707317 0.4067073170731707 0.003658536585365854 0.003658536585365854
2 0.8396341463414634 0.4067073170731707 0.003658536585365854 0.003658536585365854
2 0.8317073170731707 0.4067073170731707 0.0024390243902439024 0.003658536585365854
2 0.823780487804878 0.4067073170731707 0.003658536585365854 0.003658536585365854
2 0.9121951219512195 0.4475609756097561 0.04878048780487805 0.09024390243902439
2 0.9280487804878049 0.4 0.0024390243902439024 0.0024390243902439024
2 0.9201219512195122 0.4 0.003658536585365854 0.0024390243902439024
2 0.9115853658536586 0.4 0.003658536585365854 0.0024390243902439024
2 0.9042682926829269 0.4 0.003658536585365854 0.0024390243902439024
2 0.9353658536585366 0.39939024390243905 0.0024390243902439024 0.003658536585365854
2 0.8121951219512196 0.39878048780487807 0.0024390243902439024 0.0024390243902439024
2 0.8042682926829269 0.39878048780487807 0.003658536585365854 0.0024390243902439024
2 0.7963414634146342 0.39878048780487807 0.0024390243902439024 0.0024390243902439024
2 0.7884146341463415 0.39878048780487807 0.003658536585365854 0.0024390243902439024
2 0.7798780487804878 0.3981707317073171 0.003658536585365854 0.003658536585365854
2 0.9243902439024391 0.39634146341463417 0.0024390243902439024 0.0024390243902439024
2 0.9158536585365854 0.39634146341463417 0.0024390243902439024 0.0024390243902439024
2 0.9079268292682927 0.39634146341463417 0.003658536585365854 0.0024390243902439024
2 0.9 0.39634146341463417 0.0024390243902439024 0.0024390243902439024
2 0.9317073170731708 0.3957317073170732 0.0024390243902439024 0.003658536585365854
2 0.8158536585365853 0.3951219512195122 0.0024390243902439024 0.0024390243902439024
2 0.8079268292682927 0.3951219512195122 0.003658536585365854 0.0024390243902439024
2 0.800609756097561 0.39451219512195124 0.003658536585365854 0.003658536585365854
2 0.7920731707317074 0.39451219512195124 0.003658536585365854 0.003658536585365854
2 0.7841463414634147 0.39390243902439026 0.0024390243902439024 0.0024390243902439024
2 0.776219512195122 0.39451219512195124 0.003658536585365854 0.003658536585365854
2 0.9201219512195122 0.3926829268292683 0.003658536585365854 0.0024390243902439024
2 0.9280487804878049 0.39207317073170733 0.0024390243902439024 0.003658536585365854
2 0.9121951219512195 0.39207317073170733 0.0024390243902439024 0.003658536585365854
2 0.8128048780487804 0.39146341463414636 0.003658536585365854 0.0024390243902439024
2 0.8048780487804879 0.39146341463414636 0.0024390243902439024 0.0024390243902439024
2 0.7963414634146342 0.39146341463414636 0.0024390243902439024 0.0024390243902439024
2 0.7884146341463415 0.3902439024390244 0.003658536585365854 0.0024390243902439024
2 0.7804878048780488 0.3902439024390244 0.0024390243902439024 0.0024390243902439024
2 0.9335365853658537 0.3902439024390244 0.006097560975609756 0.007317073170731708
2 0.9243902439024391 0.3884146341463415 0.0024390243902439024 0.003658536585365854
2 0.9079268292682927 0.3884146341463415 0.003658536585365854 0.003658536585365854
2 0.9024390243902439 0.3902439024390244 0.007317073170731708 0.007317073170731708
2 0.8170731707317073 0.3878048780487805 0.0024390243902439024 0.0024390243902439024
2 0.8085365853658537 0.3871951219512195 0.0024390243902439024 0.003658536585365854
2 0.800609756097561 0.3871951219512195 0.003658536585365854 0.003658536585365854
2 0.7926829268292683 0.38658536585365855 0.0024390243902439024 0.0024390243902439024
2 0.7847560975609756 0.38658536585365855 0.003658536585365854 0.0024390243902439024
2 0.776829268292683 0.38658536585365855 0.0024390243902439024 0.0024390243902439024
2 0.9365853658536586 0.3847560975609756 0.0024390243902439024 0.003658536585365854
2 0.9286585365853659 0.38414634146341464 0.003658536585365854 0.0024390243902439024
2 0.9207317073170732 0.3847560975609756 0.0024390243902439024 0.003658536585365854
2 0.9048780487804878 0.3847560975609756 0.0024390243902439024 0.003658536585365854
2 0.8128048780487804 0.38353658536585367 0.003658536585365854 0.003658536585365854
2 0.8048780487804879 0.38353658536585367 0.0024390243902439024 0.003658536585365854
2 0.7969512195121952 0.3829268292682927 0.003658536585365854 0.0024390243902439024
2 0.7890243902439025 0.3829268292682927 0.0024390243902439024 0.0024390243902439024
2 0.7810975609756098 0.3829268292682927 0.003658536585365854 0.0024390243902439024
2 0.9329268292682927 0.3804878048780488 0.0024390243902439024 0.0024390243902439024
2 0.925 0.3804878048780488 0.003658536585365854 0.0024390243902439024
2 0.9170731707317074 0.38109756097560976 0.0024390243902439024 0.003658536585365854
2 0.9128048780487805 0.3847560975609756 0.01097560975609756 0.01097560975609756
2 0.900609756097561 0.38109756097560976 0.003658536585365854 0.003658536585365854
2 0.8170731707317073 0.37926829268292683 0.0024390243902439024 0.0024390243902439024
2 0.8085365853658537 0.37926829268292683 0.0024390243902439024 0.0024390243902439024
2 0.801219512195122 0.37926829268292683 0.0024390243902439024 0.0024390243902439024
2 0.7926829268292683 0.37926829268292683 0.0024390243902439024 0.0024390243902439024
2 0.7847560975609756 0.37926829268292683 0.003658536585365854 0.0024390243902439024
2 0.776829268292683 0.37865853658536586 0.0024390243902439024 0.003658536585365854
2 0.9365853658536586 0.37682926829268293 0.0024390243902439024 0.0024390243902439024
2 0.9292682926829269 0.37682926829268293 0.0024390243902439024 0.0024390243902439024
2 0.9213414634146342 0.37682926829268293 0.003658536585365854 0.0024390243902439024
2 0.9128048780487805 0.37682926829268293 0.003658536585365854 0.0024390243902439024
2 0.9054878048780488 0.37682926829268293 0.003658536585365854 0.0024390243902439024
2 0.8134146341463414 0.375609756097561 0.0024390243902439024 0.0024390243902439024
2 0.8054878048780488 0.375609756097561 0.003658536585365854 0.0024390243902439024
2 0.7969512195121952 0.375609756097561 0.003658536585365854 0.0024390243902439024
2 0.7890243902439025 0.375609756097561 0.0024390243902439024 0.0024390243902439024
2 0.7810975609756098 0.375609756097561 0.003658536585365854 0.0024390243902439024
2 0.9329268292682927 0.37317073170731707 0.0024390243902439024 0.0024390243902439024
2 0.925 0.37317073170731707 0.003658536585365854 0.0024390243902439024
2 0.9176829268292683 0.37317073170731707 0.003658536585365854 0.0024390243902439024
2 0.9091463414634147 0.37317073170731707 0.003658536585365854 0.0024390243902439024
2 0.901219512195122 0.37317073170731707 0.0024390243902439024 0.0024390243902439024
2 0.8170731707317073 0.3719512195121951 0.0024390243902439024 0.0024390243902439024
2 0.8097560975609757 0.3719512195121951 0.0024390243902439024 0.0024390243902439024
2 0.801219512195122 0.3719512195121951 0.0024390243902439024 0.0024390243902439024
2 0.7932926829268293 0.3719512195121951 0.003658536585365854 0.0024390243902439024
2 0.7853658536585366 0.37073170731707317 0.0024390243902439024 0.0024390243902439024
2 0.7774390243902439 0.37134146341463414 0.003658536585365854 0.003658536585365854
2 0.9213414634146342 0.3695121951219512 0.003658536585365854 0.0024390243902439024
2 0.9134146341463415 0.3695121951219512 0.0024390243902439024 0.0024390243902439024
2 0.9292682926829269 0.36890243902439024 0.0024390243902439024 0.003658536585365854
2 0.8134146341463414 0.36829268292682926 0.0024390243902439024 0.0024390243902439024
2 0.8054878048780488 0.36829268292682926 0.003658536585365854 0.0024390243902439024
2 0.7975609756097561 0.36829268292682926 0.0024390243902439024 0.0024390243902439024
2 0.7896341463414634 0.3676829268292683 0.003658536585365854 0.003658536585365854
2 0.7817073170731708 0.3676829268292683 0.0024390243902439024 0.003658536585365854
2 0.9347560975609757 0.3670731707317073 0.006097560975609756 0.007317073170731708
2 0.925609756097561 0.3652439024390244 0.0024390243902439024 0.003658536585365854
2 0.9176829268292683 0.3652439024390244 0.003658536585365854 0.003658536585365854
2 0.9073170731707317 0.3670731707317073 0.007317073170731708 0.007317073170731708
2 0.901829268292683 0.3652439024390244 0.003658536585365854 0.003658536585365854
2 0.8182926829268292 0.3646341463414634 0.0024390243902439024 0.0024390243902439024
2 0.8097560975609757 0.3646341463414634 0.0024390243902439024 0.0024390243902439024
2 0.801219512195122 0.36402439024390243 0.0024390243902439024 0.003658536585365854
2 0.7939024390243903 0.36402439024390243 0.0024390243902439024 0.003658536585365854
2 0.7859756097560976 0.36402439024390243 0.003658536585365854 0.003658536585365854
2 0.7774390243902439 0.36341463414634145 0.003658536585365854 0.0024390243902439024
2 0.9378048780487804 0.36097560975609755 0.0024390243902439024 0.0024390243902439024
2 0.9298780487804879 0.3615853658536585 0.003658536585365854 0.003658536585365854
2 0.9219512195121952 0.3615853658536585 0.0024390243902439024 0.003658536585365854
2 0.9054878048780488 0.3615853658536585 0.003658536585365854 0.003658536585365854
2 0.8140243902439024 0.3603658536585366 0.003658536585365854 0.003658536585365854
2 0.8060975609756098 0.3603658536585366 0.0024390243902439024 0.003658536585365854
2 0.7975609756097561 0.3603658536585366 0.0024390243902439024 0.003658536585365854
2 0.7896341463414634 0.3597560975609756 0.003658536585365854 0.0024390243902439024
2 0.7823170731707317 0.3603658536585366 0.003658536585365854 0.003658536585365854
2 0.9341463414634147 0.3573170731707317 0.0024390243902439024 0.0024390243902439024
2 0.9182926829268293 0.3573170731707317 0.0024390243902439024 0.0024390243902439024
2 0.9121951219512195 0.3597560975609756 0.007317073170731708 0.007317073170731708
2 0.901829268292683 0.35792682926829267 0.003658536585365854 0.003658536585365854
2 0.8182926829268292 0.3567073170731707 0.0024390243902439024 0.0012195121951219512
2 0.8097560975609757 0.3567073170731707 0.0024390243902439024 0.003658536585365854
2 0.801829268292683 0.35609756097560974 0.003658536585365854 0.0024390243902439024
2 0.7939024390243903 0.35609756097560974 0.0024390243902439024 0.0024390243902439024
2 0.7859756097560976 0.35609756097560974 0.003658536585365854 0.0024390243902439024
2 0.7780487804878049 0.35609756097560974 0.0024390243902439024 0.0024390243902439024
2 0.9378048780487804 0.35365853658536583 0.0024390243902439024 0.0024390243902439024
2 0.9304878048780488 0.35365853658536583 0.0024390243902439024 0.0024390243902439024
2 0.9243902439024391 0.35609756097560974 0.007317073170731708 0.007317073170731708
2 0.9140243902439025 0.35365853658536583 0.003658536585365854 0.0024390243902439024
2 0.9067073170731708 0.3542682926829268 0.003658536585365854 0.003658536585365854
2 0.8140243902439024 0.35304878048780486 0.003658536585365854 0.003658536585365854
2 0.8060975609756098 0.3524390243902439 0.0024390243902439024 0.0024390243902439024
2 0.7981707317073171 0.3524390243902439 0.003658536585365854 0.0024390243902439024
2 0.7902439024390244 0.3524390243902439 0.0024390243902439024 0.0024390243902439024
2 0.7823170731707317 0.3524390243902439 0.003658536585365854 0.0024390243902439024
2 0.9341463414634147 0.35 0.0024390243902439024 0.0024390243902439024
2 0.926219512195122 0.35 0.003658536585365854 0.0024390243902439024
2 0.9182926829268293 0.35 0.0024390243902439024 0.0024390243902439024
2 0.9103658536585366 0.35 0.003658536585365854 0.0024390243902439024
2 0.9024390243902439 0.35 0.0024390243902439024 0.0024390243902439024
2 0.8182926829268292 0.348780487804878 0.0024390243902439024 0.0024390243902439024
2 0.8103658536585366 0.348780487804878 0.003658536585365854 0.0024390243902439024
2 0.802439024390244 0.348780487804878 0.0024390243902439024 0.0024390243902439024
2 0.7939024390243903 0.348780487804878 0.0024390243902439024 0.0024390243902439024
2 0.7865853658536586 0.348780487804878 0.0024390243902439024 0.0024390243902439024
2 0.7780487804878049 0.34817073170731705 0.0024390243902439024 0.003658536585365854
2 0.9304878048780488 0.3463414634146341 0.0024390243902439024 0.0024390243902439024
2 0.9225609756097561 0.3463414634146341 0.003658536585365854 0.0024390243902439024
2 0.9146341463414634 0.3463414634146341 0.0024390243902439024 0.0024390243902439024
2 0.9067073170731708 0.3463414634146341 0.003658536585365854 0.0024390243902439024
2 0.9378048780487804 0.34573170731707314 0.0024390243902439024 0.003658536585365854
2 0.8146341463414634 0.34512195121951217 0.0024390243902439024 0.0024390243902439024
2 0.8060975609756098 0.34512195121951217 0.0024390243902439024 0.0024390243902439024
2 0.7981707317073171 0.34512195121951217 0.003658536585365854 0.0024390243902439024
2 0.7902439024390244 0.3445121951219512 0.0024390243902439024 0.003658536585365854
2 0.7823170731707317 0.3445121951219512 0.003658536585365854 0.003658536585365854
2 0.926829268292683 0.3426829268292683 0.0024390243902439024 0.0024390243902439024
2 0.9341463414634147 0.34207317073170734 0.0024390243902439024 0.003658536585365854
2 0.9189024390243903 0.34207317073170734 0.003658536585365854 0.003658536585365854
2 0.9109756097560976 0.34207317073170734 0.0024390243902439024 0.003658536585365854
2 0.9030487804878049 0.34207317073170734 0.003658536585365854 0.003658536585365854
2 0.8182926829268292 0.34146341463414637 0.0024390243902439024 0.0024390243902439024
2 0.8103658536585366 0.3408536585365854 0.003658536585365854 0.003658536585365854
2 0.802439024390244 0.3408536585365854 0.0024390243902439024 0.003658536585365854
2 0.7945121951219513 0.3408536585365854 0.003658536585365854 0.003658536585365854
2 0.7865853658536586 0.3408536585365854 0.0024390243902439024 0.003658536585365854
2 0.7786585365853659 0.3402439024390244 0.003658536585365854 0.0024390243902439024
2 0.9390243902439024 0.3378048780487805 0.0024390243902439024 0.0024390243902439024
2 0.9304878048780488 0.3384146341463415 0.0024390243902439024 0.003658536585365854
2 0.9231707317073171 0.3384146341463415 0.0024390243902439024 0.003658536585365854
2 0.9152439024390244 0.3384146341463415 0.003658536585365854 0.003658536585365854
2 0.8146341463414634 0.3378048780487805 0.0024390243902439024 0.0024390243902439024
2 0.8067073170731708 0.33719512195121953 0.003658536585365854 0.003658536585365854
2 0.7987804878048781 0.33719512195121953 0.0024390243902439024 0.003658536585365854
2 0.7908536585365854 0.33658536585365856 0.003658536585365854 0.0024390243902439024
2 0.7829268292682927 0.33658536585365856 0.0024390243902439024 0.0024390243902439024
2 0.9353658536585366 0.33414634146341465 0.0024390243902439024 0.0024390243902439024
2 0.926829268292683 0.33414634146341465 0.0024390243902439024 0.0024390243902439024
2 0.9189024390243903 0.33414634146341465 0.003658536585365854 0.0024390243902439024
2 0.9115853658536586 0.33475609756097563 0.003658536585365854 0.003658536585365854
2 0.9048780487804878 0.33658536585365856 0.007317073170731708 0.007317073170731708
2 0.8189024390243902 0.33414634146341465 0.003658536585365854 0.0024390243902439024
2 0.8109756097560976 0.3335365853658537 0.0024390243902439024 0.003658536585365854
2 0.802439024390244 0.3329268292682927 0.0024390243902439024 0.0024390243902439024
2 0.7951219512195122 0.3329268292682927 0.0024390243902439024 0.0024390243902439024
2 0.7871951219512195 0.3329268292682927 0.003658536585365854 0.0024390243902439024
2 0.7786585365853659 0.3329268292682927 0.003658536585365854 0.0024390243902439024
2 0.8920731707317073 0.32621951219512196 0.0012195121951219512 0.0012195121951219512
2 0.8835365853658537 0.32682926829268294 0.0012195121951219512 0.0024390243902439024
2 0.875609756097561 0.32621951219512196 0.0024390243902439024 0.0012195121951219512
2 0.8676829268292683 0.32621951219512196 0.0012195121951219512 0.0012195121951219512
2 0.8591463414634146 0.32621951219512196 0.0012195121951219512 0.0012195121951219512
2 0.8512195121951219 0.325609756097561 0.0024390243902439024 0.0024390243902439024
2 0.8439024390243902 0.325609756097561 0.0024390243902439024 0.0024390243902439024
2 0.8353658536585366 0.325609756097561 0.0024390243902439024 0.0024390243902439024
2 0.8268292682926829 0.325609756097561 0.0024390243902439024 0.0024390243902439024
2 0.8963414634146342 0.3231707317073171 0.0024390243902439024 0.0024390243902439024
2 0.8878048780487805 0.3231707317073171 0.0024390243902439024 0.0024390243902439024
2 0.8792682926829268 0.3231707317073171 0.0024390243902439024 0.0024390243902439024
2 0.8719512195121951 0.3225609756097561 0.0024390243902439024 0.0012195121951219512
2 0.8634146341463415 0.32195121951219513 0.0024390243902439024 0.0024390243902439024
2 0.8554878048780488 0.32195121951219513 0.0012195121951219512 0.0024390243902439024
2 0.8475609756097561 0.32195121951219513 0.0024390243902439024 0.0024390243902439024
2 0.8390243902439024 0.32195121951219513 0.0024390243902439024 0.0024390243902439024
2 0.8317073170731707 0.32195121951219513 0.0024390243902439024 0.0024390243902439024
2 0.8914634146341464 0.3195121951219512 0.0024390243902439024 0.0024390243902439024
2 0.8841463414634146 0.3195121951219512 0.0024390243902439024 0.0024390243902439024
2 0.875609756097561 0.3182926829268293 0.0024390243902439024 0.0024390243902439024
2 0.8682926829268293 0.3182926829268293 0.0024390243902439024 0.0024390243902439024
2 0.8597560975609756 0.3182926829268293 0.0024390243902439024 0.0024390243902439024
2 0.8518292682926829 0.3182926829268293 0.0012195121951219512 0.0024390243902439024
2 0.8439024390243902 0.3182926829268293 0.0024390243902439024 0.0024390243902439024
2 0.8353658536585366 0.3182926829268293 0.0024390243902439024 0.0024390243902439024
2 0.8280487804878048 0.3182926829268293 0.0024390243902439024 0.0024390243902439024
2 0.8963414634146342 0.3146341463414634 0.0024390243902439024 0.0024390243902439024
2 0.8878048780487805 0.3146341463414634 0.0024390243902439024 0.0024390243902439024
2 0.8804878048780488 0.3146341463414634 0.0024390243902439024 0.0024390243902439024
2 0.8719512195121951 0.3146341463414634 0.0024390243902439024 0.0024390243902439024
2 0.8646341463414634 0.3146341463414634 0.0024390243902439024 0.0024390243902439024
2 0.8560975609756097 0.3146341463414634 0.0024390243902439024 0.0024390243902439024
2 0.8475609756097561 0.3146341463414634 0.0024390243902439024 0.0024390243902439024
2 0.8402439024390244 0.3146341463414634 0.0024390243902439024 0.0024390243902439024
2 0.8317073170731707 0.3146341463414634 0.0024390243902439024 0.0024390243902439024
2 0.8926829268292683 0.31097560975609756 0.0024390243902439024 0.0024390243902439024
2 0.8841463414634146 0.31097560975609756 0.0024390243902439024 0.0024390243902439024
2 0.875609756097561 0.31097560975609756 0.0024390243902439024 0.0024390243902439024
2 0.8682926829268293 0.31097560975609756 0.0024390243902439024 0.0024390243902439024
2 0.8597560975609756 0.31097560975609756 0.0024390243902439024 0.0024390243902439024
2 0.8524390243902439 0.31097560975609756 0.0024390243902439024 0.0024390243902439024
2 0.8439024390243902 0.31097560975609756 0.0024390243902439024 0.0024390243902439024
2 0.8359756097560975 0.31097560975609756 0.0012195121951219512 0.0024390243902439024
2 0.8280487804878048 0.3103658536585366 0.0024390243902439024 0.0012195121951219512
2 0.8963414634146342 0.3073170731707317 0.0024390243902439024 0.0024390243902439024
2 0.8890243902439025 0.3073170731707317 0.0024390243902439024 0.0024390243902439024
2 0.8804878048780488 0.3073170731707317 0.0024390243902439024 0.0024390243902439024
2 0.8719512195121951 0.3073170731707317 0.0024390243902439024 0.0024390243902439024
2 0.8646341463414634 0.3073170731707317 0.0024390243902439024 0.0024390243902439024
2 0.8560975609756097 0.3073170731707317 0.0024390243902439024 0.0024390243902439024
2 0.848780487804878 0.3073170731707317 0.0024390243902439024 0.0024390243902439024
2 0.8402439024390244 0.3073170731707317 0.0024390243902439024 0.0024390243902439024
2 0.8329268292682926 0.30609756097560975 0.0024390243902439024 0.0024390243902439024
2 0.8926829268292683 0.30365853658536585 0.0024390243902439024 0.0024390243902439024
2 0.8847560975609756 0.30365853658536585 0.0012195121951219512 0.0024390243902439024
2 0.8768292682926829 0.30365853658536585 0.0024390243902439024 0.0024390243902439024
2 0.8682926829268293 0.30365853658536585 0.0024390243902439024 0.0024390243902439024
2 0.8609756097560975 0.30304878048780487 0.0024390243902439024 0.0012195121951219512
2 0.8524390243902439 0.30304878048780487 0.0024390243902439024 0.0012195121951219512
2 0.8365853658536585 0.30304878048780487 0.0024390243902439024 0.0012195121951219512
2 0.8445121951219512 0.30304878048780487 0.003658536585365854 0.003658536585365854
2 0.8280487804878048 0.3024390243902439 0.0024390243902439024 0.0024390243902439024
2 0.8963414634146342 0.3 0.0024390243902439024 0.0024390243902439024
2 0.8890243902439025 0.299390243902439 0.0024390243902439024 0.0012195121951219512
2 0.8804878048780488 0.299390243902439 0.0024390243902439024 0.0012195121951219512
2 0.8731707317073171 0.29878048780487804 0.0024390243902439024 0.0024390243902439024
2 0.8646341463414634 0.29878048780487804 0.0024390243902439024 0.0024390243902439024
2 0.8567073170731707 0.29878048780487804 0.0012195121951219512 0.0024390243902439024
2 0.848780487804878 0.29878048780487804 0.0024390243902439024 0.0024390243902439024
2 0.8402439024390244 0.29878048780487804 0.0024390243902439024 0.0024390243902439024
2 0.8329268292682926 0.29878048780487804 0.0024390243902439024 0.0024390243902439024
2 0.8932926829268293 0.2951219512195122 0.003658536585365854 0.0024390243902439024
2 0.8853658536585366 0.2951219512195122 0.0024390243902439024 0.0024390243902439024
2 0.8768292682926829 0.2951219512195122 0.0024390243902439024 0.0024390243902439024
2 0.8695121951219512 0.2951219512195122 0.0024390243902439024 0.0024390243902439024
2 0.8609756097560975 0.2951219512195122 0.0024390243902439024 0.0024390243902439024
2 0.8530487804878049 0.2951219512195122 0.0012195121951219512 0.0024390243902439024
2 0.8451219512195122 0.2951219512195122 0.0024390243902439024 0.0024390243902439024
2 0.8365853658536585 0.2951219512195122 0.0024390243902439024 0.0024390243902439024
2 0.8292682926829268 0.2951219512195122 0.0024390243902439024 0.0024390243902439024
2 0.8975609756097561 0.2920731707317073 0.0024390243902439024 0.0012195121951219512
2 0.24939024390243902 0.29329268292682925 0.003658536585365854 0.003658536585365854
2 0.24085365853658536 0.2926829268292683 0.003658536585365854 0.0024390243902439024
2 0.23231707317073172 0.2926829268292683 0.003658536585365854 0.0024390243902439024
2 0.21646341463414634 0.29329268292682925 0.003658536585365854 0.003658536585365854
2 0.20914634146341463 0.2926829268292683 0.003658536585365854 0.0024390243902439024
2 0.200609756097561 0.29329268292682925 0.003658536585365854 0.003658536585365854
2 0.1926829268292683 0.2926829268292683 0.0024390243902439024 0.0024390243902439024
2 0.8890243902439025 0.2914634146341463 0.0024390243902439024 0.0024390243902439024
2 0.8810975609756098 0.2914634146341463 0.0012195121951219512 0.0024390243902439024
2 0.8731707317073171 0.2914634146341463 0.0024390243902439024 0.0024390243902439024
2 0.8646341463414634 0.2914634146341463 0.0024390243902439024 0.0024390243902439024
2 0.8573170731707317 0.2914634146341463 0.0024390243902439024 0.0024390243902439024
2 0.848780487804878 0.2914634146341463 0.0024390243902439024 0.0024390243902439024
2 0.8414634146341463 0.2914634146341463 0.0024390243902439024 0.0024390243902439024
2 0.8329268292682926 0.2914634146341463 0.0024390243902439024 0.0024390243902439024
2 0.2530487804878049 0.2890243902439024 0.003658536585365854 0.0024390243902439024
2 0.24451219512195121 0.2890243902439024 0.003658536585365854 0.0024390243902439024
2 0.23658536585365852 0.2890243902439024 0.0024390243902439024 0.0024390243902439024
2 0.22865853658536586 0.2890243902439024 0.003658536585365854 0.0024390243902439024
2 0.22073170731707317 0.2890243902439024 0.0024390243902439024 0.0024390243902439024
2 0.20426829268292682 0.2890243902439024 0.003658536585365854 0.0024390243902439024
2 0.8939024390243903 0.28780487804878047 0.0024390243902439024 0.0024390243902439024
2 0.8853658536585366 0.28780487804878047 0.0024390243902439024 0.0024390243902439024
2 0.8774390243902439 0.28780487804878047 0.0012195121951219512 0.0024390243902439024
2 0.8695121951219512 0.28780487804878047 0.0024390243902439024 0.0024390243902439024
2 0.8609756097560975 0.28780487804878047 0.0024390243902439024 0.0024390243902439024
2 0.8536585365853658 0.28780487804878047 0.0024390243902439024 0.0024390243902439024
2 0.8451219512195122 0.28780487804878047 0.0024390243902439024 0.0024390243902439024
2 0.21280487804878048 0.28841463414634144 0.003658536585365854 0.003658536585365854
2 0.8371951219512195 0.2871951219512195 0.003658536585365854 0.003658536585365854
2 0.8292682926829268 0.2865853658536585 0.0024390243902439024 0.0024390243902439024
2 0.25670731707317074 0.28536585365853656 0.003658536585365854 0.0024390243902439024
2 0.24878048780487805 0.28536585365853656 0.0024390243902439024 0.0024390243902439024
2 0.23231707317073172 0.28536585365853656 0.003658536585365854 0.0024390243902439024
2 0.225 0.28536585365853656 0.003658536585365854 0.0024390243902439024
2 0.200609756097561 0.28536585365853656 0.003658536585365854 0.0024390243902439024
2 0.8975609756097561 0.2841463414634146 0.0024390243902439024 0.0024390243902439024
2 0.8902439024390244 0.2841463414634146 0.0024390243902439024 0.0024390243902439024
2 0.8817073170731707 0.28353658536585363 0.0024390243902439024 0.0012195121951219512
2 0.8731707317073171 0.28353658536585363 0.0024390243902439024 0.0012195121951219512
2 0.8658536585365854 0.2841463414634146 0.0024390243902439024 0.0024390243902439024
2 0.8573170731707317 0.28353658536585363 0.0024390243902439024 0.0012195121951219512
2 0.8408536585365853 0.28353658536585363 0.0012195121951219512 0.0012195121951219512
2 0.24085365853658536 0.2847560975609756 0.003658536585365854 0.003658536585365854
2 0.21646341463414634 0.2847560975609756 0.003658536585365854 0.003658536585365854
2 0.20853658536585365 0.2847560975609756 0.0024390243902439024 0.003658536585365854
2 0.19390243902439025 0.2865853658536585 0.007317073170731708 0.007317073170731708
2 0.849390243902439 0.28292682926829266 0.003658536585365854 0.0024390243902439024
2 0.8329268292682926 0.28292682926829266 0.0024390243902439024 0.0024390243902439024
2 0.07621951219512195 0.2810975609756098 0.0012195121951219512 0.0012195121951219512
2 0.8939024390243903 0.27987804878048783 0.0024390243902439024 0.0012195121951219512
2 0.8621951219512195 0.27987804878048783 0.0024390243902439024 0.0012195121951219512
2 0.2530487804878049 0.2810975609756098 0.003658536585365854 0.003658536585365854
2 0.24451219512195121 0.2810975609756098 0.003658536585365854 0.003658536585365854
2 0.23658536585365852 0.2810975609756098 0.0024390243902439024 0.003658536585365854
2 0.22865853658536586 0.2810975609756098 0.003658536585365854 0.003658536585365854
2 0.2201219512195122 0.2810975609756098 0.003658536585365854 0.003658536585365854
2 0.2121951219512195 0.2810975609756098 0.0024390243902439024 0.003658536585365854
2 0.20426829268292682 0.2810975609756098 0.003658536585365854 0.003658536585365854
2 0.19634146341463415 0.2810975609756098 0.0024390243902439024 0.003658536585365854
2 0.18841463414634146 0.2810975609756098 0.003658536585365854 0.003658536585365854
2 0.8859756097560976 0.27987804878048783 0.003658536585365854 0.003658536585365854
2 0.8780487804878049 0.27987804878048783 0.0024390243902439024 0.003658536585365854
2 0.8695121951219512 0.27926829268292686 0.0024390243902439024 0.0024390243902439024
2 0.8536585365853658 0.27926829268292686 0.0024390243902439024 0.0024390243902439024
2 0.8457317073170731 0.27926829268292686 0.0012195121951219512 0.0024390243902439024
2 0.8378048780487805 0.27926829268292686 0.0024390243902439024 0.0024390243902439024
2 0.8292682926829268 0.27926829268292686 0.0024390243902439024 0.0024390243902439024
2 0.8987804878048781 0.27682926829268295 0.0024390243902439024 0.0024390243902439024
2 0.8902439024390244 0.276219512195122 0.0024390243902439024 0.0012195121951219512
2 0.25670731707317074 0.2774390243902439 0.003658536585365854 0.003658536585365854
2 0.24817073170731707 0.2774390243902439 0.003658536585365854 0.003658536585365854
2 0.24085365853658536 0.2774390243902439 0.003658536585365854 0.003658536585365854
2 0.23231707317073172 0.2774390243902439 0.003658536585365854 0.003658536585365854
2 0.22378048780487805 0.2774390243902439 0.003658536585365854 0.003658536585365854
2 0.21646341463414634 0.2774390243902439 0.003658536585365854 0.003658536585365854
2 0.20792682926829267 0.2774390243902439 0.003658536585365854 0.003658536585365854
2 0.200609756097561 0.2774390243902439 0.003658536585365854 0.003658536585365854
2 0.19207317073170732 0.2774390243902439 0.003658536585365854 0.003658536585365854
2 0.8817073170731707 0.275609756097561 0.0024390243902439024 0.0024390243902439024
2 0.874390243902439 0.275609756097561 0.0024390243902439024 0.0024390243902439024
2 0.8658536585365854 0.275609756097561 0.0024390243902439024 0.0024390243902439024
2 0.8573170731707317 0.275609756097561 0.0024390243902439024 0.0024390243902439024
2 0.85 0.275609756097561 0.0024390243902439024 0.0024390243902439024
2 0.8420731707317073 0.275609756097561 0.0012195121951219512 0.0024390243902439024
2 0.8341463414634146 0.275609756097561 0.0024390243902439024 0.0024390243902439024
2 0.2524390243902439 0.27378048780487807 0.0024390243902439024 0.003658536585365854
2 0.24451219512195121 0.27378048780487807 0.003658536585365854 0.003658536585365854
2 0.23658536585365852 0.27378048780487807 0.0024390243902439024 0.003658536585365854
2 0.22865853658536586 0.27378048780487807 0.003658536585365854 0.003658536585365854
2 0.2201219512195122 0.2731707317073171 0.003658536585365854 0.0024390243902439024
2 0.2121951219512195 0.2731707317073171 0.0024390243902439024 0.0024390243902439024
2 0.20426829268292682 0.2731707317073171 0.003658536585365854 0.0024390243902439024
2 0.19573170731707318 0.27378048780487807 0.003658536585365854 0.003658536585365854
2 0.18841463414634146 0.27378048780487807 0.003658536585365854 0.003658536585365854
2 0.8945121951219512 0.27195121951219514 0.0012195121951219512 0.0024390243902439024
2 0.8865853658536585 0.27195121951219514 0.0024390243902439024 0.0024390243902439024
2 0.8786585365853659 0.27195121951219514 0.0012195121951219512 0.0024390243902439024
2 0.8707317073170732 0.27195121951219514 0.0024390243902439024 0.0024390243902439024
2 0.8621951219512195 0.27195121951219514 0.0024390243902439024 0.0024390243902439024
2 0.8536585365853658 0.27195121951219514 0.0024390243902439024 0.0024390243902439024
2 0.8463414634146341 0.27195121951219514 0.0024390243902439024 0.0024390243902439024
2 0.8378048780487805 0.27195121951219514 0.0024390243902439024 0.0024390243902439024
2 0.8292682926829268 0.27195121951219514 0.0024390243902439024 0.0024390243902439024
2 0.25670731707317074 0.26951219512195124 0.003658536585365854 0.0024390243902439024
2 0.24817073170731707 0.26951219512195124 0.003658536585365854 0.0024390243902439024
2 0.24024390243902438 0.26951219512195124 0.0024390243902439024 0.0024390243902439024
2 0.23231707317073172 0.26951219512195124 0.003658536585365854 0.0024390243902439024
2 0.22439024390243903 0.26951219512195124 0.0024390243902439024 0.0024390243902439024
2 0.21585365853658536 0.26951219512195124 0.0024390243902439024 0.0024390243902439024
2 0.20792682926829267 0.26951219512195124 0.003658536585365854 0.0024390243902439024
2 0.2 0.26951219512195124 0.0024390243902439024 0.0024390243902439024
2 0.19207317073170732 0.26951219512195124 0.003658536585365854 0.0024390243902439024
2 0.8987804878048781 0.2682926829268293 0.0024390243902439024 0.0024390243902439024
2 0.8902439024390244 0.2682926829268293 0.0024390243902439024 0.0024390243902439024
2 0.8829268292682927 0.2682926829268293 0.0024390243902439024 0.0024390243902439024
2 0.874390243902439 0.2676829268292683 0.0024390243902439024 0.0012195121951219512
2 0.8658536585365854 0.2682926829268293 0.0024390243902439024 0.0024390243902439024
2 0.8585365853658536 0.2682926829268293 0.0024390243902439024 0.0024390243902439024
2 0.85 0.2682926829268293 0.0024390243902439024 0.0024390243902439024
2 0.8420731707317073 0.2676829268292683 0.003658536585365854 0.003658536585365854
2 0.8341463414634146 0.2676829268292683 0.0024390243902439024 0.003658536585365854
2 0.2524390243902439 0.2658536585365854 0.0024390243902439024 0.0024390243902439024
2 0.24451219512195121 0.2658536585365854 0.003658536585365854 0.0024390243902439024
2 0.23597560975609755 0.2658536585365854 0.003658536585365854 0.0024390243902439024
2 0.2280487804878049 0.2658536585365854 0.0024390243902439024 0.0024390243902439024
2 0.19573170731707318 0.2658536585365854 0.003658536585365854 0.0024390243902439024
2 0.8951219512195122 0.2646341463414634 0.0024390243902439024 0.0024390243902439024
2 0.8865853658536585 0.2646341463414634 0.0024390243902439024 0.0024390243902439024
2 0.8780487804878049 0.2646341463414634 0.0024390243902439024 0.0024390243902439024
2 0.8707317073170732 0.2646341463414634 0.0024390243902439024 0.0024390243902439024
2 0.8621951219512195 0.26402439024390245 0.0024390243902439024 0.0012195121951219512
2 0.2201219512195122 0.2652439024390244 0.003658536585365854 0.003658536585365854
2 0.21158536585365853 0.2652439024390244 0.003658536585365854 0.003658536585365854
2 0.20426829268292682 0.2652439024390244 0.003658536585365854 0.003658536585365854
2 0.8548780487804878 0.2634146341463415 0.0024390243902439024 0.0024390243902439024
2 0.8463414634146341 0.2634146341463415 0.0024390243902439024 0.0024390243902439024
2 0.8384146341463414 0.2634146341463415 0.003658536585365854 0.0024390243902439024
2 0.8298780487804878 0.26402439024390245 0.003658536585365854 0.003658536585365854
2 0.8987804878048781 0.26097560975609757 0.0024390243902439024 0.0024390243902439024
2 0.874390243902439 0.2603658536585366 0.0024390243902439024 0.0012195121951219512
2 0.8585365853658536 0.2603658536585366 0.0024390243902439024 0.0012195121951219512
2 0.24024390243902438 0.26158536585365855 0.0024390243902439024 0.003658536585365854
2 0.22378048780487805 0.26158536585365855 0.003658536585365854 0.003658536585365854
2 0.21646341463414634 0.26158536585365855 0.003658536585365854 0.003658536585365854
2 0.20792682926829267 0.26158536585365855 0.003658536585365854 0.003658536585365854
2 0.19939024390243903 0.26158536585365855 0.003658536585365854 0.003658536585365854
2 0.19207317073170732 0.26158536585365855 0.003658536585365854 0.003658536585365854
2 0.8902439024390244 0.2603658536585366 0.0024390243902439024 0.003658536585365854
2 0.8829268292682927 0.2597560975609756 0.0024390243902439024 0.0024390243902439024
2 0.8664634146341463 0.2597560975609756 0.003658536585365854 0.0024390243902439024
2 0.85 0.2597560975609756 0.0024390243902439024 0.0024390243902439024
2 0.8426829268292683 0.2597560975609756 0.0024390243902439024 0.0024390243902439024
2 0.8341463414634146 0.2597560975609756 0.0024390243902439024 0.0024390243902439024
2 0.8951219512195122 0.25670731707317074 0.0024390243902439024 0.0012195121951219512
2 0.8707317073170732 0.25670731707317074 0.0024390243902439024 0.0012195121951219512
2 0.2524390243902439 0.2579268292682927 0.0024390243902439024 0.003658536585365854
2 0.24634146341463414 0.2597560975609756 0.007317073170731708 0.007317073170731708
2 0.23414634146341465 0.2597560975609756 0.007317073170731708 0.007317073170731708
2 0.2280487804878049 0.2579268292682927 0.0024390243902439024 0.003658536585365854
2 0.2201219512195122 0.2579268292682927 0.003658536585365854 0.003658536585365854
2 0.21158536585365853 0.2579268292682927 0.003658536585365854 0.003658536585365854
2 0.20426829268292682 0.2579268292682927 0.003658536585365854 0.003658536585365854
2 0.19573170731707318 0.2579268292682927 0.003658536585365854 0.003658536585365854
2 0.1871951219512195 0.2579268292682927 0.003658536585365854 0.003658536585365854
2 0.09085365853658536 0.2579268292682927 0.003658536585365854 0.003658536585365854
2 0.8865853658536585 0.25609756097560976 0.0024390243902439024 0.0024390243902439024
2 0.8792682926829268 0.25609756097560976 0.0024390243902439024 0.0024390243902439024
2 0.8628048780487805 0.25609756097560976 0.003658536585365854 0.0024390243902439024
2 0.8548780487804878 0.25609756097560976 0.0024390243902439024 0.0024390243902439024
2 0.8463414634146341 0.25609756097560976 0.0024390243902439024 0.0024390243902439024
2 0.8390243902439024 0.25609756097560976 0.0024390243902439024 0.0024390243902439024
2 0.8304878048780487 0.25609756097560976 0.0024390243902439024 0.0024390243902439024
2 0.8914634146341464 0.2530487804878049 0.0024390243902439024 0.0012195121951219512
2 0.25670731707317074 0.25426829268292683 0.003658536585365854 0.003658536585365854
2 0.24817073170731707 0.25426829268292683 0.003658536585365854 0.003658536585365854
2 0.2396341463414634 0.25426829268292683 0.003658536585365854 0.003658536585365854
2 0.23170731707317074 0.25365853658536586 0.0024390243902439024 0.0024390243902439024
2 0.22378048780487805 0.25426829268292683 0.003658536585365854 0.003658536585365854
2 0.2152439024390244 0.25365853658536586 0.003658536585365854 0.0024390243902439024
2 0.20792682926829267 0.25365853658536586 0.003658536585365854 0.0024390243902439024
2 0.19939024390243903 0.25426829268292683 0.003658536585365854 0.003658536585365854
2 0.19146341463414634 0.25365853658536586 0.0024390243902439024 0.0024390243902439024
2 0.899390243902439 0.2524390243902439 0.0012195121951219512 0.0024390243902439024
2 0.8829268292682927 0.2524390243902439 0.0024390243902439024 0.0024390243902439024
2 0.875 0.2524390243902439 0.003658536585365854 0.0024390243902439024
2 0.8670731707317073 0.2524390243902439 0.0024390243902439024 0.0024390243902439024
2 0.8585365853658536 0.2524390243902439 0.0024390243902439024 0.0024390243902439024
2 0.8512195121951219 0.2524390243902439 0.0024390243902439024 0.0024390243902439024
2 0.8426829268292683 0.2524390243902439 0.0024390243902439024 0.0024390243902439024
2 0.8341463414634146 0.2524390243902439 0.0024390243902439024 0.0024390243902439024
2 0.09451219512195122 0.2530487804878049 0.003658536585365854 0.003658536585365854
2 0.25182926829268293 0.25 0.003658536585365854 0.0024390243902439024
2 0.24390243902439024 0.25 0.0024390243902439024 0.0024390243902439024
2 0.23597560975609755 0.25 0.003658536585365854 0.0024390243902439024
2 0.2274390243902439 0.25 0.003658536585365854 0.0024390243902439024
2 0.2201219512195122 0.25 0.003658536585365854 0.0024390243902439024
2 0.21158536585365853 0.25 0.003658536585365854 0.0024390243902439024
2 0.2030487804878049 0.25 0.003658536585365854 0.0024390243902439024
2 0.19573170731707318 0.25 0.003658536585365854 0.0024390243902439024
2 0.9219512195121952 0.2896341463414634 0.046341463414634146 0.08414634146341464
2 0.1871951219512195 0.24939024390243902 0.003658536585365854 0.003658536585365854
2 0.08963414634146341 0.24939024390243902 0.003658536585365854 0.003658536585365854
2 0.0798780487804878 0.25182926829268293 0.00853658536585366 0.00853658536585366
2 0.2554878048780488 0.24634146341463414 0.003658536585365854 0.0024390243902439024
2 0.24817073170731707 0.24634146341463414 0.003658536585365854 0.0024390243902439024
2 0.21585365853658536 0.24634146341463414 0.0024390243902439024 0.0024390243902439024
2 0.19939024390243903 0.24634146341463414 0.003658536585365854 0.0024390243902439024
2 0.19146341463414634 0.24634146341463414 0.0024390243902439024 0.0024390243902439024
2 0.9439024390243902 0.2451219512195122 0.0024390243902439024 0.0024390243902439024
2 0.9359756097560976 0.2451219512195122 0.003658536585365854 0.0024390243902439024
2 0.2396341463414634 0.24573170731707317 0.003658536585365854 0.003658536585365854
2 0.23170731707317074 0.24573170731707317 0.0024390243902439024 0.003658536585365854
2 0.22378048780487805 0.24573170731707317 0.003658536585365854 0.003658536585365854
2 0.20792682926829267 0.24573170731707317 0.003658536585365854 0.003658536585365854
2 0.09390243902439024 0.24573170731707317 0.0024390243902439024 0.003658536585365854
2 0.08597560975609755 0.24573170731707317 0.003658536585365854 0.003658536585365854
2 0.0774390243902439 0.24573170731707317 0.003658536585365854 0.003658536585365854
2 0.9280487804878049 0.24451219512195121 0.0024390243902439024 0.003658536585365854
2 0.9201219512195122 0.24451219512195121 0.003658536585365854 0.003658536585365854
2 0.9115853658536586 0.24451219512195121 0.003658536585365854 0.003658536585365854
2 0.8189024390243902 0.24390243902439024 0.003658536585365854 0.0024390243902439024
2 0.8103658536585366 0.24390243902439024 0.003658536585365854 0.0024390243902439024
2 0.8030487804878049 0.24329268292682926 0.003658536585365854 0.003658536585365854
2 0.7945121951219513 0.24329268292682926 0.003658536585365854 0.003658536585365854
2 0.7865853658536586 0.24329268292682926 0.0024390243902439024 0.003658536585365854
2 0.9402439024390243 0.24085365853658536 0.0024390243902439024 0.003658536585365854
2 0.9323170731707318 0.24085365853658536 0.003658536585365854 0.003658536585365854
2 0.9237804878048781 0.24085365853658536 0.003658536585365854 0.003658536585365854
2 0.9164634146341464 0.24085365853658536 0.003658536585365854 0.003658536585365854
2 0.9079268292682927 0.24085365853658536 0.003658536585365854 0.003658536585365854
2 0.823170731707317 0.24024390243902438 0.0024390243902439024 0.0024390243902439024
2 0.8146341463414634 0.24024390243902438 0.0024390243902439024 0.0024390243902439024
2 0.8067073170731708 0.2396341463414634 0.003658536585365854 0.003658536585365854
2 0.7987804878048781 0.2396341463414634 0.0024390243902439024 0.003658536585365854
2 0.7908536585365854 0.2396341463414634 0.003658536585365854 0.003658536585365854
2 0.7823170731707317 0.2396341463414634 0.003658536585365854 0.003658536585365854
2 0.16707317073170733 0.23902439024390243 0.0024390243902439024 0.0024390243902439024
2 0.175 0.23841463414634145 0.003658536585365854 0.003658536585365854
2 0.10182926829268292 0.23841463414634145 0.003658536585365854 0.003658536585365854
2 0.9439024390243902 0.23658536585365852 0.0024390243902439024 0.0024390243902439024
2 0.9365853658536586 0.2371951219512195 0.0024390243902439024 0.003658536585365854
2 0.9286585365853659 0.2371951219512195 0.003658536585365854 0.003658536585365854
2 0.9201219512195122 0.2371951219512195 0.003658536585365854 0.003658536585365854
2 0.9121951219512195 0.2371951219512195 0.0024390243902439024 0.003658536585365854
2 0.8195121951219512 0.23597560975609755 0.0024390243902439024 0.003658536585365854
2 0.8115853658536586 0.23597560975609755 0.003658536585365854 0.003658536585365854
2 0.8030487804878049 0.23597560975609755 0.003658536585365854 0.003658536585365854
2 0.7945121951219513 0.23597560975609755 0.003658536585365854 0.003658536585365854
2 0.7865853658536586 0.23536585365853657 0.0024390243902439024 0.0024390243902439024
2 0.17865853658536585 0.2347560975609756 0.003658536585365854 0.003658536585365854
2 0.9408536585365853 0.2329268292682927 0.003658536585365854 0.0024390243902439024
2 0.9323170731707318 0.2329268292682927 0.003658536585365854 0.0024390243902439024
2 0.9243902439024391 0.2329268292682927 0.0024390243902439024 0.0024390243902439024
2 0.9164634146341464 0.2329268292682927 0.003658536585365854 0.0024390243902439024
2 0.9085365853658537 0.2329268292682927 0.0024390243902439024 0.0024390243902439024
2 0.823170731707317 0.23231707317073172 0.0024390243902439024 0.003658536585365854
2 0.8152439024390243 0.23231707317073172 0.003658536585365854 0.003658536585365854
2 0.8073170731707318 0.23170731707317074 0.0024390243902439024 0.0024390243902439024
2 0.7987804878048781 0.23170731707317074 0.0024390243902439024 0.0024390243902439024
2 0.7914634146341464 0.23170731707317074 0.0024390243902439024 0.0024390243902439024
2 0.7829268292682927 0.23170731707317074 0.0024390243902439024 0.0024390243902439024
2 0.9445121951219512 0.22926829268292684 0.0012195121951219512 0.0024390243902439024
2 0.9371951219512196 0.22926829268292684 0.003658536585365854 0.0024390243902439024
2 0.9286585365853659 0.22926829268292684 0.003658536585365854 0.0024390243902439024
2 0.9128048780487805 0.22926829268292684 0.003658536585365854 0.0024390243902439024
2 0.9207317073170732 0.22865853658536586 0.0024390243902439024 0.003658536585365854
2 0.8195121951219512 0.2280487804878049 0.0024390243902439024 0.0024390243902439024
2 0.8115853658536586 0.2280487804878049 0.003658536585365854 0.0024390243902439024
2 0.8030487804878049 0.2280487804878049 0.003658536585365854 0.0024390243902439024
2 0.7951219512195122 0.2280487804878049 0.0024390243902439024 0.0024390243902439024
2 0.7865853658536586 0.2280487804878049 0.0024390243902439024 0.0024390243902439024
2 0.10792682926829268 0.2304878048780488 0.015853658536585366 0.012195121951219513
2 0.9414634146341463 0.225 0.0024390243902439024 0.003658536585365854
2 0.9329268292682927 0.225 0.0024390243902439024 0.003658536585365854
2 0.925 0.225 0.003658536585365854 0.003658536585365854
2 0.9170731707317074 0.225 0.0024390243902439024 0.003658536585365854
2 0.9085365853658537 0.225 0.0024390243902439024 0.003658536585365854
2 0.824390243902439 0.22439024390243903 0.0024390243902439024 0.0024390243902439024
2 0.8158536585365853 0.22439024390243903 0.0024390243902439024 0.0024390243902439024
2 0.8073170731707318 0.22378048780487805 0.0024390243902439024 0.003658536585365854
2 0.7993902439024391 0.22378048780487805 0.003658536585365854 0.003658536585365854
2 0.7914634146341464 0.22378048780487805 0.0024390243902439024 0.003658536585365854
2 0.7829268292682927 0.22378048780487805 0.0024390243902439024 0.003658536585365854
2 0.10182926829268292 0.2225609756097561 0.0012195121951219512 0.0012195121951219512
2 0.9451219512195121 0.22134146341463415 0.0024390243902439024 0.003658536585365854
2 0.9371951219512196 0.22134146341463415 0.003658536585365854 0.003658536585365854
2 0.9292682926829269 0.22134146341463415 0.0024390243902439024 0.003658536585365854
2 0.9213414634146342 0.22134146341463415 0.003658536585365854 0.003658536585365854
2 0.9128048780487805 0.22134146341463415 0.003658536585365854 0.003658536585365854
2 0.8195121951219512 0.22073170731707317 0.0024390243902439024 0.0024390243902439024
2 0.8115853658536586 0.2201219512195122 0.003658536585365854 0.003658536585365854
2 0.8036585365853659 0.2201219512195122 0.0024390243902439024 0.003658536585365854
2 0.7957317073170732 0.2201219512195122 0.003658536585365854 0.003658536585365854
2 0.7871951219512195 0.21951219512195122 0.003658536585365854 0.0024390243902439024
2 0.9420731707317073 0.21707317073170732 0.003658536585365854 0.0024390243902439024
2 0.9335365853658537 0.21707317073170732 0.003658536585365854 0.0024390243902439024
2 0.925609756097561 0.21707317073170732 0.0024390243902439024 0.0024390243902439024
2 0.9176829268292683 0.2176829268292683 0.003658536585365854 0.003658536585365854
2 0.9091463414634147 0.21707317073170732 0.003658536585365854 0.0024390243902439024
2 0.824390243902439 0.21646341463414634 0.0024390243902439024 0.003658536585365854
2 0.8158536585365853 0.21585365853658536 0.0024390243902439024 0.0024390243902439024
2 0.8079268292682927 0.21585365853658536 0.003658536585365854 0.0024390243902439024
2 0.8 0.21585365853658536 0.0024390243902439024 0.0024390243902439024
2 0.7920731707317074 0.21585365853658536 0.003658536585365854 0.0024390243902439024
2 0.7835365853658537 0.21585365853658536 0.003658536585365854 0.0024390243902439024
2 0.9451219512195121 0.21341463414634146 0.0024390243902439024 0.0024390243902439024
2 0.9378048780487804 0.21341463414634146 0.0024390243902439024 0.0024390243902439024
2 0.9298780487804879 0.21341463414634146 0.003658536585365854 0.0024390243902439024
2 0.9213414634146342 0.21341463414634146 0.003658536585365854 0.0024390243902439024
2 0.9134146341463415 0.21341463414634146 0.0024390243902439024 0.0024390243902439024
2 0.8195121951219512 0.2121951219512195 0.0024390243902439024 0.0024390243902439024
2 0.8121951219512196 0.2121951219512195 0.0024390243902439024 0.0024390243902439024
2 0.8036585365853659 0.2121951219512195 0.0024390243902439024 0.0024390243902439024
2 0.7957317073170732 0.2121951219512195 0.003658536585365854 0.0024390243902439024
2 0.7878048780487805 0.21158536585365853 0.0024390243902439024 0.003658536585365854
2 0.925609756097561 0.2097560975609756 0.0024390243902439024 0.0024390243902439024
2 0.9420731707317073 0.20914634146341463 0.003658536585365854 0.003658536585365854
2 0.9341463414634147 0.20914634146341463 0.0024390243902439024 0.003658536585365854
2 0.9176829268292683 0.20914634146341463 0.003658536585365854 0.003658536585365854
2 0.9097560975609756 0.20914634146341463 0.0024390243902439024 0.003658536585365854
2 0.824390243902439 0.20853658536585365 0.0024390243902439024 0.0024390243902439024
2 0.8164634146341463 0.20853658536585365 0.003658536585365854 0.0024390243902439024
2 0.8085365853658537 0.20853658536585365 0.0024390243902439024 0.0024390243902439024
2 0.8 0.20853658536585365 0.0024390243902439024 0.0024390243902439024
2 0.7920731707317074 0.20792682926829267 0.003658536585365854 0.003658536585365854
2 0.7835365853658537 0.20792682926829267 0.003658536585365854 0.003658536585365854
2 0.9463414634146341 0.20548780487804877 0.0024390243902439024 0.003658536585365854
2 0.9378048780487804 0.2048780487804878 0.0024390243902439024 0.0024390243902439024
2 0.9298780487804879 0.20548780487804877 0.003658536585365854 0.003658536585365854
2 0.9219512195121952 0.20548780487804877 0.0024390243902439024 0.003658536585365854
2 0.8207317073170731 0.2048780487804878 0.0024390243902439024 0.0024390243902439024
2 0.8121951219512196 0.2048780487804878 0.0024390243902439024 0.0024390243902439024
2 0.8042682926829269 0.20426829268292682 0.003658536585365854 0.003658536585365854
2 0.7963414634146342 0.20365853658536584 0.0024390243902439024 0.0024390243902439024
2 0.7878048780487805 0.20426829268292682 0.0024390243902439024 0.003658536585365854
2 0.9420731707317073 0.20182926829268294 0.003658536585365854 0.003658536585365854
2 0.9341463414634147 0.20121951219512196 0.0024390243902439024 0.0024390243902439024
2 0.926219512195122 0.20121951219512196 0.003658536585365854 0.0024390243902439024
2 0.9182926829268293 0.20121951219512196 0.0024390243902439024 0.0024390243902439024
2 0.9121951219512195 0.20365853658536584 0.007317073170731708 0.007317073170731708
2 0.8085365853658537 0.200609756097561 0.0024390243902439024 0.0012195121951219512
2 0.825 0.200609756097561 0.003658536585365854 0.003658536585365854
2 0.8164634146341463 0.200609756097561 0.003658536585365854 0.003658536585365854
2 0.800609756097561 0.2 0.003658536585365854 0.0024390243902439024
2 0.7920731707317074 0.2 0.003658536585365854 0.0024390243902439024
2 0.7841463414634147 0.2 0.0024390243902439024 0.0024390243902439024
2 0.9390243902439024 0.1975609756097561 0.0024390243902439024 0.0024390243902439024
2 0.9304878048780488 0.1975609756097561 0.0024390243902439024 0.0024390243902439024
2 0.9225609756097561 0.1975609756097561 0.003658536585365854 0.0024390243902439024
2 0.9140243902439025 0.1975609756097561 0.003658536585365854 0.0024390243902439024
2 0.9463414634146341 0.19695121951219513 0.0024390243902439024 0.003658536585365854
2 0.8213414634146341 0.19695121951219513 0.003658536585365854 0.003658536585365854
2 0.8128048780487804 0.19634146341463415 0.003658536585365854 0.0024390243902439024
2 0.8048780487804879 0.19634146341463415 0.0024390243902439024 0.0024390243902439024
2 0.7963414634146342 0.19634146341463415 0.0024390243902439024 0.0024390243902439024
2 0.7884146341463415 0.19573170731707318 0.003658536585365854 0.003658536585365854
2 0.9426829268292682 0.19329268292682927 0.0024390243902439024 0.003658536585365854
2 0.9347560975609757 0.19329268292682927 0.003658536585365854 0.003658536585365854
2 0.926829268292683 0.19329268292682927 0.0024390243902439024 0.003658536585365854
2 0.9189024390243903 0.19329268292682927 0.003658536585365854 0.003658536585365854
2 0.9103658536585366 0.19329268292682927 0.003658536585365854 0.003658536585365854
2 0.825 0.1926829268292683 0.003658536585365854 0.0024390243902439024
2 0.8170731707317073 0.1926829268292683 0.0024390243902439024 0.0024390243902439024
2 0.8085365853658537 0.1926829268292683 0.0024390243902439024 0.0024390243902439024
2 0.800609756097561 0.19207317073170732 0.003658536585365854 0.003658536585365854
2 0.7920731707317074 0.19207317073170732 0.003658536585365854 0.003658536585365854
2 0.7847560975609756 0.19207317073170732 0.003658536585365854 0.003658536585365854
2 0.30060975609756097 0.19146341463414634 0.0012195121951219512 0.0024390243902439024
2 0.9463414634146341 0.18963414634146342 0.0024390243902439024 0.0012195121951219512
2 0.9390243902439024 0.18902439024390244 0.0024390243902439024 0.0024390243902439024
2 0.9310975609756098 0.18963414634146342 0.003658536585365854 0.003658536585365854
2 0.9225609756097561 0.18963414634146342 0.003658536585365854 0.003658536585365854
2 0.9146341463414634 0.18963414634146342 0.0024390243902439024 0.003658536585365854
2 0.8213414634146341 0.18902439024390244 0.003658536585365854 0.0024390243902439024
2 0.8128048780487804 0.18841463414634146 0.003658536585365854 0.003658536585365854
2 0.8048780487804879 0.18841463414634146 0.0024390243902439024 0.003658536585365854
2 0.7963414634146342 0.1878048780487805 0.0024390243902439024 0.0024390243902439024
2 0.7884146341463415 0.18841463414634146 0.003658536585365854 0.003658536585365854
2 0.10426829268292682 0.18658536585365854 0.003658536585365854 0.0024390243902439024
2 0.9432926829268292 0.18597560975609756 0.003658536585365854 0.003658536585365854
2 0.9353658536585366 0.18536585365853658 0.0024390243902439024 0.0024390243902439024
2 0.926829268292683 0.18597560975609756 0.0024390243902439024 0.003658536585365854
2 0.9189024390243903 0.18536585365853658 0.003658536585365854 0.0024390243902439024
2 0.9115853658536586 0.18597560975609756 0.003658536585365854 0.003658536585365854
2 0.8256097560975609 0.1847560975609756 0.0024390243902439024 0.0012195121951219512
2 0.8176829268292682 0.1847560975609756 0.003658536585365854 0.003658536585365854
2 0.8091463414634147 0.1847560975609756 0.003658536585365854 0.003658536585365854
2 0.801219512195122 0.18414634146341463 0.0024390243902439024 0.0024390243902439024
2 0.7926829268292683 0.18414634146341463 0.0024390243902439024 0.0024390243902439024
2 0.7853658536585366 0.18414634146341463 0.0024390243902439024 0.0024390243902439024
2 0.10792682926829268 0.18292682926829268 0.003658536585365854 0.0024390243902439024
2 0.9469512195121951 0.18170731707317073 0.0012195121951219512 0.0024390243902439024
2 0.9390243902439024 0.18170731707317073 0.0024390243902439024 0.0024390243902439024
2 0.9317073170731708 0.18170731707317073 0.0024390243902439024 0.0024390243902439024
2 0.9231707317073171 0.18170731707317073 0.0024390243902439024 0.0024390243902439024
2 0.09939024390243903 0.1823170731707317 0.003658536585365854 0.003658536585365854
2 0.8219512195121951 0.18109756097560975 0.0024390243902439024 0.003658536585365854
2 0.8134146341463414 0.18048780487804877 0.0024390243902439024 0.0024390243902439024
2 0.8054878048780488 0.18048780487804877 0.003658536585365854 0.0024390243902439024
2 0.7969512195121952 0.18048780487804877 0.003658536585365854 0.0024390243902439024
2 0.7890243902439025 0.1798780487804878 0.0024390243902439024 0.003658536585365854
2 0.30304878048780487 0.1798780487804878 0.003658536585365854 0.003658536585365854
2 0.17804878048780487 0.17865853658536585 0.0024390243902439024 0.0012195121951219512
2 0.9134146341463415 0.1798780487804878 0.007317073170731708 0.006097560975609756
2 0.10426829268292682 0.17865853658536585 0.003658536585365854 0.003658536585365854
2 0.9439024390243902 0.1774390243902439 0.0024390243902439024 0.003658536585365854
2 0.9359756097560976 0.1774390243902439 0.003658536585365854 0.003658536585365854
2 0.927439024390244 0.1774390243902439 0.003658536585365854 0.003658536585365854
2 0.9195121951219513 0.1774390243902439 0.0024390243902439024 0.003658536585365854
2 0.8256097560975609 0.17682926829268292 0.0024390243902439024 0.0024390243902439024
2 0.8176829268292682 0.17682926829268292 0.003658536585365854 0.0024390243902439024
2 0.8097560975609757 0.17682926829268292 0.0024390243902439024 0.0024390243902439024
2 0.801829268292683 0.17682926829268292 0.003658536585365854 0.0024390243902439024
2 0.7932926829268293 0.17621951219512194 0.003658536585365854 0.003658536585365854
2 0.7853658536585366 0.17621951219512194 0.0024390243902439024 0.003658536585365854
2 0.17317073170731706 0.175 0.0024390243902439024 0.0012195121951219512
2 0.11585365853658537 0.175 0.0024390243902439024 0.003658536585365854
2 0.09939024390243903 0.175 0.003658536585365854 0.003658536585365854
2 0.1701219512195122 0.17134146341463416 0.0012195121951219512 0.0012195121951219512
2 0.17682926829268292 0.17134146341463416 0.0024390243902439024 0.003658536585365854
2 0.12012195121951219 0.17073170731707318 0.003658536585365854 0.0024390243902439024
2 0.10304878048780487 0.17134146341463416 0.003658536585365854 0.003658536585365854
2 0.9036585365853659 0.16951219512195123 0.0024390243902439024 0.0024390243902439024
2 0.8548780487804878 0.16890243902439026 0.0024390243902439024 0.003658536585365854
2 0.8463414634146341 0.16890243902439026 0.0024390243902439024 0.003658536585365854
2 0.8384146341463414 0.16890243902439026 0.003658536585365854 0.003658536585365854
2 0.899390243902439 0.1652439024390244 0.003658536585365854 0.003658536585365854
2 0.8774390243902439 0.18902439024390244 0.05 0.05121951219512195
2 0.8591463414634146 0.1652439024390244 0.003658536585365854 0.003658536585365854
2 0.850609756097561 0.1652439024390244 0.003658536585365854 0.003658536585365854
2 0.8420731707317073 0.1652439024390244 0.003658536585365854 0.003658536585365854
2 0.8347560975609756 0.1652439024390244 0.003658536585365854 0.003658536585365854
2 0.22987804878048781 0.16341463414634147 0.003658536585365854 0.0024390243902439024
2 0.22134146341463415 0.16402439024390245 0.003658536585365854 0.003658536585365854
2 0.9042682926829269 0.16158536585365854 0.003658536585365854 0.003658536585365854
2 0.8957317073170732 0.16158536585365854 0.003658536585365854 0.003658536585365854
2 0.8878048780487805 0.16158536585365854 0.0024390243902439024 0.003658536585365854
2 0.8798780487804878 0.16158536585365854 0.003658536585365854 0.003658536585365854
2 0.8713414634146341 0.16158536585365854 0.003658536585365854 0.003658536585365854
2 0.8634146341463415 0.16097560975609757 0.0024390243902439024 0.0024390243902439024
2 0.8554878048780488 0.16158536585365854 0.003658536585365854 0.003658536585365854
2 0.8469512195121951 0.16097560975609757 0.003658536585365854 0.0024390243902439024
2 0.8384146341463414 0.16097560975609757 0.003658536585365854 0.0024390243902439024
2 0.1445121951219512 0.19878048780487806 0.12804878048780488 0.08048780487804878
2 0.9 0.1573170731707317 0.0024390243902439024 0.0024390243902439024
2 0.8920731707317073 0.1573170731707317 0.003658536585365854 0.0024390243902439024
2 0.8835365853658537 0.1573170731707317 0.003658536585365854 0.0024390243902439024
2 0.876219512195122 0.1573170731707317 0.003658536585365854 0.0024390243902439024
2 0.8676829268292683 0.1573170731707317 0.003658536585365854 0.0024390243902439024
2 0.8591463414634146 0.1573170731707317 0.003658536585365854 0.0024390243902439024
2 0.8512195121951219 0.1573170731707317 0.0024390243902439024 0.0024390243902439024
2 0.8432926829268292 0.1573170731707317 0.003658536585365854 0.0024390243902439024
2 0.8347560975609756 0.15670731707317073 0.003658536585365854 0.003658536585365854
2 0.19878048780487806 0.1573170731707317 0.007317073170731708 0.007317073170731708
2 0.9042682926829269 0.15365853658536585 0.003658536585365854 0.0024390243902439024
2 0.8963414634146342 0.15365853658536585 0.0024390243902439024 0.0024390243902439024
2 0.8878048780487805 0.15365853658536585 0.0024390243902439024 0.0024390243902439024
2 0.8798780487804878 0.15365853658536585 0.003658536585365854 0.0024390243902439024
2 0.8719512195121951 0.15365853658536585 0.0024390243902439024 0.0024390243902439024
2 0.8634146341463415 0.15304878048780488 0.0024390243902439024 0.003658536585365854
2 0.8554878048780488 0.15304878048780488 0.003658536585365854 0.003658536585365854
2 0.8469512195121951 0.15304878048780488 0.003658536585365854 0.003658536585365854
2 0.8390243902439024 0.15304878048780488 0.0024390243902439024 0.003658536585365854
2 0.200609756097561 0.15182926829268292 0.003658536585365854 0.003658536585365854
2 0.900609756097561 0.14939024390243902 0.003658536585365854 0.003658536585365854
2 0.8926829268292683 0.14939024390243902 0.0024390243902439024 0.003658536585365854
2 0.8841463414634146 0.14939024390243902 0.0024390243902439024 0.003658536585365854
2 0.876219512195122 0.14939024390243902 0.003658536585365854 0.003658536585365854
2 0.8682926829268293 0.14939024390243902 0.0024390243902439024 0.003658536585365854
2 0.8597560975609756 0.14939024390243902 0.0024390243902439024 0.003658536585365854
2 0.8518292682926829 0.14939024390243902 0.003658536585365854 0.003658536585365854
2 0.8432926829268292 0.14939024390243902 0.003658536585365854 0.003658536585365854
2 0.8353658536585366 0.14878048780487804 0.0024390243902439024 0.0024390243902439024
2 0.22134146341463415 0.1475609756097561 0.003658536585365854 0.0024390243902439024
2 0.9054878048780488 0.14573170731707316 0.003658536585365854 0.003658536585365854
2 0.8969512195121951 0.14573170731707316 0.003658536585365854 0.003658536585365854
2 0.8884146341463415 0.14573170731707316 0.003658536585365854 0.003658536585365854
2 0.8804878048780488 0.14512195121951219 0.0024390243902439024 0.0024390243902439024
2 0.8719512195121951 0.14512195121951219 0.0024390243902439024 0.0024390243902439024
2 0.8640243902439024 0.14512195121951219 0.003658536585365854 0.0024390243902439024
2 0.8560975609756097 0.14512195121951219 0.0024390243902439024 0.0024390243902439024
2 0.8475609756097561 0.14512195121951219 0.0024390243902439024 0.0024390243902439024
2 0.8396341463414634 0.14512195121951219 0.003658536585365854 0.0024390243902439024
2 0.901219512195122 0.14146341463414633 0.0024390243902439024 0.0024390243902439024
2 0.8926829268292683 0.14146341463414633 0.0024390243902439024 0.0024390243902439024
2 0.8847560975609756 0.14146341463414633 0.003658536585365854 0.0024390243902439024
2 0.876219512195122 0.14146341463414633 0.003658536585365854 0.0024390243902439024
2 0.8682926829268293 0.14146341463414633 0.0024390243902439024 0.0024390243902439024
2 0.8603658536585366 0.14085365853658535 0.003658536585365854 0.003658536585365854
2 0.8518292682926829 0.14085365853658535 0.003658536585365854 0.003658536585365854
2 0.8439024390243902 0.14085365853658535 0.0024390243902439024 0.003658536585365854
2 0.8359756097560975 0.14085365853658535 0.003658536585365854 0.003658536585365854
2 0.2530487804878049 0.13963414634146343 0.003658536585365854 0.003658536585365854
2 0.9054878048780488 0.1378048780487805 0.003658536585365854 0.0024390243902439024
2 0.07378048780487804 0.13841463414634148 0.003658536585365854 0.003658536585365854
2 0.8969512195121951 0.13719512195121952 0.003658536585365854 0.003658536585365854
2 0.8890243902439025 0.13719512195121952 0.0024390243902439024 0.003658536585365854
2 0.8810975609756098 0.13719512195121952 0.003658536585365854 0.003658536585365854
2 0.8725609756097561 0.13719512195121952 0.003658536585365854 0.003658536585365854
2 0.8640243902439024 0.13719512195121952 0.003658536585365854 0.003658536585365854
2 0.8567073170731707 0.13719512195121952 0.003658536585365854 0.003658536585365854
2 0.848170731707317 0.13719512195121952 0.003658536585365854 0.003658536585365854
2 0.8396341463414634 0.13719512195121952 0.003658536585365854 0.003658536585365854
2 0.22926829268292684 0.15 0.05365853658536585 0.03170731707317073
2 0.20853658536585365 0.13597560975609757 0.004878048780487805 0.003658536585365854
2 0.20243902439024392 0.13963414634146343 0.007317073170731708 0.01097560975609756
2 0.901829268292683 0.13353658536585367 0.003658536585365854 0.003658536585365854
2 0.8932926829268293 0.13353658536585367 0.003658536585365854 0.003658536585365854
2 0.8853658536585366 0.13353658536585367 0.0024390243902439024 0.003658536585365854
2 0.8768292682926829 0.13353658536585367 0.0024390243902439024 0.003658536585365854
2 0.8689024390243902 0.13353658536585367 0.003658536585365854 0.003658536585365854
2 0.8609756097560975 0.13353658536585367 0.0024390243902439024 0.003658536585365854
2 0.8524390243902439 0.1329268292682927 0.0024390243902439024 0.0024390243902439024
2 0.8445121951219512 0.1329268292682927 0.003658536585365854 0.0024390243902439024
2 0.8359756097560975 0.1329268292682927 0.003658536585365854 0.0024390243902439024
2 0.22865853658536586 0.1323170731707317 0.003658536585365854 0.003658536585365854
2 0.07317073170731707 0.13109756097560976 0.0024390243902439024 0.003658536585365854
2 0.9060975609756098 0.12926829268292683 0.0024390243902439024 0.0024390243902439024
2 0.8975609756097561 0.12926829268292683 0.0024390243902439024 0.0024390243902439024
2 0.8896341463414634 0.12926829268292683 0.003658536585365854 0.0024390243902439024
2 0.8810975609756098 0.12926829268292683 0.003658536585365854 0.0024390243902439024
2 0.8731707317073171 0.12926829268292683 0.0024390243902439024 0.0024390243902439024
2 0.8646341463414634 0.12926829268292683 0.0024390243902439024 0.0024390243902439024
2 0.8567073170731707 0.12926829268292683 0.003658536585365854 0.0024390243902439024
2 0.848170731707317 0.12865853658536586 0.003658536585365854 0.003658536585365854
2 0.8402439024390244 0.12865853658536586 0.0024390243902439024 0.003658536585365854
2 0.21890243902439024 0.12926829268292683 0.00853658536585366 0.007317073170731708
2 0.8939024390243903 0.12560975609756098 0.0024390243902439024 0.0024390243902439024
2 0.8853658536585366 0.12560975609756098 0.0024390243902439024 0.0024390243902439024
2 0.8774390243902439 0.12560975609756098 0.003658536585365854 0.0024390243902439024
2 0.8689024390243902 0.12560975609756098 0.003658536585365854 0.0024390243902439024
2 0.08475609756097562 0.12621951219512195 0.003658536585365854 0.003658536585365854
2 0.901829268292683 0.125 0.003658536585365854 0.003658536585365854
2 0.8609756097560975 0.125 0.0024390243902439024 0.003658536585365854
2 0.8530487804878049 0.125 0.003658536585365854 0.003658536585365854
2 0.8445121951219512 0.125 0.003658536585365854 0.003658536585365854
2 0.8359756097560975 0.125 0.003658536585365854 0.003658536585365854
2 0.2304878048780488 0.12560975609756098 0.007317073170731708 0.007317073170731708
2 0.20853658536585365 0.1274390243902439 0.012195121951219513 0.01097560975609756
2 0.9060975609756098 0.12134146341463414 0.0024390243902439024 0.0012195121951219512
2 0.07256097560975609 0.1225609756097561 0.003658536585365854 0.003658536585365854
2 0.8975609756097561 0.12134146341463414 0.0024390243902439024 0.003658536585365854
2 0.8902439024390244 0.12134146341463414 0.0024390243902439024 0.003658536585365854
2 0.8817073170731707 0.12134146341463414 0.0024390243902439024 0.003658536585365854
2 0.8731707317073171 0.12134146341463414 0.0024390243902439024 0.003658536585365854
2 0.8652439024390244 0.12134146341463414 0.003658536585365854 0.003658536585365854
2 0.8567073170731707 0.12134146341463414 0.003658536585365854 0.003658536585365854
2 0.848780487804878 0.12134146341463414 0.0024390243902439024 0.003658536585365854
2 0.8408536585365853 0.12073170731707317 0.003658536585365854 0.0024390243902439024
2 0.25121951219512195 0.12195121951219512 0.007317073170731708 0.007317073170731708
2 0.2451219512195122 0.1298780487804878 0.01951219512195122 0.023170731707317073
2 0.23231707317073172 0.12012195121951219 0.003658536585365854 0.003658536585365854
2 0.22073170731707317 0.12378048780487805 0.012195121951219513 0.01097560975609756
2 0.07621951219512195 0.11890243902439024 0.003658536585365854 0.003658536585365854
2 0.901829268292683 0.11707317073170732 0.0012195121951219512 0.0024390243902439024
2 0.8939024390243903 0.11707317073170732 0.0024390243902439024 0.0024390243902439024
2 0.8859756097560976 0.11707317073170732 0.0012195121951219512 0.0024390243902439024
2 0.8774390243902439 0.11707317073170732 0.0012195121951219512 0.0024390243902439024
2 0.8609756097560975 0.11707317073170732 0.0024390243902439024 0.0024390243902439024
2 0.8530487804878049 0.11707317073170732 0.003658536585365854 0.0024390243902439024
2 0.8451219512195122 0.11707317073170732 0.0024390243902439024 0.0024390243902439024
2 0.8365853658536585 0.11707317073170732 0.0024390243902439024 0.0024390243902439024
2 0.2530487804878049 0.11585365853658537 0.003658536585365854 0.0024390243902439024
2 0.24451219512195121 0.11585365853658537 0.003658536585365854 0.0024390243902439024
2 0.2371951219512195 0.1152439024390244 0.003658536585365854 0.003658536585365854
2 0.2225609756097561 0.11768292682926829 0.00853658536585366 0.00853658536585366
2 0.2097560975609756 0.11707317073170732 0.007317073170731708 0.007317073170731708
2 0.1871951219512195 0.1152439024390244 0.003658536585365854 0.003658536585365854
2 0.9286585365853659 0.14390243902439023 0.045121951219512194 0.06341463414634146
2 0.07256097560975609 0.11402439024390244 0.003658536585365854 0.003658536585365854
2 0.24939024390243902 0.11158536585365854 0.003658536585365854 0.003658536585365854
2 0.24085365853658536 0.11158536585365854 0.003658536585365854 0.003658536585365854
2 0.2304878048780488 0.11341463414634147 0.007317073170731708 0.007317073170731708
2 0.22439024390243903 0.11158536585365854 0.0024390243902439024 0.003658536585365854
2 0.21585365853658536 0.11158536585365854 0.0024390243902439024 0.003658536585365854
2 0.20609756097560974 0.11341463414634147 0.007317073170731708 0.007317073170731708
2 0.19939024390243903 0.11158536585365854 0.003658536585365854 0.003658536585365854
2 0.19146341463414634 0.11097560975609756 0.0024390243902439024 0.0024390243902439024
2 0.18353658536585366 0.11097560975609756 0.003658536585365854 0.0024390243902439024
2 0.08658536585365853 0.11280487804878049 0.007317073170731708 0.00853658536585366
2 0.08048780487804878 0.11463414634146342 0.012195121951219513 0.012195121951219513
2 0.2524390243902439 0.10853658536585366 0.0024390243902439024 0.0024390243902439024
2 0.24451219512195121 0.10792682926829268 0.0012195121951219512 0.0012195121951219512
2 0.23658536585365852 0.1073170731707317 0.0024390243902439024 0.0024390243902439024
2 0.2280487804878049 0.1073170731707317 0.0024390243902439024 0.0024390243902439024
2 0.22073170731707317 0.1073170731707317 0.0024390243902439024 0.0024390243902439024
2 0.2121951219512195 0.1073170731707317 0.0024390243902439024 0.0024390243902439024
2 0.20365853658536584 0.1073170731707317 0.0024390243902439024 0.0024390243902439024
2 0.19573170731707318 0.1073170731707317 0.003658536585365854 0.0024390243902439024
2 0.1871951219512195 0.1073170731707317 0.003658536585365854 0.0024390243902439024
2 0.08902439024390243 0.1073170731707317 0.0024390243902439024 0.0024390243902439024
2 0.08048780487804878 0.1073170731707317 0.0024390243902439024 0.0024390243902439024
2 0.07195121951219512 0.10670731707317073 0.0024390243902439024 0.0012195121951219512
2 0.9201219512195122 0.10609756097560975 0.0012195121951219512 0.0024390243902439024
2 0.13719512195121952 0.14268292682926828 0.13048780487804879 0.07560975609756097
2 0.9335365853658537 0.10548780487804878 0.015853658536585366 0.003658536585365854
2 0.3518292682926829 0.08963414634146341 0.0012195121951219512 0.0012195121951219512
2 0.9073170731707317 0.08475609756097562 0.0024390243902439024 0.0012195121951219512
2 0.9237804878048781 0.08231707317073171 0.0012195121951219512 0.0012195121951219512
2 0.9195121951219513 0.08048780487804878 0.0024390243902439024 0.0024390243902439024
2 0.5024390243902439 0.525 0.8536585365853658 0.8914634146341464
2 0.8975609756097561 0.07804878048780488 0.0024390243902439024 0.0024390243902439024
2 0.6951219512195121 0.07378048780487804 0.01707317073170732 0.003658536585365854
2 0.8371951219512195 0.07378048780487804 0.042682926829268296 0.006097560975609756
2 0.625609756097561 0.07378048780487804 0.04878048780487805 0.006097560975609756
2 0.5786585365853658 0.07378048780487804 0.04024390243902439 0.006097560975609756
2 0.7780487804878049 0.07317073170731707 0.06097560975609756 0.007317073170731708
2 0.525609756097561 0.07378048780487804 0.041463414634146344 0.00853658536585366
2 0.7115853658536585 0.06890243902439025 0.00853658536585366 0.0012195121951219512
2 0.7310975609756097 0.07134146341463414 0.018292682926829267 0.00853658536585366
2 0.3042682926829268 0.07195121951219512 0.020731707317073172 0.00975609756097561
2 0.2152439024390244 0.06951219512195123 0.023170731707317073 0.004878048780487805
2 0.2865853658536585 0.07073170731707316 0.01951219512195122 0.00975609756097561
2 0.25670731707317074 0.06951219512195123 0.03536585365853658 0.00975609756097561
2 0.23414634146341465 0.06890243902439025 0.004878048780487805 0.00853658536585366
2 0.1274390243902439 0.06585365853658537 0.023170731707317073 0.004878048780487805
2 0.18963414634146342 0.06402439024390244 0.023170731707317073 0.006097560975609756
2 0.1597560975609756 0.061585365853658536 0.02195121951219512 0.003658536585365854