0 0.6141732283464567 0.85198973042362 0.0013693940431359123 0.0012836970474967907
0 0.609893871961657 0.8501925545571245 0.00034234851078397807 0.00025673940949935817
0 0.5895241355700103 0.8503209242618742 0.004792879150975694 0.0015404364569961489
0 0.6128038343033207 0.8496790757381258 0.0027387880862718246 0.001797175866495507
0 0.5951728859979459 0.8486521181001284 0.002396439575487847 0.0012836970474967907
0 0.6201643272851763 0.8480102695763799 0.0010270455323519343 0.0005134788189987163
0 0.6071550838753852 0.8471116816431322 0.0010270455323519343 0.0007702182284980744
0 0.6028757274905854 0.8467265725288832 0.0013693940431359123 0.0010269576379974327
0 0.6217048955837042 0.8465982028241335 0.0013693940431359123 0.0012836970474967907
0 0.6044162957891133 0.8458279845956355 0.00034234851078397807 0.00025673940949935817
0 0.6152002738788086 0.8456996148908857 0.0013693940431359123 0.0010269576379974327
0 0.6109209174940089 0.845571245186136 0.0017117425539198905 0.0012836970474967907
0 0.6069839096199932 0.8453145057766367 0.0006846970215679561 0.0007702182284980744
0 0.6033892502567614 0.8428754813863928 0.0010270455323519343 0.0015404364569961489
0 0.5960287572749059 0.8423620025673941 0.0013693940431359123 0.0010269576379974327
0 0.5932899691886341 0.8423620025673941 0.0013693940431359123 0.0010269576379974327
0 0.6201643272851763 0.8421052631578947 0.0010270455323519343 0.0010269576379974327
0 0.6030469017459774 0.8410783055198973 0.00034234851078397807 0.0005134788189987163
0 0.594830537487162 0.8410783055198973 0.00034234851078397807 0.0005134788189987163
0 0.6215337213283122 0.8409499358151477 0.0010270455323519343 0.0007702182284980744
0 0.6004792879150975 0.8418485237483954 0.0020540910647038686 0.003594351732991014
0 0.6035604245121534 0.8397946084724005 0.0006846970215679561 0.0005134788189987163
0 0.6208490243067443 0.8394094993581515 0.0017117425539198905 0.001797175866495507
0 0.6155426223895926 0.8388960205391528 0.0006846970215679561 0.0007702182284980744
0 0.6044162957891133 0.8381258023106547 0.0010270455323519343 0.0007702182284980744
0 0.5867853474837385 0.837997432605905 0.0020540910647038686 0.0010269576379974327
0 0.5932899691886341 0.8374839537869063 0.0006846970215679561 0.0005134788189987163
0 0.5955152345087299 0.8370988446726573 0.0010270455323519343 0.0007702182284980744
0 0.6201643272851763 0.8363286264441592 0.00034234851078397807 0.00025673940949935817
0 0.5979116740842177 0.8363286264441592 0.00034234851078397807 0.00025673940949935817
0 0.6028757274905854 0.8359435173299101 0.0006846970215679561 0.0005134788189987163
0 0.6131461828141047 0.8346598202824134 0.0013693940431359123 0.0010269576379974327
0 0.62564190345772 0.8349165596919127 0.004450530640191715 0.0020539152759948653
0 0.609722697706265 0.8341463414634146 0.0006846970215679561 0.0005134788189987163
0 0.6184525847312564 0.8342747111681643 0.0010270455323519343 0.0012836970474967907
0 0.59294762067785 0.8338896020539153 0.0013693940431359123 0.0005134788189987163
0 0.6205066757959603 0.8335044929396662 0.00034234851078397807 0.00025673940949935817
0 0.6020198562136255 0.8335044929396662 0.0010270455323519343 0.0007702182284980744
0 0.5896953098254023 0.8337612323491655 0.002396439575487847 0.0012836970474967907
0 0.62478603218076 0.8331193838254172 0.0013693940431359123 0.0005134788189987163
0 0.6095515234508729 0.8315789473684211 0.0010270455323519343 0.0005134788189987163
0 0.5845600821636426 0.834403080872914 0.00718931872646354 0.0061617458279845955
0 0.6268401232454639 0.8314505776636714 0.0013693940431359123 0.0007702182284980744
0 0.6138308798356727 0.8313222079589216 0.0006846970215679561 0.0005134788189987163
0 0.5886682642930503 0.8315789473684211 0.002396439575487847 0.0010269576379974327
0 0.6062992125984252 0.8315789473684211 0.0013693940431359123 0.0015404364569961489
0 0.6020198562136255 0.8304236200256739 0.00034234851078397807 0.00025673940949935817
0 0.6193084560082164 0.8305519897304237 0.0020540910647038686 0.0010269576379974327
0 0.6285518657993838 0.8299101412066753 0.0006846970215679561 0.00025673940949935817
0 0.594830537487162 0.8309370988446727 0.0030811365970558027 0.0028241335044929395
0 0.6167408421773365 0.8290115532734275 0.00034234851078397807 0.0005134788189987163
0 0.6045874700445053 0.8293966623876765 0.0013693940431359123 0.0012836970474967907
0 0.5992810681273536 0.8287548138639281 0.00034234851078397807 0.0005134788189987163
0 0.5830195138651146 0.8295250320924262 0.004792879150975694 0.0025673940949935813
0 0.6222184183498802 0.8277278562259307 0.00034234851078397807 0.0005134788189987163
0 0.6126326600479288 0.8281129653401798 0.0010270455323519343 0.0012836970474967907
0 0.5866141732283464 0.8277278562259307 0.0010270455323519343 0.0010269576379974327
0 0.5920917494008902 0.8272143774069319 0.0010270455323519343 0.0010269576379974327
0 0.5893529613146182 0.8277278562259307 0.002396439575487847 0.003594351732991014
0 0.5813077713111948 0.8264441591784338 0.0020540910647038686 0.0010269576379974327
0 0.609380349195481 0.8258023106546855 0.0006846970215679561 0.00025673940949935817
0 0.6348853132488874 0.8255455712451861 0.00034234851078397807 0.00025673940949935817
0 0.5849024306744266 0.8264441591784338 0.0017117425539198905 0.0020539152759948653
0 0.6449845943170147 0.8254172015404364 0.0013693940431359123 0.0005134788189987163
0 0.6285518657993838 0.8246469833119384 0.0006846970215679561 0.0005134788189987163
0 0.5799383772680589 0.824775353016688 0.0020540910647038686 0.0012836970474967907
0 0.593974666210202 0.8233632862644416 0.0013693940431359123 0.0010269576379974327
0 0.5907223553577542 0.8229781771501925 0.00034234851078397807 0.00025673940949935817
0 0.62478603218076 0.8228498074454429 0.0006846970215679561 0.0005134788189987163
0 0.6309483053748716 0.8233632862644416 0.005477576172543649 0.0020539152759948653
0 0.5989387196165696 0.8229781771501925 0.0030811365970558027 0.0023106546854942235
0 0.5830195138651146 0.8220795892169448 0.0013693940431359123 0.0005134788189987163
0 0.6270112975008558 0.8215661103979461 0.0017117425539198905 0.0005134788189987163
0 0.6340294419719275 0.8213093709884467 0.0006846970215679561 0.0005134788189987163
0 0.5973981513180417 0.8215661103979461 0.0013693940431359123 0.0010269576379974327
0 0.5792536802464909 0.8216944801026957 0.0020540910647038686 0.0012836970474967907
0 0.6073262581307771 0.8213093709884467 0.0013693940431359123 0.0010269576379974327
0 0.6028757274905854 0.8205391527599486 0.0006846970215679561 0.0005134788189987163
0 0.5927764464224581 0.8210526315789474 0.002396439575487847 0.0015404364569961489
0 0.6145155768572407 0.8193838254172016 0.0006846970215679561 0.0007702182284980744
0 0.6073262581307771 0.8192554557124518 0.0020540910647038686 0.0005134788189987163
0 0.5874700445053064 0.8192554557124518 0.0006846970215679561 0.0005134788189987163
0 0.578568983224923 0.8191270860077022 0.0006846970215679561 0.0007702182284980744
0 0.6128038343033207 0.8187419768934532 0.0013693940431359123 0.0010269576379974327
0 0.6456692913385826 0.8197689345314506 0.003423485107839781 0.004621309370988447
0 0.594488188976378 0.8187419768934532 0.0017117425539198905 0.0025673940949935813
0 0.5910647038685382 0.817586649550706 0.0010270455323519343 0.0007702182284980744
0 0.5867853474837385 0.8173299101412067 0.0006846970215679561 0.00025673940949935817
0 0.5847312564190346 0.817586649550706 0.0013693940431359123 0.0007702182284980744
0 0.6444710715508387 0.817201540436457 0.0010270455323519343 0.0005134788189987163
0 0.5972269770626498 0.817201540436457 0.00034234851078397807 0.0005134788189987163
0 0.6389934953782951 0.8177150192554558 0.0030811365970558027 0.0020539152759948653
0 0.6359123587812393 0.8169448010269577 0.0010270455323519343 0.0005134788189987163
0 0.6172543649435125 0.8170731707317073 0.0006846970215679561 0.0007702182284980744
0 0.6044162957891133 0.8169448010269577 0.00034234851078397807 0.0005134788189987163
0 0.576686066415611 0.817201540436457 0.0010270455323519343 0.0010269576379974327
0 0.6086956521739131 0.8165596919127086 0.0006846970215679561 0.00025673940949935817
0 0.6023622047244095 0.8168164313222079 0.0010270455323519343 0.0007702182284980744
0 0.6420746319753509 0.8163029525032093 0.002396439575487847 0.0007702182284980744
0 0.594317014720986 0.8161745827984596 0.0013693940431359123 0.0015404364569961489
0 0.6033892502567614 0.8152759948652119 0.00034234851078397807 0.00025673940949935817
0 0.5989387196165696 0.8154043645699615 0.0010270455323519343 0.0005134788189987163
0 0.5754878466278671 0.8156611039794609 0.0006846970215679561 0.0010269576379974327
0 0.6342006162273194 0.8152759948652119 0.0030811365970558027 0.0012836970474967907
0 0.609038000684697 0.8148908857509628 0.0006846970215679561 0.0005134788189987163
0 0.5831906881205067 0.8150192554557124 0.0010270455323519343 0.0007702182284980744
0 0.6011639849366656 0.814377406931964 0.0006846970215679561 0.0005134788189987163
0 0.577713111947963 0.8147625160462131 0.0017117425539198905 0.0012836970474967907
0 0.6431016775077029 0.814377406931964 0.002396439575487847 0.0010269576379974327
0 0.5849024306744266 0.8141206675224647 0.0010270455323519343 0.0005134788189987163
0 0.6109209174940089 0.8137355584082157 0.00034234851078397807 0.00025673940949935817
0 0.6033892502567614 0.8136071887034659 0.00034234851078397807 0.0005134788189987163
0 0.5972269770626498 0.813992297817715 0.002396439575487847 0.0012836970474967907
0 0.5866141732283464 0.8137355584082157 0.0010270455323519343 0.0007702182284980744
0 0.6056145155768572 0.8134788189987163 0.0013693940431359123 0.0007702182284980744
0 0.5758301951386512 0.8133504492939666 0.0006846970215679561 0.0005134788189987163
0 0.6230742896268401 0.8125802310654685 0.0013693940431359123 0.0005134788189987163
0 0.5811365970558028 0.8125802310654685 0.0010270455323519343 0.0005134788189987163
0 0.6018486819582335 0.8123234916559692 0.0006846970215679561 0.0010269576379974327
0 0.5941458404655939 0.8119383825417201 0.00034234851078397807 0.00025673940949935817
0 0.5924340979116741 0.8120667522464698 0.0010270455323519343 0.0005134788189987163
0 0.6193084560082164 0.8120667522464698 0.0013693940431359123 0.0010269576379974327
0 0.5770284149263951 0.8116816431322208 0.00034234851078397807 0.00025673940949935817
0 0.608866826429305 0.8119383825417201 0.0010270455323519343 0.0012836970474967907
0 0.5891817870592263 0.8115532734274711 0.0006846970215679561 0.0005134788189987163
0 0.6475522081478946 0.8112965340179717 0.0010270455323519343 0.0005134788189987163
0 0.6460116398493666 0.8112965340179717 0.0006846970215679561 0.0005134788189987163
0 0.5961999315302978 0.811168164313222 0.0010270455323519343 0.0007702182284980744
0 0.5852447791852106 0.8114249037227215 0.0017117425539198905 0.0012836970474967907
0 0.6107497432386169 0.8110397946084724 0.0006846970215679561 0.0010269576379974327
0 0.6384799726121191 0.810397946084724 0.0006846970215679561 0.0007702182284980744
0 0.6340294419719275 0.8114249037227215 0.004108182129407737 0.0028241335044929395
0 0.6501198219787744 0.8101412066752246 0.003423485107839781 0.001797175866495507
0 0.5910647038685382 0.8094993581514762 0.00034234851078397807 0.0005134788189987163
0 0.5746319753509073 0.8105263157894737 0.0017117425539198905 0.0025673940949935813
0 0.5705237932214995 0.8094993581514762 0.0010270455323519343 0.0005134788189987163
0 0.6071550838753852 0.8092426187419769 0.0017117425539198905 0.0010269576379974327
0 0.6432728517630948 0.8088575096277278 0.0006846970215679561 0.0007702182284980744
0 0.6357411845258473 0.8084724005134788 0.0006846970215679561 0.0005134788189987163
0 0.6307771311194796 0.8083440308087292 0.00034234851078397807 0.00025673940949935817
0 0.5867853474837385 0.8084724005134788 0.0006846970215679561 0.0005134788189987163
0 0.5999657651489216 0.8082156611039795 0.0010270455323519343 0.0005134788189987163
0 0.6472098596371105 0.8080872913992297 0.002396439575487847 0.0012836970474967907
0 0.5961999315302978 0.8074454428754814 0.00034234851078397807 0.0005134788189987163
0 0.5732625813077713 0.807188703465982 0.0010270455323519343 0.0005134788189987163
0 0.6388223211229032 0.8070603337612323 0.0020540910647038686 0.0007702182284980744
0 0.5912358781239302 0.8065468549422337 0.0006846970215679561 0.00025673940949935817
0 0.5886682642930503 0.8065468549422337 0.00034234851078397807 0.00025673940949935817
0 0.6422458062307429 0.806803594351733 0.0027387880862718246 0.0012836970474967907
0 0.6364258815474153 0.8062901155327342 0.0006846970215679561 0.0007702182284980744
0 0.6453269428277987 0.8051347881899872 0.0027387880862718246 0.0010269576379974327
0 0.5806230742896269 0.8052631578947368 0.0020540910647038686 0.0012836970474967907
0 0.6389934953782951 0.8048780487804879 0.0030811365970558027 0.0015404364569961489
0 0.6477233824032865 0.8041078305519898 0.0006846970215679561 0.0005134788189987163
0 0.6422458062307429 0.8041078305519898 0.0020540910647038686 0.0010269576379974327
0 0.5720643615200274 0.8047496790757381 0.0020540910647038686 0.0023106546854942235
0 0.5835330366312906 0.803594351732991 0.00034234851078397807 0.0005134788189987163
0 0.6021910304690175 0.8030808729139923 0.0006846970215679561 0.0010269576379974327
0 0.578226634714139 0.8025673940949936 0.0013693940431359123 0.0010269576379974327
0 0.5710373159876755 0.8020539152759949 0.0006846970215679561 0.0005134788189987163
0 0.5813077713111948 0.8017971758664955 0.0006846970215679561 0.0005134788189987163
0 0.6458404655939747 0.802439024390244 0.0017117425539198905 0.0023106546854942235
0 0.6400205409106471 0.8017971758664955 0.005135227661759671 0.0025673940949935813
0 0.5920917494008902 0.7998716302952503 0.00034234851078397807 0.00025673940949935817
0 0.5703526189661074 0.7994865211810013 0.0006846970215679561 0.0005134788189987163
0 0.5883259157822663 0.799229781771502 0.0010270455323519343 0.0005134788189987163
0 0.6451557685724068 0.7988446726572529 0.0030811365970558027 0.0007702182284980744
0 0.5746319753509073 0.8010269576379975 0.005135227661759671 0.005134788189987163
0 0.579424854501883 0.7989730423620026 0.0030811365970558027 0.0015404364569961489
0 0.6538856555973982 0.7980744544287548 0.0013693940431359123 0.0007702182284980744
0 0.6383087983567272 0.7985879332477536 0.0017117425539198905 0.001797175866495507
0 0.6477233824032865 0.7978177150192555 0.0006846970215679561 0.0007702182284980744
0 0.577541937692571 0.7970474967907574 0.0006846970215679561 0.00025673940949935817
0 0.6434440260184868 0.7962772785622593 0.0010270455323519343 0.0007702182284980744
0 0.6345429647381033 0.7958921694480102 0.00034234851078397807 0.0005134788189987163
0 0.5730914070523794 0.7955070603337613 0.0013693940431359123 0.001797175866495507
0 0.6395070181444711 0.7948652118100128 0.0013693940431359123 0.0010269576379974327
0 0.6478945566586786 0.7952503209242618 0.004450530640191715 0.0023106546854942235
0 0.5758301951386512 0.7948652118100128 0.0006846970215679561 0.0015404364569961489
0 0.6359123587812393 0.7939666238767651 0.0010270455323519343 0.0007702182284980744
0 0.6468675111263266 0.7921694480102696 0.0017117425539198905 0.0007702182284980744
0 0.5838753851420746 0.7919127086007702 0.0010270455323519343 0.0007702182284980744
0 0.5756590208832592 0.7908857509627728 0.00034234851078397807 0.00025673940949935817
0 0.5706949674768915 0.7924261874197689 0.006846970215679562 0.003337612323491656
0 0.5741184525847313 0.7908857509627728 0.0013693940431359123 0.0007702182284980744
0 0.5835330366312906 0.790372272143774 0.0010270455323519343 0.0007702182284980744
0 0.5914070523793221 0.7898587933247754 0.00034234851078397807 0.00025673940949935817
0 0.5821636425881548 0.7897304236200257 0.0010270455323519343 0.0005134788189987163
0 0.6508045190003423 0.7897304236200257 0.0061622731941116055 0.0025673940949935813
0 0.5809654228004109 0.7872913992297818 0.0006846970215679561 0.00025673940949935817
0 0.578055460458747 0.7874197689345315 0.00034234851078397807 0.0005134788189987163
0 0.5852447791852106 0.7870346598202824 0.00034234851078397807 0.00025673940949935817
0 0.578055460458747 0.7865211810012837 0.0010270455323519343 0.0007702182284980744
0 0.5732625813077713 0.7865211810012837 0.0010270455323519343 0.0007702182284980744
0 0.5842177336528586 0.7847240051347882 0.0010270455323519343 0.00025673940949935817
0 0.6348853132488874 0.7838254172015404 0.00034234851078397807 0.0005134788189987163
0 0.6583361862375898 0.7845956354300385 0.0020540910647038686 0.0025673940949935813
0 0.6497774734679904 0.7836970474967908 0.0013693940431359123 0.0012836970474967907
0 0.6446422458062308 0.7829268292682927 0.0006846970215679561 0.00025673940949935817
0 0.6549127011297501 0.7830551989730423 0.0020540910647038686 0.0015404364569961489
0 0.5773707634371791 0.7822849807445443 0.0010270455323519343 0.0005134788189987163
0 0.5701814447107155 0.7822849807445443 0.00034234851078397807 0.0005134788189987163
0 0.6607326258130777 0.7820282413350449 0.0006846970215679561 0.0005134788189987163
0 0.6504621704895583 0.7813863928112965 0.0006846970215679561 0.00025673940949935817
0 0.6648408079424855 0.7790757381258023 0.0013693940431359123 0.0007702182284980744
0 0.6622731941116056 0.7785622593068036 0.0010270455323519343 0.0007702182284980744
0 0.5761725436494352 0.778433889602054 0.004792879150975694 0.0020539152759948653
0 0.5712084902430674 0.778818998716303 0.003765833618623759 0.0028241335044929395
0 0.6420746319753509 0.7777920410783056 0.0010270455323519343 0.0012836970474967907
0 0.5732625813077713 0.7771501925545571 0.0010270455323519343 0.0005134788189987163
0 0.6477233824032865 0.7761232349165597 0.0013693940431359123 0.0005134788189987163
0 0.6520027387880862 0.7765083440308087 0.002396439575487847 0.0023106546854942235
0 0.5849024306744266 0.7741976893453145 0.0010270455323519343 0.0007702182284980744
0 0.6496062992125984 0.7739409499358152 0.0010270455323519343 0.0007702182284980744
0 0.6461828141047586 0.7740693196405648 0.0017117425539198905 0.0020539152759948653
0 0.656453269428278 0.7730423620025674 0.0010270455323519343 0.0005134788189987163
0 0.6528586100650462 0.7730423620025674 0.0020540910647038686 0.0015404364569961489
0 0.5665867853474837 0.7730423620025674 0.0013693940431359123 0.0015404364569961489
0 0.6482369051694625 0.7721437740693197 0.0010270455323519343 0.00025673940949935817
0 0.5763437179048271 0.7700898587933248 0.0010270455323519343 0.00025673940949935817
0 0.5730914070523794 0.7700898587933248 0.0006846970215679561 0.0007702182284980744
0 0.5676138308798356 0.7699614890885751 0.0006846970215679561 0.0005134788189987163
0 0.655597398151318 0.7694480102695764 0.0006846970215679561 0.0005134788189987163
0 0.5749743238616912 0.7690629011553274 0.00034234851078397807 0.00025673940949935817
0 0.5696679219445395 0.7704749679075739 0.0020540910647038686 0.0030808729139922978
0 0.6603902773022937 0.7689345314505777 0.0006846970215679561 0.0005134788189987163
0 0.5657309140705238 0.7689345314505777 0.0017117425539198905 0.0015404364569961489
0 0.5732625813077713 0.7684210526315789 0.0017117425539198905 0.0015404364569961489
0 0.5701814447107155 0.7677792041078305 0.00034234851078397807 0.00025673940949935817
0 0.6372817528243753 0.7673940949935815 0.00034234851078397807 0.0005134788189987163
0 0.6506333447449504 0.7670089858793325 0.00034234851078397807 0.00025673940949935817
0 0.5681273536460116 0.7670089858793325 0.0010270455323519343 0.0007702182284980744
0 0.5643615200273879 0.7667522464698331 0.0010270455323519343 0.0007702182284980744
0 0.5756590208832592 0.7664955070603338 0.0010270455323519343 0.0007702182284980744
0 0.6598767545361177 0.7659820282413351 0.00034234851078397807 0.00025673940949935817
0 0.5809654228004109 0.7667522464698331 0.0013693940431359123 0.001797175866495507
0 0.5700102704553235 0.7661103979460847 0.0013693940431359123 0.0010269576379974327
0 0.5657309140705238 0.7657252888318357 0.0017117425539198905 0.0007702182284980744
0 0.5725778842862034 0.765596919127086 0.002396439575487847 0.0015404364569961489
0 0.6446422458062308 0.764826700898588 0.0013693940431359123 0.0010269576379974327
0 0.6619308456008216 0.7646983311938382 0.0017117425539198905 0.001797175866495507
0 0.6583361862375898 0.7634146341463415 0.0027387880862718246 0.0012836970474967907
0 0.5698390961999316 0.7634146341463415 0.0030811365970558027 0.0023106546854942235
0 0.5730914070523794 0.7611039794608473 0.0006846970215679561 0.00025673940949935817
0 0.6590208832591579 0.7611039794608473 0.0013693940431359123 0.0007702182284980744
0 0.65576857240671 0.7608472400513479 0.00034234851078397807 0.00025673940949935817
0 0.6629578911331736 0.7598202824133504 0.00034234851078397807 0.00025673940949935817
0 0.6417322834645669 0.7595635430038511 0.00034234851078397807 0.00025673940949935817
0 0.5689832249229716 0.7598202824133504 0.0006846970215679561 0.0007702182284980744
0 0.5746319753509073 0.7593068035943518 0.00034234851078397807 0.00025673940949935817
0 0.6641561109209175 0.7589216944801027 0.0006846970215679561 0.0005134788189987163
0 0.5592262923656283 0.7589216944801027 0.0010270455323519343 0.0005134788189987163
0 0.5739472783293392 0.7581514762516046 0.0010270455323519343 0.0005134788189987163
0 0.6627867168777816 0.7581514762516046 0.0006846970215679561 0.0010269576379974327
0 0.5607668606641562 0.7578947368421053 0.0013693940431359123 0.0005134788189987163
0 0.563163300239644 0.7586649550706034 0.0006846970215679561 0.0025673940949935813
0 0.5684697021567956 0.7562259306803595 0.00034234851078397807 0.00025673940949935817
0 0.6475522081478946 0.7550706033376123 0.0010270455323519343 0.0010269576379974327
0 0.5686408764121876 0.7549422336328626 0.0006846970215679561 0.0007702182284980744
0 0.5648750427935638 0.7558408215661104 0.0020540910647038686 0.003594351732991014
0 0.6614173228346457 0.7543003851091142 0.0013693940431359123 0.0010269576379974327
0 0.6633002396439576 0.7534017971758665 0.00034234851078397807 0.00025673940949935817
0 0.562478603218076 0.7535301668806161 0.0006846970215679561 0.0005134788189987163
0 0.6595344060253338 0.7523748395378691 0.00034234851078397807 0.00025673940949935817
0 0.5581992468332763 0.7525032092426187 0.0010270455323519343 0.0015404364569961489
0 0.5652173913043478 0.7486521181001283 0.0020540910647038686 0.0020539152759948653
0 0.5720643615200274 0.7472400513478819 0.0013693940431359123 0.0007702182284980744
0 0.6631290653885655 0.7436456996148909 0.0006846970215679561 0.0007702182284980744
0 0.5710373159876755 0.7426187419768935 0.0006846970215679561 0.00025673940949935817
0 0.5694967476891476 0.7392811296534018 0.00034234851078397807 0.00025673940949935817
0 0.5648750427935638 0.7399229781771502 0.0013693940431359123 0.0015404364569961489
0 0.5694967476891476 0.7382541720154043 0.0010270455323519343 0.0007702182284980744
0 0.5595686408764122 0.7381258023106547 0.0010270455323519343 0.0010269576379974327
0 0.5809654228004109 0.7372272143774069 0.0006846970215679561 0.00025673940949935817
0 0.563163300239644 0.7363286264441592 0.0027387880862718246 0.0005134788189987163
0 0.6653543307086615 0.735173299101412 0.0010270455323519343 0.0012836970474967907
0 0.578911331735707 0.734403080872914 0.0006846970215679561 0.0007702182284980744
0 0.5679561793906196 0.733632862644416 0.0013693940431359123 0.0007702182284980744
0 0.5650462170489559 0.7327342747111681 0.0010270455323519343 0.0015404364569961489
0 0.5729202327969873 0.7305519897304236 0.0010270455323519343 0.0007702182284980744
0 0.5679561793906196 0.7305519897304236 0.0013693940431359123 0.0007702182284980744
0 0.5650462170489559 0.7301668806161746 0.0017117425539198905 0.0010269576379974327
0 0.6667237247517973 0.7293966623876765 0.0010270455323519343 0.0010269576379974327
0 0.6633002396439576 0.7278562259306803 0.00034234851078397807 0.0005134788189987163
0 0.5667579596028758 0.727599486521181 0.002396439575487847 0.0010269576379974327
0 0.5681273536460116 0.7260590500641848 0.0017117425539198905 0.0010269576379974327
0 0.6588497090037658 0.7255455712451861 0.0010270455323519343 0.0005134788189987163
0 0.6639849366655255 0.7258023106546855 0.0030811365970558027 0.0025673940949935813
0 0.5664156110920917 0.7246469833119383 0.0010270455323519343 0.0012836970474967907
0 0.5653885655597398 0.7227214377406932 0.0010270455323519343 0.0005134788189987163
0 0.5746319753509073 0.7214377406931964 0.0010270455323519343 0.0005134788189987163
0 0.5671003081136597 0.7216944801026958 0.0010270455323519343 0.0015404364569961489
0 0.5641903457719959 0.721181001283697 0.0020540910647038686 0.0010269576379974327
0 0.5705237932214995 0.7210526315789474 0.0017117425539198905 0.0012836970474967907
0 0.5669291338582677 0.7189987163029525 0.0006846970215679561 0.0007702182284980744
0 0.5643615200273879 0.7191270860077021 0.0017117425539198905 0.0010269576379974327
0 0.578568983224923 0.7154043645699615 0.0013693940431359123 0.0007702182284980744
0 0.6682642930503252 0.7150192554557124 0.0006846970215679561 0.0005134788189987163
0 0.562307428962684 0.7147625160462131 0.002396439575487847 0.0010269576379974327
0 0.6655255049640534 0.7146341463414634 0.0013693940431359123 0.0012836970474967907
0 0.5741184525847313 0.7127086007702182 0.0006846970215679561 0.0005134788189987163
0 0.5578568983224923 0.7129653401797176 0.0010270455323519343 0.0010269576379974327
0 0.5587127695994523 0.7118100128369704 0.0006846970215679561 0.00025673940949935817
0 0.5640191715166039 0.7120667522464699 0.0017117425539198905 0.001797175866495507
0 0.5614515576857241 0.7115532734274711 0.0020540910647038686 0.001797175866495507
0 0.5671003081136597 0.7105263157894737 0.00034234851078397807 0.00025673940949935817
0 0.6633002396439576 0.710012836970475 0.003765833618623759 0.0028241335044929395
0 0.6631290653885655 0.7066752246469833 0.0013693940431359123 0.0007702182284980744
0 0.6653543307086615 0.7053915275994865 0.0010270455323519343 0.0007702182284980744
0 0.6658678534748373 0.7042362002567394 0.0006846970215679561 0.0005134788189987163
0 0.6636425881547415 0.7034659820282413 0.002396439575487847 0.0015404364569961489
0 0.6641561109209175 0.7006418485237484 0.0006846970215679561 0.0005134788189987163
0 0.5722355357754194 0.6946084724005135 0.0017117425539198905 0.0012836970474967907
0 0.5713796644984594 0.6925545571245186 0.0006846970215679561 0.00025673940949935817
0 0.5718931872646354 0.6911424903722722 0.00034234851078397807 0.0005134788189987163
0 0.6675795960287573 0.6890885750962773 0.0013693940431359123 0.0015404364569961489
0 0.6650119821978775 0.6866495507060334 0.0010270455323519343 0.0007702182284980744
0 0.5688120506675796 0.6852374839537869 0.0010270455323519343 0.0005134788189987163
0 0.5647038685381719 0.6835686777920411 0.00034234851078397807 0.00025673940949935817
0 0.6581650119821979 0.6825417201540437 0.00034234851078397807 0.00025673940949935817
0 0.5546045874700445 0.6829268292682927 0.0013693940431359123 0.0010269576379974327
0 0.5718931872646354 0.6810012836970475 0.0017117425539198905 0.0007702182284980744
0 0.5602533378979802 0.6813863928112965 0.0030811365970558027 0.003594351732991014
0 0.5682985279014037 0.6785622593068036 0.0006846970215679561 0.0005134788189987163
0 0.655597398151318 0.6786906290115533 0.0013693940431359123 0.0012836970474967907
0 0.5636768230058199 0.6770218228498075 0.0010270455323519343 0.0005134788189987163
0 0.5684697021567956 0.6766367137355584 0.0017117425539198905 0.0007702182284980744
0 0.5592262923656283 0.6765083440308087 0.0010270455323519343 0.0005134788189987163
0 0.6578226634714139 0.67599486521181 0.0010270455323519343 0.0005134788189987163
0 0.5727490585415953 0.67599486521181 0.0013693940431359123 0.0005134788189987163
0 0.5664156110920917 0.6754813863928113 0.0010270455323519343 0.0005134788189987163
0 0.5677850051352277 0.6749679075738125 0.0010270455323519343 0.0005134788189987163
0 0.5628209517288599 0.6740693196405648 0.0006846970215679561 0.00025673940949935817
0 0.6605614515576858 0.6741976893453145 0.0017117425539198905 0.0010269576379974327
0 0.6644984594317015 0.6731707317073171 0.0020540910647038686 0.0010269576379974327
0 0.5818212940773707 0.689602053915276 0.015405682985279013 0.03491655969191271
0 0.6621020198562136 0.6716302952503209 0.0013693940431359123 0.0010269576379974327
0 0.562307428962684 0.6709884467265725 0.0010270455323519343 0.0007702182284980744
0 0.6641561109209175 0.6706033376123235 0.0013693940431359123 0.0010269576379974327
0 0.6627867168777816 0.6690629011553273 0.0013693940431359123 0.0015404364569961489
0 0.563505648750428 0.6681643132220796 0.0020540910647038686 0.0007702182284980744
0 0.6636425881547415 0.6661103979460847 0.0010270455323519343 0.0007702182284980744
0 0.5633344744950359 0.6657252888318357 0.0017117425539198905 0.0010269576379974327
0 0.5588839438548442 0.6657252888318357 0.0010270455323519343 0.0010269576379974327
0 0.6660390277302294 0.6650834403080873 0.00034234851078397807 0.00025673940949935817
0 0.5653885655597398 0.6653401797175866 0.0010270455323519343 0.0007702182284980744
0 0.561280383430332 0.6643132220795892 0.0010270455323519343 0.001797175866495507
0 0.5655597398151319 0.6625160462130937 0.0006846970215679561 0.00025673940949935817
0 0.561622731941116 0.6617458279845956 0.0010270455323519343 0.0007702182284980744
0 0.5595686408764122 0.661617458279846 0.0017117425539198905 0.0015404364569961489
0 0.5554604587470044 0.6617458279845956 0.003765833618623759 0.001797175866495507
0 0.5662444368366998 0.6595635430038511 0.0006846970215679561 0.0005134788189987163
0 0.5549469359808284 0.6591784338896021 0.0020540910647038686 0.0007702182284980744
0 0.5576857240671003 0.658793324775353 0.0020540910647038686 0.0025673940949935813
0 0.5593974666210202 0.6577663671373556 0.0013693940431359123 0.0010269576379974327
0 0.5647038685381719 0.6576379974326059 0.0010270455323519343 0.0012836970474967907
0 0.5537487161930845 0.6573812580231065 0.0017117425539198905 0.0012836970474967907
0 0.6638137624101336 0.6562259306803594 0.0006846970215679561 0.0005134788189987163
0 0.5602533378979802 0.6558408215661103 0.005819924683327628 0.001797175866495507
0 0.5619650804519001 0.654428754813864 0.0010270455323519343 0.0005134788189987163
0 0.5595686408764122 0.6534017971758665 0.0017117425539198905 0.0010269576379974327
0 0.6633002396439576 0.6518613607188704 0.0010270455323519343 0.0010269576379974327
0 0.5671003081136597 0.6499358151476251 0.00034234851078397807 0.00025673940949935817
0 0.5633344744950359 0.6496790757381258 0.003765833618623759 0.001797175866495507
0 0.563163300239644 0.6464698331193838 0.0020540910647038686 0.0015404364569961489
0 0.5609380349195481 0.6406931964056483 0.00034234851078397807 0.00025673940949935817
0 0.6621020198562136 0.6405648267008985 0.003423485107839781 0.0025673940949935813
0 0.563505648750428 0.6390243902439025 0.0013693940431359123 0.0005134788189987163
0 0.6643272851763095 0.6365853658536585 0.00034234851078397807 0.00025673940949935817
0 0.5597398151318042 0.6368421052631579 0.0013693940431359123 0.0007702182284980744
0 0.5659020883259158 0.6362002567394095 0.0006846970215679561 0.0010269576379974327
0 0.5671003081136597 0.6345314505776637 0.00034234851078397807 0.00025673940949935817
0 0.5590551181102362 0.6345314505776637 0.0006846970215679561 0.00025673940949935817
0 0.5633344744950359 0.634788189987163 0.0010270455323519343 0.0012836970474967907
0 0.5660732625813077 0.6336328626444159 0.0010270455323519343 0.0010269576379974327
0 0.5592262923656283 0.6323491655969191 0.002396439575487847 0.0020539152759948653
0 0.5570010270455323 0.631193838254172 0.0006846970215679561 0.00025673940949935817
0 0.5607668606641562 0.6293966623876766 0.0013693940431359123 0.0007702182284980744
0 0.5580280725778843 0.6291399229781771 0.0013693940431359123 0.0012836970474967907
0 0.6636425881547415 0.6273427471116817 0.0010270455323519343 0.0007702182284980744
0 0.5605956864087641 0.6258023106546855 0.00034234851078397807 0.00025673940949935817
0 0.5563163300239644 0.6263157894736842 0.0027387880862718246 0.003337612323491656
0 0.5725778842862034 0.6245186136071887 0.00034234851078397807 0.00025673940949935817
0 0.5600821636425881 0.6241335044929397 0.0006846970215679561 0.0005134788189987163
0 0.562478603218076 0.6183568677792041 0.0006846970215679561 0.0007702182284980744
0 0.5659020883259158 0.6169448010269576 0.0006846970215679561 0.0005134788189987163
0 0.5576857240671003 0.6182284980744545 0.003423485107839781 0.004107830551989731
0 0.5638479972612119 0.6159178433889602 0.0006846970215679561 0.0005134788189987163
0 0.6650119821978775 0.6143774069319641 0.0010270455323519343 0.0005134788189987163
0 0.5705237932214995 0.613992297817715 0.0010270455323519343 0.0007702182284980744
0 0.6638137624101336 0.6125802310654686 0.0006846970215679561 0.0005134788189987163
0 0.5587127695994523 0.613607188703466 0.004108182129407737 0.005134788189987163
0 0.6672372475179733 0.6105263157894737 0.0020540910647038686 0.0015404364569961489
0 0.5563163300239644 0.6101412066752246 0.0020540910647038686 0.0007702182284980744
0 0.6650119821978775 0.6077021822849807 0.00034234851078397807 0.0005134788189987163
0 0.5570010270455323 0.6042362002567394 0.0006846970215679561 0.00025673940949935817
0 0.5742896268401232 0.6038510911424904 0.0010270455323519343 0.0010269576379974327
0 0.6677507702841493 0.6028241335044929 0.00034234851078397807 0.0005134788189987163
0 0.5492981855528929 0.6037227214377406 0.005819924683327628 0.0028241335044929395
0 0.5549469359808284 0.6042362002567394 0.0013693940431359123 0.0043645699614890884
0 0.5604245121533721 0.5997432605905006 0.0006846970215679561 0.0010269576379974327
0 0.5571722013009244 0.5996148908857509 0.0017117425539198905 0.0007702182284980744
0 0.6699760356042451 0.596405648267009 0.0013693940431359123 0.0010269576379974327
0 0.5593974666210202 0.5962772785622593 0.0013693940431359123 0.0007702182284980744
0 0.6667237247517973 0.5938382541720154 0.0010270455323519343 0.0005134788189987163
0 0.5552892844916124 0.5935815147625161 0.0013693940431359123 0.0010269576379974327
0 0.5515234508729887 0.5933247753530166 0.0020540910647038686 0.0010269576379974327
0 0.5540910647038685 0.5920410783055199 0.0010270455323519343 0.0005134788189987163
0 0.6679219445395412 0.5910141206675225 0.0020540910647038686 0.0015404364569961489
0 0.5530640191715166 0.5894736842105263 0.0030811365970558027 0.0020539152759948653
0 0.5503252310852448 0.5884467265725288 0.002396439575487847 0.0010269576379974327
0 0.5486134885313249 0.5872913992297818 0.0010270455323519343 0.0007702182284980744
0 0.5539198904484766 0.5869062901155327 0.0020540910647038686 0.0020539152759948653
0 0.5527216706607326 0.5848523748395379 0.00034234851078397807 0.0005134788189987163
0 0.124957206436152 0.5852374839537869 0.0027387880862718246 0.0012836970474967907
0 0.08199246833276275 0.5849807445442875 0.0010270455323519343 0.0012836970474967907
0 0.296473810338925 0.5843388960205391 0.0006846970215679561 0.0005134788189987163
0 0.2935638479972612 0.5843388960205391 0.0010270455323519343 0.0005134788189987163
0 0.11537144813420061 0.5843388960205391 0.0006846970215679561 0.0005134788189987163
0 0.1218760698390962 0.5843388960205391 0.0013693940431359123 0.0010269576379974327
0 0.6687778158165012 0.5839537869062901 0.0010270455323519343 0.0007702182284980744
0 0.12872304005477575 0.5838254172015405 0.0013693940431359123 0.0010269576379974327
0 0.12615542622389592 0.5838254172015405 0.0010270455323519343 0.0010269576379974327
0 0.5657309140705238 0.5833119383825417 0.00034234851078397807 0.0005134788189987163
0 0.28842862033550154 0.5831835686777921 0.00034234851078397807 0.00025673940949935817
0 0.16792194453954126 0.5833119383825417 0.00034234851078397807 0.0005134788189987163
0 0.1232454638822321 0.5833119383825417 0.0006846970215679561 0.0005134788189987163
0 0.08815474152687436 0.5845956354300386 0.00718931872646354 0.0030808729139922978
0 0.13009243409791169 0.5830551989730424 0.0006846970215679561 0.0005134788189987163
0 0.09346114344402602 0.5830551989730424 0.0006846970215679561 0.0005134788189987163
0 0.15388565559739814 0.582798459563543 0.00034234851078397807 0.0005134788189987163
0 0.11537144813420061 0.5829268292682926 0.0006846970215679561 0.0007702182284980744
0 0.6704895583704211 0.5822849807445443 0.00034234851078397807 0.0005134788189987163
0 0.1045874700445053 0.5822849807445443 0.0010270455323519343 0.0010269576379974327
0 0.3031496062992126 0.5816431322207959 0.00034234851078397807 0.00025673940949935817
0 0.12067785005135227 0.5822849807445443 0.0030811365970558027 0.0015404364569961489
0 0.6663813762410133 0.5817715019255456 0.0010270455323519343 0.0010269576379974327
0 0.16757959602875727 0.5812580231065468 0.00034234851078397807 0.0005134788189987163
0 0.0859294762067785 0.5815147625160462 0.0006846970215679561 0.0010269576379974327
0 0.0005135227661759672 0.5813863928112966 0.0010270455323519343 0.0007702182284980744
0 0.08062307428962684 0.5808729139922978 0.00034234851078397807 0.00025673940949935817
0 0.1826429305032523 0.5812580231065468 0.0030811365970558027 0.0015404364569961489
0 0.1920575145498117 0.5804878048780487 0.0013693940431359123 0.0010269576379974327
0 0.15251626155426223 0.5802310654685494 0.0017117425539198905 0.0010269576379974327
0 0.10047928791509757 0.5803594351732991 0.0017117425539198905 0.0012836970474967907
0 0.5504964053406368 0.5834403080872914 0.005477576172543649 0.007958921694480103
0 0.2992125984251969 0.5797175866495508 0.0006846970215679561 0.0005134788189987163
0 0.13009243409791169 0.5801026957637997 0.0006846970215679561 0.0012836970474967907
0 0.0843889079082506 0.5798459563543004 0.0017117425539198905 0.0007702182284980744
0 0.30725778842862034 0.5794608472400513 0.0010270455323519343 0.0005134788189987163
0 0.11725436494351249 0.5793324775353017 0.0010270455323519343 0.00025673940949935817
0 0.09072235535775419 0.5803594351732991 0.0027387880862718246 0.0023106546854942235
0 0.29613146182814104 0.579204107830552 0.0006846970215679561 0.0005134788189987163
0 0.29407737076343715 0.5794608472400513 0.0020540910647038686 0.0010269576379974327
0 0.1436152002738788 0.579204107830552 0.0010270455323519343 0.0005134788189987163
0 0.1264977747346799 0.5804878048780487 0.004450530640191715 0.0030808729139922978
0 0.30366312906538856 0.5797175866495508 0.0027387880862718246 0.0025673940949935813
0 0.2978432043820609 0.5786906290115533 0.0006846970215679561 0.0005134788189987163
0 0.18486819582334818 0.579204107830552 0.0027387880862718246 0.0015404364569961489
0 0.1597055802807258 0.579204107830552 0.0017117425539198905 0.0015404364569961489
0 0.15217391304347827 0.5786906290115533 0.0010270455323519343 0.0005134788189987163
0 0.09500171174255392 0.5789473684210527 0.002396439575487847 0.0010269576379974327
0 0.020883259157822662 0.5786906290115533 0.0020540910647038686 0.0005134788189987163
0 0.5547757617254365 0.5785622593068036 0.0010270455323519343 0.0007702182284980744
0 0.18983224922971584 0.5786906290115533 0.0017117425539198905 0.0010269576379974327
0 0.17973296816158849 0.5785622593068036 0.0027387880862718246 0.0007702182284980744
0 0.0843889079082506 0.5781771501925546 0.00034234851078397807 0.0005134788189987163
0 0.23793221499486478 0.5783055198973043 0.0006846970215679561 0.0012836970474967907
0 0.01437863745292708 0.5776636713735558 0.0013693940431359123 0.0005134788189987163
0 0.5498117083190688 0.5779204107830552 0.0020540910647038686 0.0015404364569961489
0 0.24768914755220814 0.5775353016688062 0.0010270455323519343 0.0007702182284980744
0 0.06829852790140363 0.5776636713735558 0.0010270455323519343 0.0010269576379974327
0 0.007702841492639507 0.5772785622593068 0.00034234851078397807 0.00025673940949935817
0 0.5563163300239644 0.5774069319640565 0.0013693940431359123 0.0010269576379974327
0 0.15833618623758985 0.5772785622593068 0.0010270455323519343 0.0007702182284980744
0 0.1437863745292708 0.5771501925545571 0.0013693940431359123 0.0005134788189987163
0 0.005819924683327628 0.5771501925545571 0.0006846970215679561 0.0005134788189987163
0 0.3017802122560767 0.5770218228498074 0.0017117425539198905 0.0007702182284980744
0 0.26600479287915096 0.5776636713735558 0.0027387880862718246 0.0020539152759948653
0 0.18863402944197194 0.5768934531450578 0.0013693940431359123 0.0005134788189987163
0 0.18178705922629237 0.5768934531450578 0.0013693940431359123 0.0005134788189987163
0 0.1764806573091407 0.5772785622593068 0.002396439575487847 0.0012836970474967907
0 0.171858952413557 0.5785622593068036 0.0061622731941116055 0.0038510911424903724
0 0.004450530640191715 0.5772785622593068 0.0013693940431359123 0.0012836970474967907
0 0.546730571722013 0.5770218228498074 0.0020540910647038686 0.0012836970474967907
0 0.2928791509756933 0.5767650834403081 0.0010270455323519343 0.0007702182284980744
0 0.23981513180417666 0.5767650834403081 0.0010270455323519343 0.0007702182284980744
0 0.18572406710030812 0.5768934531450578 0.0010270455323519343 0.0010269576379974327
0 0.1203355015405683 0.5768934531450578 0.0010270455323519343 0.0010269576379974327
0 0.11434440260184868 0.5772785622593068 0.004108182129407737 0.001797175866495507
0 0.08028072577884286 0.5770218228498074 0.0017117425539198905 0.0012836970474967907
0 0.19154399178363574 0.5766367137355584 0.0010270455323519343 0.0010269576379974327
0 0.14584046559397468 0.5766367137355584 0.0020540910647038686 0.0010269576379974327
0 0.11828141047586443 0.576379974326059 0.0010270455323519343 0.0005134788189987163
0 0.10184868195823348 0.5772785622593068 0.0017117425539198905 0.0023106546854942235
0 0.05597398151318042 0.5766367137355584 0.0010270455323519343 0.0010269576379974327
0 0.5412529955494694 0.5761232349165597 0.0027387880862718246 0.0005134788189987163
0 0.16124614857925368 0.5768934531450578 0.0013693940431359123 0.0020539152759948653
0 0.15097569325573434 0.5768934531450578 0.0013693940431359123 0.0020539152759948653
0 0.5566586785347484 0.5757381258023107 0.0006846970215679561 0.00025673940949935817
0 0.5487846627867169 0.5761232349165597 0.0020540910647038686 0.0010269576379974327
0 0.296473810338925 0.5761232349165597 0.0013693940431359123 0.0010269576379974327
0 0.1795617939061965 0.57599486521181 0.0010270455323519343 0.0007702182284980744
0 0.2606983909619993 0.5756097560975609 0.00034234851078397807 0.0005134788189987163
0 0.1232454638822321 0.5781771501925546 0.008216364258815475 0.005648267008985879
0 0.5443341321465252 0.5762516046213094 0.0020540910647038686 0.0023106546854942235
0 0.30366312906538856 0.5754813863928113 0.0013693940431359123 0.0007702182284980744
0 0.265662444368367 0.575224646983312 0.0006846970215679561 0.00025673940949935817
0 0.2629236562820952 0.5754813863928113 0.0013693940431359123 0.0007702182284980744
0 0.25573433755563163 0.5767650834403081 0.0027387880862718246 0.003337612323491656
0 0.2220130092434098 0.5758664955070604 0.0017117425539198905 0.0015404364569961489
0 0.18846285518657993 0.5753530166880616 0.0010270455323519343 0.0005134788189987163
0 0.15696679219445395 0.575224646983312 0.00034234851078397807 0.00025673940949935817
0 0.14789455665867854 0.5754813863928113 0.0006846970215679561 0.0007702182284980744
0 0.06812735364601163 0.5756097560975609 0.0006846970215679561 0.0010269576379974327
0 0.06641561109209175 0.57599486521181 0.0006846970215679561 0.001797175866495507
0 0.05734337555631633 0.5754813863928113 0.0010270455323519343 0.0007702182284980744
0 0.20232796987333104 0.5757381258023107 0.0013693940431359123 0.001797175866495507
0 0.17288599794590895 0.5750962772785623 0.0006846970215679561 0.0005134788189987163
0 0.17066073262581308 0.575224646983312 0.0010270455323519343 0.0007702182284980744
0 0.08473125641903458 0.575224646983312 0.0010270455323519343 0.0007702182284980744
0 0.020712084902430674 0.575224646983312 0.0010270455323519343 0.0007702182284980744
0 0.29955494693598084 0.5754813863928113 0.003423485107839781 0.001797175866495507
0 0.2951044162957891 0.5749679075738126 0.0006846970215679561 0.0007702182284980744
0 0.25231085244779183 0.5756097560975609 0.0020540910647038686 0.0020539152759948653
0 0.22064361520027387 0.5748395378690629 0.0010270455323519343 0.0005134788189987163
0 0.19616569667921946 0.5753530166880616 0.0027387880862718246 0.0015404364569961489
0 0.14601163984936666 0.5748395378690629 0.0017117425539198905 0.0005134788189987163
0 0.11485792536802465 0.5750962772785623 0.0017117425539198905 0.0010269576379974327
0 0.01266689489900719 0.5750962772785623 0.0027387880862718246 0.0010269576379974327
0 0.2774734679904142 0.5744544287548139 0.00034234851078397807 0.00025673940949935817
0 0.14002054091064703 0.5749679075738126 0.0027387880862718246 0.0012836970474967907
0 0.1124614857925368 0.5753530166880616 0.0017117425539198905 0.0020539152759948653
0 0.10356042451215337 0.5747111681643132 0.0010270455323519343 0.0007702182284980744
0 0.5546045874700445 0.5741976893453145 0.0006846970215679561 0.00025673940949935817
0 0.2908250599109894 0.5744544287548139 0.0010270455323519343 0.0007702182284980744
0 0.26754536117767885 0.5748395378690629 0.0017117425539198905 0.0015404364569961489
0 0.5590551181102362 0.5739409499358151 0.0006846970215679561 0.00025673940949935817
0 0.16466963368709345 0.5772785622593068 0.007531667237247518 0.00693196405648267
0 0.12136254707292023 0.5745827984595635 0.0017117425539198905 0.0015404364569961489
0 0.30537487161930843 0.5739409499358151 0.0020540910647038686 0.0007702182284980744
0 0.249914412872304 0.5740693196405648 0.0020540910647038686 0.0010269576379974327
0 0.1987333105100993 0.5740693196405648 0.0017117425539198905 0.0010269576379974327
0 0.0953440602533379 0.5758664955070604 0.010612803834303321 0.004621309370988447
0 0.03029784320438206 0.5740693196405648 0.0017117425539198905 0.0010269576379974327
0 0.0013693940431359123 0.5738125802310655 0.0013693940431359123 0.0005134788189987163
0 0.5573433755563163 0.5740693196405648 0.0006846970215679561 0.0015404364569961489
0 0.5482711400205409 0.5739409499358151 0.002396439575487847 0.0012836970474967907
0 0.2622389592605272 0.5735558408215661 0.0006846970215679561 0.0005134788189987163
0 0.18315645326942828 0.5735558408215661 0.0013693940431359123 0.0005134788189987163
0 0.1749400890106128 0.5744544287548139 0.0027387880862718246 0.0023106546854942235
0 0.05357754193769257 0.5741976893453145 0.005135227661759671 0.001797175866495507
0 0.02721670660732626 0.5736842105263158 0.0017117425539198905 0.0007702182284980744
0 0.2951044162957891 0.5732991014120667 0.0006846970215679561 0.0005134788189987163
0 0.14566929133858267 0.5741976893453145 0.004450530640191715 0.0023106546854942235
0 0.1297500855871277 0.5757381258023107 0.008216364258815475 0.005391527599486521
0 0.11468675111263266 0.5736842105263158 0.0020540910647038686 0.0012836970474967907
0 0.02516261554262239 0.573170731707317 0.00034234851078397807 0.00025673940949935817
0 0.27148236905169465 0.573170731707317 0.0006846970215679561 0.0007702182284980744
0 0.2776446422458062 0.5729139922978177 0.0006846970215679561 0.0007702182284980744
0 0.18948990071893188 0.5730423620025674 0.0010270455323519343 0.0010269576379974327
0 0.18007531667237248 0.5727856225930681 0.0006846970215679561 0.0005134788189987163
0 0.1670660732625813 0.5729139922978177 0.0013693940431359123 0.0007702182284980744
0 0.15525504964053408 0.5727856225930681 0.00034234851078397807 0.0005134788189987163
0 0.15354330708661418 0.5726572528883184 0.00034234851078397807 0.00025673940949935817
0 0.09585758301951386 0.5738125802310655 0.004108182129407737 0.0025673940949935813
0 0.3108524477918521 0.5726572528883184 0.0020540910647038686 0.0007702182284980744
0 0.1966792194453954 0.5729139922978177 0.0017117425539198905 0.0012836970474967907
0 0.10253337897980144 0.5726572528883184 0.0010270455323519343 0.0007702182284980744
0 0.2745635056487504 0.572400513478819 0.0020540910647038686 0.0007702182284980744
0 0.1638137624101335 0.5722721437740693 0.0010270455323519343 0.0005134788189987163
0 0.00034234851078397807 0.572400513478819 0.0006846970215679561 0.0007702182284980744
0 0.5511811023622047 0.5732991014120667 0.0020540910647038686 0.0030808729139922978
0 0.2697706264977747 0.57201540436457 0.0020540910647038686 0.0005134788189987163
0 0.23827456350564874 0.5741976893453145 0.003423485107839781 0.004878048780487805
0 0.20677850051352276 0.5721437740693196 0.0027387880862718246 0.0007702182284980744
0 0.014036288942143102 0.5727856225930681 0.004792879150975694 0.0020539152759948653
0 0.5544334132146526 0.5721437740693196 0.002396439575487847 0.0012836970474967907
0 0.12889421431016776 0.5718870346598203 0.0010270455323519343 0.0007702182284980744
0 0.2985279014036289 0.5726572528883184 0.0020540910647038686 0.0028241335044929395
0 0.20232796987333104 0.5716302952503209 0.0006846970215679561 0.0007702182284980744
0 0.5390277302293734 0.5730423620025674 0.004450530640191715 0.004107830551989731
0 0.22714823690516947 0.5713735558408216 0.0010270455323519343 0.0007702182284980744
0 0.19137281752824375 0.5713735558408216 0.0013693940431359123 0.0007702182284980744
0 0.18812050667579597 0.5713735558408216 0.0010270455323519343 0.0007702182284980744
0 0.12478603218076001 0.5716302952503209 0.002396439575487847 0.0012836970474967907
0 0.09277644642245807 0.5709884467265726 0.0006846970215679561 0.0005134788189987163
0 0.06196508045190004 0.5716302952503209 0.0013693940431359123 0.001797175866495507
0 0.5588839438548442 0.5707317073170731 0.0017117425539198905 0.0005134788189987163
0 0.5559739815131804 0.5707317073170731 0.0013693940431359123 0.0005134788189987163
0 0.5511811023622047 0.5707317073170731 0.0006846970215679561 0.0005134788189987163
0 0.29441971927422117 0.5709884467265726 0.0006846970215679561 0.0010269576379974327
0 0.28004108182129406 0.5711168164313222 0.0013693940431359123 0.0012836970474967907
0 0.21824717562478604 0.5708600770218228 0.0017117425539198905 0.0007702182284980744
0 0.22098596371105786 0.5707317073170731 0.0010270455323519343 0.0010269576379974327
0 0.10561451557685723 0.5706033376123235 0.0010270455323519343 0.0007702182284980744
0 0.0968846285518658 0.5709884467265726 0.004792879150975694 0.0015404364569961489
0 0.31187949332420406 0.5704749679075738 0.0013693940431359123 0.0010269576379974327
0 0.30657309140705236 0.5711168164313222 0.004450530640191715 0.0023106546854942235
0 0.29322149948647724 0.5700898587933247 0.00034234851078397807 0.00025673940949935817
0 0.23485107839780897 0.5702182284980745 0.0006846970215679561 0.0005134788189987163
0 0.18966107497432386 0.5704749679075738 0.0013693940431359123 0.0010269576379974327
0 0.12238959260527217 0.5703465982028242 0.0010270455323519343 0.0007702182284980744
0 0.0859294762067785 0.5722721437740693 0.006846970215679562 0.004621309370988447
0 0.07240671003081137 0.5706033376123235 0.002396439575487847 0.0012836970474967907
0 0.00718931872646354 0.5706033376123235 0.0013693940431359123 0.0012836970474967907
0 0.2769599452242383 0.5699614890885751 0.0006846970215679561 0.0005134788189987163
0 0.27370763437179046 0.5700898587933247 0.0010270455323519343 0.0007702182284980744
0 0.2326258130777131 0.5700898587933247 0.0010270455323519343 0.0007702182284980744
0 0.11211913728175282 0.5718870346598203 0.002396439575487847 0.0043645699614890884
0 0.05819924683327628 0.5702182284980745 0.0006846970215679561 0.0010269576379974327
0 0.045361177678877096 0.5699614890885751 0.0017117425539198905 0.0005134788189987163
0 0.21071550838753852 0.5702182284980745 0.002396439575487847 0.0015404364569961489
0 0.0530640191715166 0.5712451861360719 0.0061622731941116055 0.003594351732991014
0 0.3094830537487162 0.5695763799743261 0.0006846970215679561 0.0007702182284980744
0 0.29887024991441286 0.5698331193838254 0.004108182129407737 0.0012836970474967907
0 0.22851763094830538 0.5726572528883184 0.011982197877439232 0.00693196405648267
0 0.16175967134542965 0.5693196405648266 0.00034234851078397807 0.00025673940949935817
0 0.14566929133858267 0.5699614890885751 0.0017117425539198905 0.0015404364569961489
0 0.12718247175624786 0.5702182284980745 0.0017117425539198905 0.0020539152759948653
0 0.08866826429305033 0.5708600770218228 0.0020540910647038686 0.003337612323491656
0 0.28551865799383774 0.569191270860077 0.0006846970215679561 0.0005134788189987163
0 0.25539198904484767 0.5708600770218228 0.0020540910647038686 0.0038510911424903724
0 0.21995891817870591 0.5693196405648266 0.0010270455323519343 0.0007702182284980744
0 0.2095172885997946 0.5690629011553273 0.0006846970215679561 0.00025673940949935817
0 0.15713796644984596 0.5695763799743261 0.0027387880862718246 0.0012836970474967907
0 0.11982197877439234 0.5697047496790757 0.0020540910647038686 0.0015404364569961489
0 0.09140705237932215 0.569191270860077 0.0006846970215679561 0.0005134788189987163
0 0.07394727832933927 0.5693196405648266 0.0006846970215679561 0.0007702182284980744
0 0.02208147894556659 0.5695763799743261 0.0017117425539198905 0.0012836970474967907
0 0.6768230058199247 0.568806161745828 0.0006846970215679561 0.00025673940949935817
0 0.2531667237247518 0.5689345314505777 0.0010270455323519343 0.0005134788189987163
0 0.23844573776104075 0.5700898587933247 0.002396439575487847 0.0028241335044929395
0 0.19103046901745976 0.5690629011553273 0.0013693940431359123 0.0007702182284980744
0 0.18829168093118795 0.5690629011553273 0.0006846970215679561 0.0007702182284980744
0 0.16655255049640533 0.5689345314505777 0.0017117425539198905 0.0005134788189987163
0 0.1593632317699418 0.5699614890885751 0.0017117425539198905 0.0025673940949935813
0 0.1295789113317357 0.568806161745828 0.00034234851078397807 0.00025673940949935817
0 0.00890106128038343 0.5690629011553273 0.0013693940431359123 0.0007702182284980744
0 0.3103389250256761 0.5685494223363287 0.00034234851078397807 0.00025673940949935817
0 0.20592262923656282 0.5689345314505777 0.0010270455323519343 0.0010269576379974327
0 0.19650804519000342 0.5686777920410783 0.0006846970215679561 0.0005134788189987163
0 0.19479630263608352 0.5699614890885751 0.004792879150975694 0.0030808729139922978
0 0.10047928791509757 0.5686777920410783 0.0010270455323519343 0.0005134788189987163
0 0.13231769941800753 0.5702182284980745 0.003765833618623759 0.004107830551989731
0 0.07634371790482711 0.5711168164313222 0.010955152345087298 0.005905006418485238
0 0.05340636768230058 0.5685494223363287 0.0013693940431359123 0.0007702182284980744
0 0.027559055118110236 0.5685494223363287 0.0010270455323519343 0.0007702182284980744
0 0.5520369736391647 0.5685494223363287 0.0017117425539198905 0.0012836970474967907
0 0.3026360835330366 0.5686777920410783 0.004792879150975694 0.0015404364569961489
0 0.2843204382060938 0.5680359435173299 0.0010270455323519343 0.00025673940949935817
0 0.2706264977747347 0.5689345314505777 0.0017117425539198905 0.0020539152759948653
0 0.23587812393016092 0.5681643132220796 0.0013693940431359123 0.0005134788189987163
0 0.09328996918863403 0.5681643132220796 0.0010270455323519343 0.0005134788189987163
0 0.08815474152687436 0.5680359435173299 0.00034234851078397807 0.00025673940949935817
0 0.08045190003423486 0.5689345314505777 0.0027387880862718246 0.0020539152759948653
0 0.6737418692228688 0.5681643132220796 0.0013693940431359123 0.0010269576379974327
0 0.2735364601163985 0.5679075738125803 0.0006846970215679561 0.0005134788189987163
0 0.2684012324546388 0.5677792041078306 0.0006846970215679561 0.00025673940949935817
0 0.15011982197877438 0.5681643132220796 0.0010270455323519343 0.0010269576379974327
0 0.09500171174255392 0.5677792041078306 0.00034234851078397807 0.00025673940949935817
0 0.21773365285861007 0.5684210526315789 0.003423485107839781 0.0020539152759948653
0 0.16124614857925368 0.5675224646983312 0.0006846970215679561 0.00025673940949935817
0 0.11742553919890449 0.5680359435173299 0.0020540910647038686 0.0012836970474967907
0 0.04313591235878124 0.5679075738125803 0.0006846970215679561 0.0010269576379974327
0 0.03628894214310168 0.5676508344030808 0.0006846970215679561 0.0005134788189987163
0 0.28962684012324547 0.5676508344030808 0.0013693940431359123 0.0010269576379974327
0 0.2293735022252653 0.5686777920410783 0.0020540910647038686 0.0030808729139922978
0 0.19496747689147553 0.5672657252888318 0.00034234851078397807 0.00025673940949935817
0 0.1484080794248545 0.5676508344030808 0.0010270455323519343 0.0010269576379974327
0 0.09808284833960973 0.5673940949935815 0.0010270455323519343 0.0005134788189987163
0 0.0842177336528586 0.568806161745828 0.004792879150975694 0.003337612323491656
0 0.2937350222526532 0.5672657252888318 0.0013693940431359123 0.0007702182284980744
0 0.13060595686408763 0.5670089858793325 0.00034234851078397807 0.00025673940949935817
0 0.026018486819582336 0.5672657252888318 0.0006846970215679561 0.0007702182284980744
0 0.26052721670660733 0.5706033376123235 0.013009243409791168 0.007958921694480103
0 0.23348168435467306 0.5670089858793325 0.0020540910647038686 0.0007702182284980744
0 0.22646353988360152 0.5670089858793325 0.0010270455323519343 0.0007702182284980744
0 0.20575145498117084 0.5671373555840822 0.0027387880862718246 0.0010269576379974327
0 0.15200273878808626 0.5668806161745829 0.0006846970215679561 0.0005134788189987163
0 0.09140705237932215 0.5676508344030808 0.0013693940431359123 0.0020539152759948653
0 0.06675795960287573 0.5703465982028242 0.007531667237247518 0.007445442875481386
0 0.029270797672030127 0.5671373555840822 0.0010270455323519343 0.0010269576379974327
0 0.008387538514207463 0.5670089858793325 0.0010270455323519343 0.0007702182284980744
0 0.2663471413899349 0.5667522464698331 0.0013693940431359123 0.0007702182284980744
0 0.19051694625128382 0.5670089858793325 0.004450530640191715 0.0012836970474967907
0 0.15902088325915784 0.5667522464698331 0.0010270455323519343 0.0007702182284980744
0 0.12581307771311195 0.5671373555840822 0.002396439575487847 0.0015404364569961489
0 0.12221841834988018 0.5667522464698331 0.0013693940431359123 0.0007702182284980744
0 0.05237932214994865 0.5666238767650834 0.0006846970215679561 0.0005134788189987163
0 0.019171516603902775 0.5706033376123235 0.009585758301951387 0.008472400513478818
0 0.3082848339609723 0.5676508344030808 0.002396439575487847 0.0030808729139922978
0 0.30537487161930843 0.5664955070603338 0.0013693940431359123 0.0007702182284980744
0 0.26001369394043133 0.5664955070603338 0.0010270455323519343 0.0007702182284980744
0 0.25556316330023965 0.5670089858793325 0.003765833618623759 0.001797175866495507
0 0.22252653200958575 0.5673940949935815 0.003423485107839781 0.0025673940949935813
0 0.2155083875385142 0.5664955070603338 0.0010270455323519343 0.0007702182284980744
0 0.0484423142759329 0.5664955070603338 0.0017117425539198905 0.0007702182284980744
0 0.19941800753166725 0.5661103979460848 0.0010270455323519343 0.0005134788189987163
0 0.10184868195823348 0.5664955070603338 0.0030811365970558027 0.0012836970474967907
0 0.0006846970215679561 0.5668806161745829 0.0013693940431359123 0.0020539152759948653
0 0.5554604587470044 0.5657252888318357 0.00034234851078397807 0.00025673940949935817
0 0.24700445053064018 0.5718870346598203 0.013351591920575145 0.01258023106546855
0 0.15405682985279015 0.5681643132220796 0.0027387880862718246 0.005134788189987163
0 0.15097569325573434 0.5658536585365853 0.0006846970215679561 0.0005134788189987163
0 0.09448818897637795 0.5657252888318357 0.0006846970215679561 0.00025673940949935817
0 0.0688120506675796 0.565982028241335 0.0006846970215679561 0.0007702182284980744
0 0.01454981170831907 0.5658536585365853 0.00034234851078397807 0.0005134788189987163
0 0.28226634714138993 0.5664955070603338 0.0017117425539198905 0.0023106546854942235
0 0.11776788770968846 0.5658536585365853 0.0020540910647038686 0.0010269576379974327
0 0.05734337555631633 0.5661103979460848 0.0017117425539198905 0.0015404364569961489
0 0.17476891475522083 0.5652118100128369 0.00034234851078397807 0.00025673940949935817
0 0.0968846285518658 0.5653401797175867 0.0006846970215679561 0.0005134788189987163
0 0.05426223895926053 0.5652118100128369 0.00034234851078397807 0.00025673940949935817
0 0.03200958575830195 0.565982028241335 0.005135227661759671 0.001797175866495507
0 0.28620335501540567 0.5649550706033376 0.0006846970215679561 0.00025673940949935817
0 0.2733652858610065 0.5649550706033376 0.00034234851078397807 0.00025673940949935817
0 0.264977747346799 0.5650834403080873 0.0013693940431359123 0.0005134788189987163
0 0.25761725436494354 0.5652118100128369 0.0010270455323519343 0.0007702182284980744
0 0.009928106812735364 0.5650834403080873 0.0006846970215679561 0.0005134788189987163
0 0.3171858952413557 0.5649550706033376 0.0017117425539198905 0.0007702182284980744
0 0.20558028072577883 0.5648267008985879 0.00034234851078397807 0.0005134788189987163
0 0.156110920917494 0.5650834403080873 0.0020540910647038686 0.0010269576379974327
0 0.14173228346456693 0.568806161745828 0.010955152345087298 0.008472400513478818
0 0.08404655939746662 0.5652118100128369 0.009243409791167409 0.0012836970474967907
0 0.27935638479972613 0.5645699614890886 0.0006846970215679561 0.0005134788189987163
0 0.2550496405340637 0.5649550706033376 0.0020540910647038686 0.0012836970474967907
0 0.1621020198562136 0.5646983311938383 0.0010270455323519343 0.0007702182284980744
0 0.10578568983224923 0.5648267008985879 0.0027387880862718246 0.0010269576379974327
0 0.10219103046901747 0.5646983311938383 0.0017117425539198905 0.0007702182284980744
0 0.0953440602533379 0.5645699614890886 0.00034234851078397807 0.0005134788189987163
0 0.6740842177336529 0.5648267008985879 0.0020540910647038686 0.0015404364569961489
0 0.31187949332420406 0.5663671373555841 0.010270455323519343 0.004621309370988447
0 0.23416638137624102 0.5648267008985879 0.0020540910647038686 0.0015404364569961489
0 0.14344402601848683 0.5649550706033376 0.0027387880862718246 0.001797175866495507
0 0.03782951044162958 0.564441591784339 0.0010270455323519343 0.0007702182284980744
0 0.23810338925025676 0.5643132220795892 0.0010270455323519343 0.0010269576379974327
0 0.0020540910647038686 0.5641848523748395 0.0006846970215679561 0.0007702182284980744
0 0.5487846627867169 0.5658536585365853 0.004792879150975694 0.004621309370988447
0 0.28825744608010956 0.5640564826700899 0.0006846970215679561 0.0010269576379974327
0 0.05700102704553235 0.5637997432605905 0.00034234851078397807 0.0005134788189987163
0 0.017117425539198903 0.5648267008985879 0.0020540910647038686 0.0025673940949935813
0 0.005135227661759671 0.5637997432605905 0.0006846970215679561 0.0005134788189987163
0 0.3266004792879151 0.5640564826700899 0.0020540910647038686 0.0015404364569961489
0 0.3000684697021568 0.5637997432605905 0.0010270455323519343 0.0010269576379974327
0 0.27370763437179046 0.5634146341463414 0.00034234851078397807 0.00025673940949935817
0 0.26823005819924683 0.5643132220795892 0.002396439575487847 0.0020539152759948653
0 0.2620677850051352 0.5640564826700899 0.0030811365970558027 0.0015404364569961489
0 0.24358096542280042 0.5650834403080873 0.005819924683327628 0.003594351732991014
0 0.22920232796987333 0.5648267008985879 0.0017117425539198905 0.003594351732991014
0 0.19633687093461144 0.5631578947368421 0.00034234851078397807 0.00025673940949935817
0 0.04399178363574118 0.5635430038510911 0.0017117425539198905 0.0010269576379974327
0 0.3171858952413557 0.5629011553273428 0.00034234851078397807 0.00025673940949935817
0 0.30246490927764463 0.5643132220795892 0.0030811365970558027 0.0030808729139922978
0 0.2831222184183499 0.5630295250320925 0.0006846970215679561 0.0005134788189987163
0 0.25350907223553576 0.564441591784339 0.005135227661759671 0.003337612323491656
0 0.2220130092434098 0.5634146341463414 0.0030811365970558027 0.0012836970474967907
0 0.08165011982197877 0.5629011553273428 0.00034234851078397807 0.00025673940949935817
0 0.05426223895926053 0.5631578947368421 0.0010270455323519343 0.0007702182284980744
0 0.029441971927422116 0.5636713735558408 0.0027387880862718246 0.001797175866495507
0 0.02293735022252653 0.5643132220795892 0.008216364258815475 0.0030808729139922978
0 0.1920575145498117 0.562772785622593 0.0006846970215679561 0.0005134788189987163
0 0.03303663129065389 0.5634146341463414 0.0017117425539198905 0.001797175866495507
0 0.5542622389592605 0.5626444159178434 0.0013693940431359123 0.0007702182284980744
0 0.5320095857583019 0.5626444159178434 0.0013693940431359123 0.0007702182284980744
0 0.20660732625813077 0.5626444159178434 0.0010270455323519343 0.0007702182284980744
0 0.20249914412872305 0.5625160462130937 0.0010270455323519343 0.0005134788189987163
0 0.19890448476549127 0.562772785622593 0.0020540910647038686 0.0010269576379974327
0 0.1547415268743581 0.5625160462130937 0.0006846970215679561 0.0005134788189987163
0 0.00034234851078397807 0.5626444159178434 0.0006846970215679561 0.0007702182284980744
0 0.32180760013693943 0.5625160462130937 0.0013693940431359123 0.0010269576379974327
0 0.2908250599109894 0.562387676508344 0.0010270455323519343 0.0007702182284980744
0 0.23656282095172887 0.5629011553273428 0.0013693940431359123 0.001797175866495507
0 0.2595001711742554 0.5625160462130937 0.0020540910647038686 0.0015404364569961489
0 0.28825744608010956 0.5618741976893453 0.0006846970215679561 0.0007702182284980744
0 0.2762752482026703 0.5618741976893453 0.0006846970215679561 0.0007702182284980744
0 0.2249229715850736 0.562002567394095 0.0013693940431359123 0.0010269576379974327
0 0.21653543307086615 0.5618741976893453 0.0010270455323519343 0.0007702182284980744
0 0.12427250941458405 0.5626444159178434 0.004108182129407737 0.0023106546854942235
0 0.09397466621020198 0.5626444159178434 0.0017117425539198905 0.0023106546854942235
0 0.07788428620335501 0.5617458279845956 0.0010270455323519343 0.0005134788189987163
0 0.05220814789455666 0.562002567394095 0.0010270455323519343 0.0010269576379974327
0 0.0022252653200958575 0.5618741976893453 0.0017117425539198905 0.0007702182284980744
0 0.09893871961656966 0.5629011553273428 0.004108182129407737 0.003337612323491656
0 0.04895583704210887 0.5614890885750963 0.0006846970215679561 0.0005134788189987163
0 0.5446764806573091 0.5636713735558408 0.010955152345087298 0.005391527599486521
0 0.12855186579938377 0.5639281129653402 0.007874015748031496 0.005905006418485238
0 0.02516261554262239 0.5613607188703466 0.0010270455323519343 0.0007702182284980744
0 0.11297500855871277 0.5631578947368421 0.00890106128038343 0.004878048780487805
0 0.0968846285518658 0.5613607188703466 0.0006846970215679561 0.0012836970474967907
0 0.0688120506675796 0.5608472400513479 0.0006846970215679561 0.00025673940949935817
0 0.04981170831906881 0.5608472400513479 0.00034234851078397807 0.00025673940949935817
0 0.5391989044847655 0.5609756097560976 0.0020540910647038686 0.0010269576379974327
0 0.31975350907223554 0.5607188703465982 0.0006846970215679561 0.0005134788189987163
0 0.23587812393016092 0.5608472400513479 0.0013693940431359123 0.0007702182284980744
0 0.14310167750770283 0.562002567394095 0.0027387880862718246 0.0030808729139922978
0 0.10116398493666552 0.5605905006418486 0.00034234851078397807 0.00025673940949935817
0 0.023622047244094488 0.5609756097560976 0.0006846970215679561 0.0010269576379974327
0 0.008216364258815475 0.5605905006418486 0.0006846970215679561 0.00025673940949935817
0 0.5344060253337898 0.5605905006418486 0.0020540910647038686 0.0007702182284980744
0 0.30417665183156456 0.5612323491655969 0.004450530640191715 0.0020539152759948653
0 0.2920232796987333 0.5603337612323491 0.0006846970215679561 0.00025673940949935817
0 0.26258130777131117 0.561617458279846 0.004792879150975694 0.0028241335044929395
0 0.25539198904484767 0.5605905006418486 0.0013693940431359123 0.0007702182284980744
0 0.20130092434097913 0.5605905006418486 0.0006846970215679561 0.0007702182284980744
0 0.0765148921602191 0.5603337612323491 0.00034234851078397807 0.00025673940949935817
0 0.05871276959945224 0.5608472400513479 0.002396439575487847 0.0012836970474967907
0 0.031153714481342007 0.5608472400513479 0.0013693940431359123 0.0012836970474967907
0 0.29818555289284493 0.5609756097560976 0.004108182129407737 0.0020539152759948653
0 0.2956179390619651 0.5603337612323491 0.0017117425539198905 0.0007702182284980744
0 0.2581307771311195 0.5603337612323491 0.0006846970215679561 0.0007702182284980744
0 0.25265320095857585 0.5604621309370988 0.0006846970215679561 0.0010269576379974327
0 0.24529270797672031 0.562387676508344 0.010612803834303321 0.004878048780487805
0 0.1359123587812393 0.5645699614890886 0.008216364258815475 0.009242618741976894
0 0.10270455323519342 0.561617458279846 0.004792879150975694 0.003337612323491656
0 0.08507360492981855 0.5609756097560976 0.0010270455323519343 0.0020539152759948653
0 0.08147894556658679 0.5603337612323491 0.0006846970215679561 0.0007702182284980744
0 0.07292023279698734 0.5611039794608472 0.0027387880862718246 0.0023106546854942235
0 0.22149948647723383 0.5602053915275995 0.0013693940431359123 0.0010269576379974327
0 0.1704895583704211 0.5599486521181001 0.0006846970215679561 0.0005134788189987163
0 0.1360835330366313 0.5608472400513479 0.0030811365970558027 0.0023106546854942235
0 0.03782951044162958 0.5599486521181001 0.00034234851078397807 0.0005134788189987163
0 0.03372132831222184 0.5608472400513479 0.004450530640191715 0.0023106546854942235
0 0.5417665183156454 0.5598202824133505 0.0010270455323519343 0.0007702182284980744
0 0.28825744608010956 0.5596919127086007 0.0006846970215679561 0.0005134788189987163
0 0.2735364601163985 0.5598202824133505 0.0020540910647038686 0.0007702182284980744
0 0.2074631975350907 0.5599486521181001 0.0013693940431359123 0.0010269576379974327
0 0.140876412187607 0.5595635430038511 0.00034234851078397807 0.00025673940949935817
0 0.10749743238616911 0.5600770218228498 0.0027387880862718246 0.0012836970474967907
0 0.078055460458747 0.5596919127086007 0.0006846970215679561 0.0005134788189987163
0 0.07052379322149949 0.5595635430038511 0.0006846970215679561 0.00025673940949935817
0 0.3144471071550839 0.5595635430038511 0.0010270455323519343 0.0007702182284980744
0 0.3069154399178364 0.5595635430038511 0.0010270455323519343 0.0007702182284980744
0 0.12084902430674427 0.5622593068035944 0.0061622731941116055 0.0061617458279845955
0 0.12701129750085588 0.5600770218228498 0.005477576172543649 0.0023106546854942235
0 0.2901403628894214 0.5589216944801026 0.0010270455323519343 0.0005134788189987163
0 0.27918521054433415 0.5599486521181001 0.0017117425539198905 0.0025673940949935813
0 0.22543649435124957 0.5590500641848524 0.00034234851078397807 0.0007702182284980744
0 0.16432728517630948 0.5589216944801026 0.0006846970215679561 0.0005134788189987163
0 0.09825402259500171 0.5593068035943517 0.0027387880862718246 0.0012836970474967907
0 0.09072235535775419 0.5621309370988447 0.008216364258815475 0.00693196405648267
0 0.5398836015063334 0.558793324775353 0.0013693940431359123 0.0007702182284980744
0 0.30229373502225265 0.5589216944801026 0.0013693940431359123 0.0010269576379974327
0 0.26343717904827113 0.5586649550706033 0.00034234851078397807 0.0005134788189987163
0 0.20968846285518658 0.5586649550706033 0.0010270455323519343 0.0005134788189987163
0 0.19479630263608352 0.5594351732991014 0.0027387880862718246 0.0020539152759948653
0 0.07257788428620336 0.5586649550706033 0.0006846970215679561 0.0005134788189987163
0 0.6737418692228688 0.558793324775353 0.0027387880862718246 0.0012836970474967907
0 0.5441629578911332 0.558793324775353 0.0030811365970558027 0.0012836970474967907
0 0.3262581307771311 0.5595635430038511 0.0013693940431359123 0.0028241335044929395
0 0.27713111947963026 0.5586649550706033 0.0017117425539198905 0.0010269576379974327
0 0.2451215337213283 0.558408215661104 0.0006846970215679561 0.0005134788189987163
0 0.24306744265662444 0.5586649550706033 0.0013693940431359123 0.0010269576379974327
0 0.11742553919890449 0.5585365853658537 0.0006846970215679561 0.0007702182284980744
0 0.10424512153372133 0.558793324775353 0.0017117425539198905 0.0012836970474967907
0 0.09500171174255392 0.558408215661104 0.0010270455323519343 0.0005134788189987163
0 0.05443341321465252 0.5586649550706033 0.0013693940431359123 0.0010269576379974327
0 0.23981513180417666 0.5589216944801026 0.002396439575487847 0.0020539152759948653
0 0.13830879835672716 0.5580231065468549 0.0006846970215679561 0.00025673940949935817
0 0.13129065388565558 0.558793324775353 0.0030811365970558027 0.001797175866495507
0 0.10082163642588154 0.5585365853658537 0.002396439575487847 0.0012836970474967907
0 0.06538856555973982 0.5589216944801026 0.0013693940431359123 0.0020539152759948653
0 0.328141047586443 0.5580231065468549 0.0010270455323519343 0.0007702182284980744
0 0.30862718247175625 0.5578947368421052 0.0010270455323519343 0.0005134788189987163
0 0.22235535775419377 0.5578947368421052 0.0010270455323519343 0.0005134788189987163
0 0.12461485792536803 0.5576379974326059 0.0006846970215679561 0.0005134788189987163
0 0.11999315302978432 0.5582798459563543 0.002396439575487847 0.001797175866495507
0 0.058541595344060254 0.5576379974326059 0.0006846970215679561 0.0005134788189987163
0 0.04382060938034919 0.5576379974326059 0.0013693940431359123 0.0005134788189987163
0 0.0022252653200958575 0.5581514762516047 0.0010270455323519343 0.0015404364569961489
0 0.5349195480999658 0.5581514762516047 0.0030811365970558027 0.0020539152759948653
0 0.3248887367339952 0.5576379974326059 0.0027387880862718246 0.0010269576379974327
0 0.19804861348853134 0.5573812580231066 0.0010270455323519343 0.0005134788189987163
0 0.16963368709346113 0.5576379974326059 0.0010270455323519343 0.0010269576379974327
0 0.10766860664156111 0.5577663671373556 0.0017117425539198905 0.0012836970474967907
0 0.049298185552892844 0.5576379974326059 0.0013693940431359123 0.0010269576379974327
0 0.024649092776446422 0.5578947368421052 0.005477576172543649 0.0015404364569961489
0 0.011297500855871277 0.5580231065468549 0.004108182129407737 0.001797175866495507
0 0.29459089352961315 0.5581514762516047 0.004450530640191715 0.0025673940949935813
0 0.2829510441629579 0.5572528883183568 0.0017117425539198905 0.0007702182284980744
0 0.14498459431701471 0.5573812580231066 0.0017117425539198905 0.0010269576379974327
0 0.0859294762067785 0.5580231065468549 0.007531667237247518 0.0023106546854942235
0 0.06829852790140363 0.5572528883183568 0.0010270455323519343 0.0007702182284980744
0 0.530811365970558 0.5572528883183568 0.0017117425539198905 0.0012836970474967907
0 0.21157137966449846 0.5567394094993582 0.0006846970215679561 0.00025673940949935817
0 0.20763437179048272 0.5569961489088575 0.0010270455323519343 0.0007702182284980744
0 0.19428277986990758 0.5572528883183568 0.0010270455323519343 0.0012836970474967907
0 0.1280383430332078 0.5569961489088575 0.0027387880862718246 0.0007702182284980744
0 0.3087983567271482 0.5566110397946085 0.0006846970215679561 0.0005134788189987163
0 0.3026360835330366 0.5568677792041078 0.0020540910647038686 0.0010269576379974327
0 0.09157822663471414 0.5567394094993582 0.0010270455323519343 0.0007702182284980744
0 0.06179390619650805 0.5564826700898587 0.00034234851078397807 0.00025673940949935817
0 0.5335501540568298 0.5563543003851091 0.00034234851078397807 0.0005134788189987163
0 0.31769941800753165 0.5568677792041078 0.003423485107839781 0.0015404364569961489
0 0.28688805203697365 0.5562259306803594 0.0006846970215679561 0.00025673940949935817
0 0.1999315302978432 0.5566110397946085 0.0013693940431359123 0.0010269576379974327
0 0.1638137624101335 0.5567394094993582 0.0010270455323519343 0.0012836970474967907
0 0.14070523793221498 0.5573812580231066 0.004108182129407737 0.0025673940949935813
0 0.08952413557001027 0.5564826700898587 0.0010270455323519343 0.0007702182284980744
0 0.07377610407394727 0.5567394094993582 0.0017117425539198905 0.0012836970474967907
0 0.701472098596371 0.5560975609756098 0.0006846970215679561 0.0005134788189987163
0 0.5650462170489559 0.5562259306803594 0.0010270455323519343 0.0007702182284980744
0 0.16655255049640533 0.5562259306803594 0.0010270455323519343 0.0007702182284980744
0 0.09791167408421773 0.5566110397946085 0.007531667237247518 0.0015404364569961489
0 0.008045190003423484 0.5566110397946085 0.0017117425539198905 0.0015404364569961489
0 0.0010270455323519343 0.5559691912708601 0.0006846970215679561 0.00025673940949935817
0 0.026189661074974325 0.5559691912708601 0.0010270455323519343 0.0007702182284980744
0 0.1141732283464567 0.5578947368421052 0.006504621704895584 0.005134788189987163
0 0.045532351934269084 0.5557124518613608 0.0006846970215679561 0.0007702182284980744
0 0.005477576172543649 0.5577663671373556 0.004108182129407737 0.004878048780487805
0 0.672030126668949 0.5554557124518613 0.0013693940431359123 0.0007702182284980744
0 0.5515234508729887 0.555198973042362 0.0006846970215679561 0.00025673940949935817
0 0.3069154399178364 0.5554557124518613 0.0010270455323519343 0.0007702182284980744
0 0.24169804861348854 0.5558408215661104 0.0013693940431359123 0.0015404364569961489
0 0.11126326600479287 0.5562259306803594 0.0027387880862718246 0.0023106546854942235
0 0.055802807257788425 0.5562259306803594 0.003423485107839781 0.0023106546854942235
0 0.3154741526874358 0.5549422336328627 0.00034234851078397807 0.00025673940949935817
0 0.20489558370421088 0.5557124518613608 0.0030811365970558027 0.001797175866495507
0 0.12855186579938377 0.555198973042362 0.0010270455323519343 0.0007702182284980744
0 0.09277644642245807 0.5550706033376124 0.0006846970215679561 0.0005134788189987163
0 0.024135570010270457 0.555584082156611 0.0017117425539198905 0.0015404364569961489
0 0.3257446080109552 0.555198973042362 0.0017117425539198905 0.0012836970474967907
0 0.312221841834988 0.5549422336328627 0.0013693940431359123 0.0007702182284980744
0 0.27918521054433415 0.5549422336328627 0.0010270455323519343 0.0007702182284980744
0 0.19257103731598768 0.5557124518613608 0.0017117425539198905 0.0023106546854942235
0 0.14310167750770283 0.5548138639281129 0.0006846970215679561 0.0005134788189987163
0 0.1140020540910647 0.5548138639281129 0.0006846970215679561 0.0005134788189987163
0 0.08644299897295447 0.5550706033376124 0.0017117425539198905 0.0010269576379974327
0 0.07702841492639508 0.5549422336328627 0.0020540910647038686 0.0007702182284980744
0 0.025504964053406368 0.5546854942233633 0.00034234851078397807 0.00025673940949935817
0 0.30417665183156456 0.5548138639281129 0.0010270455323519343 0.0010269576379974327
0 0.2928791509756933 0.5546854942233633 0.0030811365970558027 0.0007702182284980744
0 0.24922971585073606 0.5546854942233633 0.0013693940431359123 0.0007702182284980744
0 0.21020198562136255 0.5548138639281129 0.0020540910647038686 0.0010269576379974327
0 0.07360492981855529 0.5544287548138639 0.0006846970215679561 0.00025673940949935817
0 0.03971242725094146 0.555584082156611 0.0020540910647038686 0.0025673940949935813
0 0.22098596371105786 0.5541720154043646 0.00034234851078397807 0.00025673940949935817
0 0.18846285518657993 0.5545571245186136 0.0017117425539198905 0.0010269576379974327
0 0.1735706949674769 0.5541720154043646 0.0006846970215679561 0.00025673940949935817
0 0.06521739130434782 0.5548138639281129 0.0017117425539198905 0.0015404364569961489
0 0.30229373502225265 0.5543003851091143 0.0006846970215679561 0.0010269576379974327
0 0.2826086956521739 0.5540436456996148 0.0010270455323519343 0.0005134788189987163
0 0.19890448476549127 0.5550706033376124 0.005477576172543649 0.0025673940949935813
0 0.14070523793221498 0.5548138639281129 0.003423485107839781 0.0020539152759948653
0 0.10989387196165697 0.5540436456996148 0.0006846970215679561 0.0005134788189987163
0 0.062136254707292025 0.5544287548138639 0.0010270455323519343 0.0012836970474967907
0 0.044505306401917154 0.5541720154043646 0.0013693940431359123 0.0007702182284980744
0 0.033207805546045875 0.5546854942233633 0.0020540910647038686 0.001797175866495507
0 0.007531667237247518 0.5541720154043646 0.0006846970215679561 0.0007702182284980744
0 0.003423485107839781 0.5546854942233633 0.003423485107839781 0.001797175866495507
0 0.6754536117767888 0.5544287548138639 0.003423485107839781 0.001797175866495507
0 0.5409106470386854 0.5553273427471117 0.0061622731941116055 0.003594351732991014
0 0.2767887709688463 0.5544287548138639 0.0017117425539198905 0.001797175866495507
0 0.21858952413557 0.5539152759948652 0.0010270455323519343 0.0007702182284980744
0 0.6732283464566929 0.5534017971758665 0.00034234851078397807 0.00025673940949935817
0 0.28551865799383774 0.5536585365853659 0.0013693940431359123 0.0007702182284980744
0 0.12016432728517631 0.555198973042362 0.004792879150975694 0.0038510911424903724
0 0.03406367682300582 0.5562259306803594 0.008558712769599451 0.005905006418485238
0 0.3271140020540911 0.5535301668806162 0.0010270455323519343 0.0010269576379974327
0 0.32386169120164326 0.5535301668806162 0.0006846970215679561 0.0010269576379974327
0 0.3202670318384115 0.5534017971758665 0.0017117425539198905 0.0007702182284980744
0 0.23861691201643273 0.5536585365853659 0.0027387880862718246 0.0012836970474967907
0 0.23228346456692914 0.5532734274711169 0.0010270455323519343 0.0005134788189987163
0 0.1766518315645327 0.5532734274711169 0.0006846970215679561 0.0005134788189987163
0 0.058370421088668266 0.5534017971758665 0.0010270455323519343 0.0007702182284980744
0 0.7048955837042109 0.5546854942233633 0.003423485107839781 0.0038510911424903724
0 0.7006162273194112 0.5540436456996148 0.003765833618623759 0.0025673940949935813
0 0.09756932557343376 0.5531450577663671 0.0006846970215679561 0.0007702182284980744
0 0.6756247860321808 0.5527599486521181 0.0010270455323519343 0.0005134788189987163
0 0.30862718247175625 0.5526315789473685 0.0010270455323519343 0.0007702182284980744
0 0.18024649092776446 0.552374839537869 0.0010270455323519343 0.00025673940949935817
0 0.11537144813420061 0.5526315789473685 0.0020540910647038686 0.0007702182284980744
0 0.07360492981855529 0.5525032092426188 0.0006846970215679561 0.0005134788189987163
0 0.05511811023622047 0.5525032092426188 0.0013693940431359123 0.0005134788189987163
0 0.03355015405682985 0.5525032092426188 0.0006846970215679561 0.0005134788189987163
0 0.5371448134200616 0.5541720154043646 0.0027387880862718246 0.0043645699614890884
0 0.29887024991441286 0.5537869062901155 0.0027387880862718246 0.003594351732991014
0 0.21499486477233823 0.552374839537869 0.0006846970215679561 0.0007702182284980744
0 0.20078740157480315 0.552374839537869 0.0010270455323519343 0.0007702182284980744
0 0.14070523793221498 0.5527599486521181 0.0013693940431359123 0.0015404364569961489
0 0.11776788770968846 0.5522464698331194 0.0006846970215679561 0.0005134788189987163
0 0.06658678534748373 0.552374839537869 0.0010270455323519343 0.0007702182284980744
0 0.05083875385142075 0.5540436456996148 0.005135227661759671 0.004107830551989731
0 0.02875727490585416 0.5544287548138639 0.004792879150975694 0.004878048780487805
0 0.2767887709688463 0.5521181001283697 0.0010270455323519343 0.0007702182284980744
0 0.14447107155083874 0.5522464698331194 0.0013693940431359123 0.0010269576379974327
0 0.12735364601163984 0.5518613607188704 0.0006846970215679561 0.00025673940949935817
0 0.062307428962684014 0.5521181001283697 0.0013693940431359123 0.0007702182284980744
0 0.21208490243067443 0.5517329910141207 0.0017117425539198905 0.0005134788189987163
0 0.18880520369736392 0.5521181001283697 0.0017117425539198905 0.0012836970474967907
0 0.13197535090722357 0.55198973042362 0.0010270455323519343 0.0010269576379974327
0 0.3154741526874358 0.5514762516046213 0.00034234851078397807 0.0005134788189987163
0 0.3137624101335159 0.5516046213093709 0.0010270455323519343 0.0007702182284980744
0 0.2360492981855529 0.5514762516046213 0.00034234851078397807 0.0005134788189987163
0 0.21020198562136255 0.5513478818998716 0.0006846970215679561 0.00025673940949935817
0 0.04519000342348511 0.5513478818998716 0.0006846970215679561 0.00025673940949935817
0 0.29596028757274906 0.5525032092426188 0.002396439575487847 0.0030808729139922978
0 0.13933584388907908 0.551219512195122 0.0006846970215679561 0.0005134788189987163
0 0.5426223895926052 0.551219512195122 0.0027387880862718246 0.0010269576379974327
0 0.5364601163984937 0.551219512195122 0.004108182129407737 0.0010269576379974327
0 0.311708319068812 0.5510911424903723 0.0010270455323519343 0.0007702182284980744
0 0.042622389592605274 0.5510911424903723 0.002396439575487847 0.0007702182284980744
0 0.040054775761725434 0.550834403080873 0.0006846970215679561 0.00025673940949935817
0 0.7718247175624786 0.5505776636713735 0.00034234851078397807 0.00025673940949935817
0 0.6737418692228688 0.5516046213093709 0.0013693940431359123 0.0023106546854942235
0 0.30571722013009245 0.5516046213093709 0.0027387880862718246 0.0023106546854942235
0 0.16312906538856556 0.5509627727856226 0.0017117425539198905 0.0010269576379974327
0 0.13676823005819924 0.5514762516046213 0.0010270455323519343 0.0020539152759948653
0 0.10920917494008901 0.5507060333761232 0.0006846970215679561 0.0005134788189987163
0 0.05700102704553235 0.5505776636713735 0.00034234851078397807 0.00025673940949935817
0 0.0530640191715166 0.5510911424903723 0.0020540910647038686 0.0012836970474967907
0 0.04861348853132489 0.551219512195122 0.0013693940431359123 0.0015404364569961489
0 0.03628894214310168 0.550834403080873 0.0006846970215679561 0.0007702182284980744
0 0.7632660047928792 0.5509627727856226 0.0017117425539198905 0.0015404364569961489
0 0.7002738788086272 0.5509627727856226 0.0010270455323519343 0.0015404364569961489
0 0.3188976377952756 0.5507060333761232 0.0017117425539198905 0.0010269576379974327
0 0.2874015748031496 0.551219512195122 0.0017117425539198905 0.0020539152759948653
0 0.19085929476206778 0.5503209242618742 0.0010270455323519343 0.00025673940949935817
0 0.18640876412187607 0.5505776636713735 0.0010270455323519343 0.0007702182284980744
0 0.17596713454296473 0.5509627727856226 0.0027387880862718246 0.0015404364569961489
0 0.12290311537144813 0.5514762516046213 0.0020540910647038686 0.0025673940949935813
0 0.07240671003081137 0.5505776636713735 0.0010270455323519343 0.0007702182284980744
0 0.0688120506675796 0.5505776636713735 0.0006846970215679561 0.0007702182284980744
0 0.19736391646696336 0.5514762516046213 0.003765833618623759 0.0030808729139922978
0 0.007874015748031496 0.551219512195122 0.003423485107839781 0.0025673940949935813
0 0.23057172201300924 0.5501925545571246 0.0010270455323519343 0.0010269576379974327
0 0.20267031838411503 0.5500641848523748 0.0013693940431359123 0.0007702182284980744
0 0.08986648408079424 0.5500641848523748 0.0017117425539198905 0.0007702182284980744
0 0.02909962341663814 0.5504492939666239 0.0020540910647038686 0.0015404364569961489
0 0.29476206778500513 0.5496790757381258 0.0006846970215679561 0.0005134788189987163
0 0.6990756590208833 0.5505776636713735 0.012324546388223211 0.0028241335044929395
0 0.5510099281068127 0.5496790757381258 0.0017117425539198905 0.0010269576379974327
0 0.546730571722013 0.5494223363286265 0.0006846970215679561 0.0005134788189987163
0 0.30708661417322836 0.5495507060333761 0.0013693940431359123 0.0007702182284980744
0 0.250256761383088 0.5494223363286265 0.0006846970215679561 0.0005134788189987163
0 0.24888736733995206 0.5494223363286265 0.0006846970215679561 0.0005134788189987163
0 0.11947963026360835 0.5500641848523748 0.0027387880862718246 0.001797175866495507
0 0.08353303663129065 0.55198973042362 0.005477576172543649 0.005648267008985879
0 0.04895583704210887 0.5496790757381258 0.0013693940431359123 0.0010269576379974327
0 0.03269428277986991 0.550834403080873 0.004450530640191715 0.003337612323491656
0 0.22680588839438548 0.5490372272143774 0.00034234851078397807 0.00025673940949935817
0 0.21311194796302635 0.5499358151476251 0.002396439575487847 0.0020539152759948653
0 0.20968846285518658 0.5494223363286265 0.0010270455323519343 0.0010269576379974327
0 0.0025676138308798357 0.5509627727856226 0.005135227661759671 0.004107830551989731
0 0.5402259500171174 0.5492939666238768 0.004792879150975694 0.0012836970474967907
0 0.18366997603560425 0.5490372272143774 0.0017117425539198905 0.0007702182284980744
0 0.7704553235193426 0.5486521181001284 0.0010270455323519343 0.0005134788189987163
0 0.6732283464566929 0.5490372272143774 0.002396439575487847 0.0012836970474967907
0 0.2437521396781924 0.5486521181001284 0.0013693940431359123 0.0005134788189987163
0 0.19513865114686751 0.5495507060333761 0.003423485107839781 0.0023106546854942235
0 0.0859294762067785 0.5490372272143774 0.0013693940431359123 0.0012836970474967907
0 0.054604587470044506 0.5487804878048781 0.002396439575487847 0.0007702182284980744
0 0.04108182129407737 0.5489088575096277 0.0013693940431359123 0.0010269576379974327
0 0.7641218760698391 0.5489088575096277 0.0020540910647038686 0.0015404364569961489
0 0.28551865799383774 0.5498074454428755 0.004108182129407737 0.003337612323491656
0 0.13180417665183156 0.5489088575096277 0.004108182129407737 0.0015404364569961489
0 0.04484765491270113 0.5482670089858793 0.0006846970215679561 0.00025673940949935817
0 0.17870592262923657 0.5491655969191271 0.004108182129407737 0.0025673940949935813
0 0.10390277302293735 0.5489088575096277 0.0030811365970558027 0.0020539152759948653
0 0.09260527216706607 0.5482670089858793 0.0017117425539198905 0.0007702182284980744
0 0.08370421088668265 0.5481386392811296 0.0010270455323519343 0.0005134788189987163
0 0.07411845258473125 0.5485237483953787 0.0010270455323519343 0.0012836970474967907
0 0.06966792194453954 0.5482670089858793 0.0010270455323519343 0.0007702182284980744
0 0.060424512153372134 0.5482670089858793 0.0010270455323519343 0.0007702182284980744
0 0.0010270455323519343 0.548395378690629 0.0020540910647038686 0.0010269576379974327
0 0.6958233481684355 0.5481386392811296 0.003765833618623759 0.0010269576379974327
0 0.32882574460801095 0.5481386392811296 0.0010270455323519343 0.0010269576379974327
0 0.17425539198904486 0.5482670089858793 0.0020540910647038686 0.0012836970474967907
0 0.004964053406367682 0.5482670089858793 0.002396439575487847 0.0012836970474967907
0 0.7083190688120506 0.5490372272143774 0.0061622731941116055 0.003337612323491656
0 0.14977747346799042 0.5476251604621309 0.0010270455323519343 0.0005134788189987163
0 0.03851420746319754 0.5476251604621309 0.0010270455323519343 0.0005134788189987163
0 0.766004792879151 0.5477535301668807 0.0030811365970558027 0.0012836970474967907
0 0.28192399863060597 0.5476251604621309 0.002396439575487847 0.0010269576379974327
0 0.22115713796644984 0.5474967907573812 0.0006846970215679561 0.0007702182284980744
0 0.09945224238274564 0.5477535301668807 0.0017117425539198905 0.0012836970474967907
0 0.04655939746662102 0.5478818998716303 0.0006846970215679561 0.0015404364569961489
0 0.703183841150291 0.5473684210526316 0.003423485107839781 0.0010269576379974327
0 0.5368024649092776 0.5482670089858793 0.00890106128038343 0.0028241335044929395
0 0.22543649435124957 0.5469833119383826 0.0010270455323519343 0.00025673940949935817
0 0.08113659705580281 0.5472400513478819 0.0006846970215679561 0.0007702182284980744
0 0.078055460458747 0.5482670089858793 0.0027387880862718246 0.0028241335044929395
0 0.7692571037315987 0.5468549422336328 0.0006846970215679561 0.0005134788189987163
0 0.3004108182129408 0.5471116816431322 0.0010270455323519343 0.0010269576379974327
0 0.2511126326600479 0.5471116816431322 0.0010270455323519343 0.0010269576379974327
0 0.2482026703183841 0.5468549422336328 0.0013693940431359123 0.0005134788189987163
0 0.20267031838411503 0.5469833119383826 0.0013693940431359123 0.0007702182284980744
0 0.14498459431701471 0.5471116816431322 0.0017117425539198905 0.0010269576379974327
0 0.04108182129407737 0.5468549422336328 0.0006846970215679561 0.0005134788189987163
0 0.7737076343717905 0.5481386392811296 0.0027387880862718246 0.003594351732991014
0 0.2957891133173571 0.5464698331193838 0.0013693940431359123 0.00025673940949935817
0 0.17237247517973298 0.5465982028241335 0.0010270455323519343 0.0005134788189987163
0 0.08678534748373845 0.5465982028241335 0.00034234851078397807 0.0005134788189987163
0 0.06333447449503594 0.5473684210526316 0.003423485107839781 0.0020539152759948653
0 0.6923998630605956 0.5476251604621309 0.002396439575487847 0.0030808729139922978
0 0.27935638479972613 0.5464698331193838 0.0013693940431359123 0.0007702182284980744
0 0.23553577541937692 0.5463414634146342 0.0006846970215679561 0.0005134788189987163
0 0.12119137281752825 0.5473684210526316 0.005477576172543649 0.0025673940949935813
0 0.10373159876754535 0.5467265725288832 0.003423485107839781 0.0012836970474967907
0 0.08849709003765834 0.5464698331193838 0.0010270455323519343 0.0007702182284980744
0 0.05700102704553235 0.5464698331193838 0.0010270455323519343 0.0007702182284980744
0 0.28705922629236563 0.5459563543003851 0.00034234851078397807 0.00025673940949935817
0 0.27576172543649435 0.5462130937098845 0.0010270455323519343 0.0007702182284980744
0 0.23810338925025676 0.5462130937098845 0.0010270455323519343 0.0007702182284980744
0 0.18966107497432386 0.5478818998716303 0.003423485107839781 0.004107830551989731
0 0.11656966792194454 0.5460847240051347 0.0010270455323519343 0.0005134788189987163
0 0.765833618623759 0.5458279845956354 0.0006846970215679561 0.0005134788189987163
0 0.3242040397124272 0.5459563543003851 0.0013693940431359123 0.0007702182284980744
0 0.18538171858952412 0.5472400513478819 0.005819924683327628 0.003337612323491656
0 0.10082163642588154 0.5465982028241335 0.0017117425539198905 0.0020539152759948653
0 0.09346114344402602 0.5459563543003851 0.0013693940431359123 0.0007702182284980744
0 0.08558712769599452 0.5458279845956354 0.0006846970215679561 0.0005134788189987163
0 0.3034919548099966 0.5456996148908857 0.0010270455323519343 0.0007702182284980744
0 0.2839780896953098 0.5459563543003851 0.0010270455323519343 0.0012836970474967907
0 0.032351934269085926 0.5467265725288832 0.004450530640191715 0.0028241335044929395
0 0.3221499486477234 0.5454428754813864 0.0006846970215679561 0.0007702182284980744
0 0.24340979116740843 0.5453145057766368 0.0006846970215679561 0.0005134788189987163
0 0.15645326942827797 0.5453145057766368 0.0006846970215679561 0.0005134788189987163
0 0.11537144813420061 0.5481386392811296 0.004792879150975694 0.0061617458279845955
0 0.07446080109551523 0.545186136071887 0.0010270455323519343 0.00025673940949935817
0 0.04467648065730914 0.545186136071887 0.00034234851078397807 0.00025673940949935817
0 0.2942485450188292 0.5450577663671373 0.0010270455323519343 0.0005134788189987163
0 0.25830195138651146 0.5450577663671373 0.00034234851078397807 0.0005134788189987163
0 0.203183841150291 0.5449293966623877 0.00034234851078397807 0.00025673940949935817
0 0.10424512153372133 0.5450577663671373 0.00034234851078397807 0.0005134788189987163
0 0.0813077713111948 0.5453145057766368 0.0010270455323519343 0.0010269576379974327
0 0.0006846970215679561 0.5460847240051347 0.0013693940431359123 0.0025673940949935813
0 0.16894899007189318 0.5455712451861361 0.0017117425539198905 0.0020539152759948653
0 0.09859637110578569 0.5450577663671373 0.0013693940431359123 0.0010269576379974327
0 0.672885997945909 0.5446726572528883 0.0010270455323519343 0.0007702182284980744
0 0.21961656966792195 0.5444159178433889 0.00034234851078397807 0.00025673940949935817
0 0.21054433413214652 0.5449293966623877 0.0020540910647038686 0.0012836970474967907
0 0.17408421773365285 0.5445442875481387 0.0010270455323519343 0.0005134788189987163
0 0.15285861006504622 0.5449293966623877 0.0017117425539198905 0.0012836970474967907
0 0.062136254707292025 0.5449293966623877 0.003765833618623759 0.0012836970474967907
0 0.05751454981170832 0.5449293966623877 0.0020540910647038686 0.0012836970474967907
0 0.7637795275590551 0.5453145057766368 0.0013693940431359123 0.0025673940949935813
0 0.7004450530640192 0.5444159178433889 0.0013693940431359123 0.0007702182284980744
0 0.31478945566586786 0.544801026957638 0.002396439575487847 0.0015404364569961489
0 0.2750770284149264 0.5441591784338896 0.00034234851078397807 0.00025673940949935817
0 0.0842177336528586 0.5449293966623877 0.003423485107839781 0.001797175866495507
0 0.07737076343717905 0.5446726572528883 0.0013693940431359123 0.0012836970474967907
0 0.296987333105101 0.5439024390243903 0.00034234851078397807 0.00025673940949935817
0 0.2761040739472783 0.5440308087291399 0.0010270455323519343 0.0005134788189987163
0 0.2329681615884971 0.5442875481386393 0.0010270455323519343 0.0010269576379974327
0 0.17921944539541254 0.544801026957638 0.0030811365970558027 0.0020539152759948653
0 0.09003765833618624 0.5441591784338896 0.0020540910647038686 0.0007702182284980744
0 0.05049640534063677 0.5455712451861361 0.008558712769599451 0.003594351732991014
0 0.686066415611092 0.5440308087291399 0.0013693940431359123 0.0010269576379974327
0 0.3111947963026361 0.5453145057766368 0.0027387880862718246 0.003594351732991014
0 0.0999657651489216 0.5439024390243903 0.0006846970215679561 0.0007702182284980744
0 0.29185210544334134 0.5439024390243903 0.0010270455323519343 0.0012836970474967907
0 0.2357069496747689 0.5435173299101412 0.0010270455323519343 0.0005134788189987163
0 0.20181444710715507 0.5440308087291399 0.0017117425539198905 0.0015404364569961489
0 0.1999315302978432 0.5437740693196406 0.0013693940431359123 0.0010269576379974327
0 0.1937692571037316 0.5437740693196406 0.0013693940431359123 0.0010269576379974327
0 0.09431701472098597 0.5440308087291399 0.0030811365970558027 0.0015404364569961489
0 0.06624443683669975 0.5433889602053915 0.00034234851078397807 0.00025673940949935817
0 0.6949674768914755 0.544801026957638 0.0020540910647038686 0.003594351732991014
0 0.3165011982197877 0.5432605905006418 0.0010270455323519343 0.0005134788189987163
0 0.2567613830879836 0.5436456996148908 0.0020540910647038686 0.0012836970474967907
0 0.15919205751454982 0.5432605905006418 0.0006846970215679561 0.0005134788189987163
0 0.7013009243409791 0.5453145057766368 0.008558712769599451 0.005134788189987163
0 0.6978774392331394 0.5435173299101412 0.0030811365970558027 0.0015404364569961489
0 0.25128380691543994 0.5432605905006418 0.0006846970215679561 0.0010269576379974327
0 0.687949332420404 0.5431322207958922 0.0017117425539198905 0.0012836970474967907
0 0.22988702499144129 0.5430038510911425 0.0010270455323519343 0.0010269576379974327
0 0.1655255049640534 0.5427471116816431 0.002396439575487847 0.0005134788189987163
0 0.05357754193769257 0.5426187419768934 0.00034234851078397807 0.00025673940949935817
0 0.32728517630948306 0.5424903722721438 0.0006846970215679561 0.0005134788189987163
0 0.30297843204382063 0.5426187419768934 0.0006846970215679561 0.0007702182284980744
0 0.26514892160219106 0.5424903722721438 0.00034234851078397807 0.0005134788189987163
0 0.1015063334474495 0.5427471116816431 0.0010270455323519343 0.0010269576379974327
0 0.09568640876412188 0.5424903722721438 0.00034234851078397807 0.0005134788189987163
0 0.32386169120164326 0.5427471116816431 0.003423485107839781 0.0015404364569961489
0 0.30075316672372476 0.5424903722721438 0.0017117425539198905 0.0010269576379974327
0 0.24871619308456008 0.5428754813863929 0.0017117425539198905 0.001797175866495507
0 0.24563505648750428 0.5423620025673941 0.0010270455323519343 0.0007702182284980744
0 0.19941800753166725 0.5421052631578948 0.00034234851078397807 0.00025673940949935817
0 0.17134542964738103 0.5435173299101412 0.0017117425539198905 0.0030808729139922978
0 0.11708319068812051 0.5423620025673941 0.0013693940431359123 0.0007702182284980744
0 0.07908250599109894 0.5422336328626444 0.0006846970215679561 0.0005134788189987163
0 0.078055460458747 0.5422336328626444 0.0006846970215679561 0.0005134788189987163
0 0.07240671003081137 0.5427471116816431 0.0010270455323519343 0.0015404364569961489
0 0.044334132146525165 0.5422336328626444 0.0010270455323519343 0.0005134788189987163
0 0.5450188291680931 0.541976893453145 0.0006846970215679561 0.0005134788189987163
0 0.3144471071550839 0.5421052631578948 0.0010270455323519343 0.0007702182284980744
0 0.2978432043820609 0.5421052631578948 0.0006846970215679561 0.0007702182284980744
0 0.23450872988702498 0.5421052631578948 0.0013693940431359123 0.0007702182284980744
0 0.20797672030126668 0.5423620025673941 0.002396439575487847 0.0012836970474967907
0 0.0857583019513865 0.5423620025673941 0.002396439575487847 0.0012836970474967907
0 0.2281752824375214 0.5423620025673941 0.0017117425539198905 0.0023106546854942235
0 0.2155083875385142 0.5414634146341464 0.00034234851078397807 0.0005134788189987163
0 0.11759671345429647 0.5413350449293967 0.00034234851078397807 0.00025673940949935817
0 0.09072235535775419 0.5421052631578948 0.003423485107839781 0.001797175866495507
0 0.07394727832933927 0.5414634146341464 0.0006846970215679561 0.0005134788189987163
0 0.049127011297500855 0.541591784338896 0.00034234851078397807 0.0007702182284980744
0 0.3111947963026361 0.5412066752246469 0.0006846970215679561 0.0005134788189987163
0 0.21790482711400205 0.5412066752246469 0.002396439575487847 0.0005134788189987163
0 0.21499486477233823 0.5426187419768934 0.004108182129407737 0.003337612323491656
0 0.20660732625813077 0.5410783055198973 0.00034234851078397807 0.00025673940949935817
0 0.11537144813420061 0.5413350449293967 0.0013693940431359123 0.0007702182284980744
0 0.09876754536117768 0.5417201540436457 0.004450530640191715 0.0015404364569961489
0 0.0688120506675796 0.5427471116816431 0.003423485107839781 0.003594351732991014
0 0.6757959602875727 0.5409499358151476 0.0006846970215679561 0.0005134788189987163
0 0.32043820609380347 0.5414634146341464 0.0020540910647038686 0.0015404364569961489
0 0.28996918863402943 0.5410783055198973 0.0006846970215679561 0.0007702182284980744
0 0.08815474152687436 0.540821566110398 0.00034234851078397807 0.00025673940949935817
0 0.07583019513865115 0.5409499358151476 0.00034234851078397807 0.0005134788189987163
0 0.6828141047586443 0.5417201540436457 0.004450530640191715 0.0025673940949935813
0 0.24563505648750428 0.5409499358151476 0.0017117425539198905 0.0010269576379974327
0 0.24101335159192058 0.5406931964056483 0.0006846970215679561 0.0005134788189987163
0 0.17973296816158849 0.5406931964056483 0.0006846970215679561 0.0005134788189987163
0 0.17220130092434097 0.5406931964056483 0.0006846970215679561 0.0005134788189987163
0 0.07754193769257103 0.5405648267008986 0.00034234851078397807 0.00025673940949935817
0 0.05426223895926053 0.5412066752246469 0.0017117425539198905 0.0015404364569961489
0 0.546901745977405 0.5403080872913992 0.00034234851078397807 0.00025673940949935817
0 0.24323861691201643 0.540821566110398 0.0017117425539198905 0.0012836970474967907
0 0.23810338925025676 0.540436456996149 0.0010270455323519343 0.0005134788189987163
0 0.2233824032865457 0.5410783055198973 0.0030811365970558027 0.001797175866495507
0 0.2093461143444026 0.5405648267008986 0.0010270455323519343 0.0007702182284980744
0 0.08473125641903458 0.540436456996149 0.0010270455323519343 0.0005134788189987163
0 0.040568298527901406 0.540436456996149 0.00034234851078397807 0.0005134788189987163
0 0.703012666894899 0.540821566110398 0.0017117425539198905 0.001797175866495507
0 0.2529955494693598 0.5403080872913992 0.0013693940431359123 0.0007702182284980744
0 0.2485450188291681 0.5405648267008986 0.0027387880862718246 0.0012836970474967907
0 0.16227319411160562 0.5403080872913992 0.0013693940431359123 0.0007702182284980744
0 0.08695652173913043 0.5401797175866495 0.0006846970215679561 0.0005134788189987163
0 0.04296473810338925 0.5406931964056483 0.003765833618623759 0.0015404364569961489
0 0.7711400205409107 0.5427471116816431 0.010612803834303321 0.0061617458279845955
0 0.3137624101335159 0.5401797175866495 0.002396439575487847 0.0010269576379974327
0 0.2314275932899692 0.540436456996149 0.0020540910647038686 0.0015404364569961489
0 0.06846970215679561 0.5401797175866495 0.0013693940431359123 0.0010269576379974327
0 0.6790482711400205 0.5397946084724005 0.0010270455323519343 0.0007702182284980744
0 0.2858610065046217 0.5396662387676509 0.0006846970215679561 0.0005134788189987163
0 0.0515234508729887 0.5406931964056483 0.0017117425539198905 0.0025673940949935813
0 0.038000684697021565 0.5396662387676509 0.0006846970215679561 0.0005134788189987163
0 0.3031496062992126 0.5395378690629011 0.0010270455323519343 0.0007702182284980744
0 0.17254364943512496 0.5394094993581515 0.0006846970215679561 0.0005134788189987163
0 0.06641561109209175 0.5395378690629011 0.0020540910647038686 0.0007702182284980744
0 0.7612119137281753 0.5395378690629011 0.005135227661759671 0.0012836970474967907
0 0.22646353988360152 0.5395378690629011 0.0017117425539198905 0.0012836970474967907
0 0.09500171174255392 0.540436456996149 0.00718931872646354 0.0030808729139922978
0 0.2755905511811024 0.5391527599486521 0.0006846970215679561 0.0010269576379974327
0 0.2677165354330709 0.5388960205391528 0.0013693940431359123 0.0005134788189987163
0 0.2451215337213283 0.5388960205391528 0.0013693940431359123 0.0005134788189987163
0 0.20592262923656282 0.5391527599486521 0.002396439575487847 0.0010269576379974327
0 0.047415268743580964 0.5388960205391528 0.0010270455323519343 0.0005134788189987163
0 0.6814447107155084 0.5391527599486521 0.002396439575487847 0.0015404364569961489
0 0.30554604587470047 0.5385109114249037 0.00034234851078397807 0.00025673940949935817
0 0.21790482711400205 0.538767650834403 0.0010270455323519343 0.0007702182284980744
0 0.17596713454296473 0.5390243902439025 0.003423485107839781 0.0012836970474967907
0 0.1684354673057172 0.5386392811296534 0.0013693940431359123 0.0005134788189987163
0 0.05083875385142075 0.5385109114249037 0.00034234851078397807 0.00025673940949935817
0 0.0359465936323177 0.5391527599486521 0.0020540910647038686 0.0015404364569961489
0 0.7682300581992468 0.5385109114249037 0.0006846970215679561 0.0007702182284980744
0 0.31821294077370765 0.5382541720154044 0.00034234851078397807 0.00025673940949935817
0 0.28021225607668604 0.5382541720154044 0.00034234851078397807 0.00025673940949935817
0 0.18212940773707634 0.5394094993581515 0.0027387880862718246 0.0025673940949935813
0 0.08147894556658679 0.5383825417201541 0.0006846970215679561 0.0005134788189987163
0 0.061451557685724065 0.5409499358151476 0.005819924683327628 0.005648267008985879
0 0.05494693598082848 0.5385109114249037 0.0017117425539198905 0.0007702182284980744
0 0.28534748373844576 0.5381258023106547 0.00034234851078397807 0.0005134788189987163
0 0.19582334816843547 0.5383825417201541 0.0013693940431359123 0.0010269576379974327
0 0.09979459089352961 0.538767650834403 0.002396439575487847 0.001797175866495507
0 0.06436152002738788 0.5385109114249037 0.0013693940431359123 0.0012836970474967907
0 0.24905854159534407 0.537997432605905 0.0010270455323519343 0.0007702182284980744
0 0.2122560766860664 0.5385109114249037 0.0027387880862718246 0.001797175866495507
0 0.19907565902088326 0.5381258023106547 0.002396439575487847 0.0010269576379974327
0 0.08729887024991441 0.5382541720154044 0.003423485107839781 0.0012836970474967907
0 0.06795617939061965 0.5381258023106547 0.0010270455323519343 0.0010269576379974327
0 0.31136597055802806 0.5374839537869063 0.00034234851078397807 0.00025673940949935817
0 0.3026360835330366 0.537612323491656 0.0006846970215679561 0.0005134788189987163
0 0.297158507360493 0.537997432605905 0.0013693940431359123 0.0012836970474967907
0 0.18966107497432386 0.5377406931964056 0.0013693940431359123 0.0007702182284980744
0 0.16603902773022938 0.5374839537869063 0.0006846970215679561 0.00025673940949935817
0 0.08404655939746662 0.5377406931964056 0.0010270455323519343 0.0007702182284980744
0 0.043478260869565216 0.5377406931964056 0.0013693940431359123 0.0007702182284980744
0 0.3159876754536118 0.5390243902439025 0.004108182129407737 0.0038510911424903724
0 0.23964395754878468 0.537227214377407 0.0006846970215679561 0.00025673940949935817
0 0.21567956179390618 0.5374839537869063 0.0013693940431359123 0.0007702182284980744
0 0.2078055460458747 0.5377406931964056 0.0013693940431359123 0.0012836970474967907
0 0.1939404313591236 0.537612323491656 0.0010270455323519343 0.0010269576379974327
0 0.2949332420403971 0.5374839537869063 0.0017117425539198905 0.0012836970474967907
0 0.15542622389592606 0.5373555840821566 0.0006846970215679561 0.0010269576379974327
0 0.3045190003423485 0.5369704749679076 0.0010270455323519343 0.0007702182284980744
0 0.2921944539541253 0.5370988446726572 0.0010270455323519343 0.0010269576379974327
0 0.21311194796302635 0.5369704749679076 0.0010270455323519343 0.0007702182284980744
0 0.17699418007531667 0.537227214377407 0.0020540910647038686 0.0012836970474967907
0 0.28705922629236563 0.5365853658536586 0.0010270455323519343 0.0005134788189987163
0 0.2420403971242725 0.537612323491656 0.003423485107839781 0.0025673940949935813
0 0.23313933584388907 0.5369704749679076 0.0013693940431359123 0.0012836970474967907
0 0.203355015405683 0.5369704749679076 0.0027387880862718246 0.0012836970474967907
0 0.18812050667579597 0.5368421052631579 0.0010270455323519343 0.0010269576379974327
0 0.18709346114344402 0.5405648267008986 0.013351591920575145 0.008472400513478818
0 0.13077713111947964 0.5367137355584082 0.0020540910647038686 0.0007702182284980744
0 0.07874015748031496 0.5370988446726572 0.0020540910647038686 0.0015404364569961489
0 0.06538856555973982 0.5367137355584082 0.0013693940431359123 0.0007702182284980744
0 0.06350564875042794 0.5367137355584082 0.0010270455323519343 0.0007702182284980744
0 0.25710373159876754 0.5370988446726572 0.0027387880862718246 0.0020539152759948653
0 0.14755220814789455 0.5368421052631579 0.0027387880862718246 0.0015404364569961489
0 0.09448818897637795 0.537227214377407 0.003423485107839781 0.0023106546854942235
0 0.07086614173228346 0.5363286264441591 0.0006846970215679561 0.0005134788189987163
0 0.03851420746319754 0.5369704749679076 0.002396439575487847 0.001797175866495507
0 0.7860321807600137 0.5359435173299102 0.0006846970215679561 0.00025673940949935817
0 0.171516603902773 0.537227214377407 0.004108182129407737 0.0028241335044929395
0 0.16039027730229374 0.5367137355584082 0.005819924683327628 0.001797175866495507
0 0.0563163300239644 0.5362002567394095 0.0010270455323519343 0.0007702182284980744
0 0.31068127353646013 0.5356867779204108 0.00034234851078397807 0.00025673940949935817
0 0.3089695309825402 0.5359435173299102 0.002396439575487847 0.0007702182284980744
0 0.19085929476206778 0.5358151476251605 0.0010270455323519343 0.0005134788189987163
0 0.17887709688462855 0.5356867779204108 0.00034234851078397807 0.00025673940949935817
0 0.1530297843204382 0.5356867779204108 0.0006846970215679561 0.00025673940949935817
0 0.06590208832591578 0.5356867779204108 0.00034234851078397807 0.00025673940949935817
0 0.9039712427250941 0.5363286264441591 0.0017117425539198905 0.0020539152759948653
0 0.29048271140020543 0.5365853658536586 0.002396439575487847 0.0025673940949935813
0 0.20968846285518658 0.5358151476251605 0.0010270455323519343 0.0010269576379974327
0 0.17699418007531667 0.5355584082156611 0.0013693940431359123 0.0005134788189987163
0 0.14429989729544676 0.5359435173299102 0.0010270455323519343 0.0012836970474967907
0 0.09106470386853817 0.5369704749679076 0.004792879150975694 0.003337612323491656
0 0.07463197535090722 0.5363286264441591 0.004108182129407737 0.0020539152759948653
0 0.9138993495378295 0.5359435173299102 0.006504621704895584 0.001797175866495507
0 0.5431359123587812 0.5354300385109114 0.0010270455323519343 0.0007702182284980744
0 0.3200958575830195 0.5353016688061617 0.0006846970215679561 0.0005134788189987163
0 0.1953098254022595 0.5358151476251605 0.002396439575487847 0.0015404364569961489
0 0.17408421773365285 0.5359435173299102 0.0017117425539198905 0.001797175866495507
0 0.1328312221841835 0.5355584082156611 0.0006846970215679561 0.0010269576379974327
0 0.24289626840123246 0.5351732991014121 0.0010270455323519343 0.0007702182284980744
0 0.23502225265320095 0.5351732991014121 0.0010270455323519343 0.0007702182284980744
0 0.22920232796987333 0.5354300385109114 0.0010270455323519343 0.0012836970474967907
0 0.07737076343717905 0.5353016688061617 0.0020540910647038686 0.0010269576379974327
0 0.3146182814104759 0.5351732991014121 0.0027387880862718246 0.0012836970474967907
0 0.30588839438548443 0.5350449293966624 0.0017117425539198905 0.0010269576379974327
0 0.13574118452584732 0.5350449293966624 0.0017117425539198905 0.0010269576379974327
0 0.053919890448476546 0.5349165596919128 0.0030811365970558027 0.0007702182284980744
0 0.29887024991441286 0.5353016688061617 0.004792879150975694 0.0020539152759948653
0 0.2880862718247176 0.534403080872914 0.0010270455323519343 0.00025673940949935817
0 0.22595001711742554 0.5355584082156611 0.003423485107839781 0.0025673940949935813
0 0.08079424854501883 0.5350449293966624 0.0006846970215679561 0.0015404364569961489
0 0.04775761725436494 0.5356867779204108 0.002396439575487847 0.0028241335044929395
0 0.766689489900719 0.534788189987163 0.002396439575487847 0.0015404364569961489
0 0.7618966107497432 0.5342747111681643 0.0010270455323519343 0.0005134788189987163
0 0.2327969873331051 0.534788189987163 0.0020540910647038686 0.0015404364569961489
0 0.21379664498459433 0.5351732991014121 0.003765833618623759 0.0023106546854942235
0 0.16432728517630948 0.5342747111681643 0.0006846970215679561 0.0005134788189987163
0 0.062136254707292025 0.5349165596919128 0.002396439575487847 0.001797175866495507
0 0.0578568983224923 0.534403080872914 0.0013693940431359123 0.0007702182284980744
0 0.5412529955494694 0.5340179717586649 0.0006846970215679561 0.0005134788189987163
0 0.18675111263266006 0.5345314505776637 0.0010270455323519343 0.0015404364569961489
0 0.08558712769599452 0.5351732991014121 0.004792879150975694 0.0028241335044929395
0 0.14310167750770283 0.5345314505776637 0.0020540910647038686 0.0020539152759948653
0 0.13984936665525505 0.5337612323491656 0.0010270455323519343 0.0005134788189987163
0 0.07206436152002739 0.5341463414634147 0.0017117425539198905 0.0012836970474967907
0 0.9003765833618623 0.5335044929396663 0.0006846970215679561 0.0005134788189987163
0 0.891475522081479 0.5337612323491656 0.0020540910647038686 0.0010269576379974327
0 0.5445053064019172 0.5337612323491656 0.0010270455323519343 0.0010269576379974327
0 0.3159876754536118 0.5335044929396663 0.0006846970215679561 0.0005134788189987163
0 0.2858610065046217 0.5337612323491656 0.0020540910647038686 0.0010269576379974327
0 0.2204724409448819 0.5336328626444159 0.0006846970215679561 0.0007702182284980744
0 0.20797672030126668 0.5337612323491656 0.0017117425539198905 0.0010269576379974327
0 0.27884286203355013 0.5333761232349166 0.0010270455323519343 0.0007702182284980744
0 0.07925368024649093 0.5333761232349166 0.0010270455323519343 0.0007702182284980744
0 0.07565902088325915 0.5337612323491656 0.0013693940431359123 0.0015404364569961489
0 0.04501882916809312 0.5342747111681643 0.002396439575487847 0.0025673940949935813
0 0.041766518315645325 0.5332477535301668 0.0013693940431359123 0.0005134788189987163
0 0.7702841492639507 0.5336328626444159 0.004108182129407737 0.001797175866495507
0 0.5501540568298527 0.5329910141206675 0.0006846970215679561 0.0005134788189987163
0 0.3004108182129408 0.5335044929396663 0.0017117425539198905 0.0015404364569961489
0 0.14720985963711058 0.5329910141206675 0.0006846970215679561 0.0005134788189987163
0 0.08267716535433071 0.5329910141206675 0.0010270455323519343 0.0005134788189987163
0 0.5402259500171174 0.5326059050064185 0.0006846970215679561 0.00025673940949935817
0 0.3082848339609723 0.5332477535301668 0.002396439575487847 0.0015404364569961489
0 0.16809311879493324 0.5336328626444159 0.003423485107839781 0.0023106546854942235
0 0.9157822663471414 0.5333761232349166 0.005477576172543649 0.0023106546854942235
0 0.31359123587812393 0.5329910141206675 0.0006846970215679561 0.0015404364569961489
0 0.15011982197877438 0.5335044929396663 0.005135227661759671 0.0025673940949935813
0 0.21739130434782608 0.5333761232349166 0.004108182129407737 0.003337612323491656
0 0.14207463197535092 0.5323491655969191 0.0020540910647038686 0.0012836970474967907
0 0.13522766175967135 0.5326059050064185 0.0013693940431359123 0.001797175866495507
0 0.040568298527901406 0.5319640564826701 0.00034234851078397807 0.0005134788189987163
0 0.5427935638479973 0.531578947368421 0.00034234851078397807 0.00025673940949935817
0 0.3108524477918521 0.5319640564826701 0.0013693940431359123 0.0010269576379974327
0 0.3019513865114687 0.5319640564826701 0.0013693940431359123 0.0010269576379974327
0 0.28346456692913385 0.5324775353016689 0.0006846970215679561 0.0020539152759948653
0 0.2644642245806231 0.5322207958921694 0.0030811365970558027 0.0015404364569961489
0 0.21071550838753852 0.5318356867779204 0.0010270455323519343 0.0007702182284980744
0 0.20130092434097913 0.5317073170731708 0.0006846970215679561 0.0005134788189987163
0 0.1893187264635399 0.531578947368421 0.0006846970215679561 0.00025673940949935817
0 0.078055460458747 0.5318356867779204 0.0013693940431359123 0.0007702182284980744
0 0.05032523108524478 0.5319640564826701 0.0013693940431359123 0.0010269576379974327
0 0.27576172543649435 0.531578947368421 0.0010270455323519343 0.0007702182284980744
0 0.2468332762752482 0.5314505776636713 0.0006846970215679561 0.0005134788189987163
0 0.19308456008216365 0.5317073170731708 0.0013693940431359123 0.0010269576379974327
0 0.04330708661417323 0.531578947368421 0.0010270455323519343 0.0007702182284980744
0 0.9003765833618623 0.5314505776636713 0.0006846970215679561 0.0010269576379974327
0 0.2684012324546388 0.5323491655969191 0.0020540910647038686 0.0028241335044929395
0 0.23519342690859293 0.5313222079589217 0.0013693940431359123 0.0007702182284980744
0 0.13711057856898323 0.5310654685494224 0.00034234851078397807 0.00025673940949935817
0 0.07001027045532351 0.5314505776636713 0.0010270455323519343 0.0010269576379974327
0 0.8979801437863745 0.5310654685494224 0.0006846970215679561 0.0007702182284980744
0 0.7755905511811023 0.5309370988446727 0.0010270455323519343 0.0005134788189987163
0 0.19770626497774735 0.5310654685494224 0.0010270455323519343 0.0007702182284980744
0 0.1809311879493324 0.5319640564826701 0.008558712769599451 0.0025673940949935813
0 0.04707292023279699 0.5314505776636713 0.0010270455323519343 0.0015404364569961489
0 0.5523793221499487 0.5305519897304236 0.00034234851078397807 0.00025673940949935817
0 0.5494693598082848 0.5309370988446727 0.0013693940431359123 0.0010269576379974327
0 0.2843204382060938 0.5306803594351733 0.00034234851078397807 0.0005134788189987163
0 0.5445053064019172 0.5302952503209243 0.00034234851078397807 0.00025673940949935817
0 0.313077713111948 0.5309370988446727 0.002396439575487847 0.0015404364569961489
0 0.23313933584388907 0.5305519897304236 0.0013693940431359123 0.0007702182284980744
0 0.13933584388907908 0.5324775353016689 0.003423485107839781 0.004621309370988447
0 0.12256076686066415 0.5308087291399229 0.0013693940431359123 0.0012836970474967907
0 0.04981170831906881 0.5302952503209243 0.0010270455323519343 0.00025673940949935817
0 0.2572749058541595 0.5304236200256739 0.0017117425539198905 0.0010269576379974327
0 0.2091749400890106 0.5301668806161746 0.0006846970215679561 0.0005134788189987163
0 0.16141732283464566 0.5301668806161746 0.00034234851078397807 0.0005134788189987163
0 0.30417665183156456 0.5301668806161746 0.0017117425539198905 0.0010269576379974327
0 0.29938377268058886 0.5302952503209243 0.0017117425539198905 0.0012836970474967907
0 0.2374186922286888 0.530038510911425 0.0010270455323519343 0.0007702182284980744
0 0.23091407052379323 0.531578947368421 0.003765833618623759 0.0038510911424903724
0 0.22372475179732967 0.5313222079589217 0.002396439575487847 0.003337612323491656
0 0.05614515576857241 0.5299101412066752 0.0020540910647038686 0.0005134788189987163
0 0.5405682985279014 0.5299101412066752 0.0013693940431359123 0.0010269576379974327
0 0.20575145498117084 0.5297817715019255 0.0027387880862718246 0.0007702182284980744
0 0.19257103731598768 0.5295250320924262 0.00034234851078397807 0.00025673940949935817
0 0.18041766518315647 0.530038510911425 0.003423485107839781 0.0012836970474967907
0 0.05888394385484423 0.5296534017971759 0.0013693940431359123 0.0005134788189987163
0 0.7749058541595344 0.5295250320924262 0.0010270455323519343 0.0007702182284980744
0 0.06196508045190004 0.5320924261874198 0.01437863745292708 0.005905006418485238
0 0.9315302978432044 0.5293966623876765 0.0013693940431359123 0.0010269576379974327
0 0.24118452584731256 0.5317073170731708 0.004450530640191715 0.005648267008985879
0 0.8988360150633344 0.5290115532734275 0.0017117425539198905 0.0007702182284980744
0 0.5400547757617254 0.5287548138639281 0.00034234851078397807 0.00025673940949935817
0 0.26172543649435126 0.5299101412066752 0.0017117425539198905 0.0025673940949935813
0 0.2141389934953783 0.5295250320924262 0.002396439575487847 0.001797175866495507
0 0.19599452242382745 0.5291399229781771 0.002396439575487847 0.0010269576379974327
0 0.04792879150975693 0.5288831835686778 0.0020540910647038686 0.0005134788189987163
0 0.9332420403971242 0.5288831835686778 0.0013693940431359123 0.0010269576379974327
0 0.2672030126668949 0.5295250320924262 0.005135227661759671 0.0023106546854942235
0 0.18709346114344402 0.5291399229781771 0.0010270455323519343 0.0015404364569961489
0 0.1391646696336871 0.5287548138639281 0.0017117425539198905 0.0007702182284980744
0 0.05135227661759671 0.5288831835686778 0.0020540910647038686 0.0010269576379974327
0 0.5429647381033893 0.528369704749679 0.0006846970215679561 0.0005134788189987163
0 0.5371448134200616 0.5286264441591785 0.0013693940431359123 0.0010269576379974327
0 0.18332762752482026 0.528369704749679 0.0017117425539198905 0.0005134788189987163
0 0.044505306401917154 0.5288831835686778 0.0013693940431359123 0.0015404364569961489
0 0.765662444368367 0.5296534017971759 0.004450530640191715 0.003594351732991014
0 0.2636083533036631 0.5282413350449294 0.0013693940431359123 0.0007702182284980744
0 0.2451215337213283 0.5281129653401797 0.0006846970215679561 0.0005134788189987163
0 0.21739130434782608 0.5292682926829269 0.0027387880862718246 0.0028241335044929395
0 0.21020198562136255 0.5281129653401797 0.0006846970215679561 0.0005134788189987163
0 0.0688120506675796 0.5286264441591785 0.004792879150975694 0.0015404364569961489
0 0.2586442998972954 0.528369704749679 0.003765833618623759 0.0015404364569961489
0 0.16449845943170147 0.5281129653401797 0.0030811365970558027 0.0010269576379974327
0 0.0563163300239644 0.5278562259306804 0.002396439575487847 0.0005134788189987163
0 0.3017802122560767 0.528369704749679 0.0030811365970558027 0.0020539152759948653
0 0.18007531667237248 0.5278562259306804 0.0027387880862718246 0.0010269576379974327
0 0.0530640191715166 0.527599486521181 0.0013693940431359123 0.0005134788189987163
0 0.041595344060253336 0.5278562259306804 0.0017117425539198905 0.0010269576379974327
0 0.532180760013694 0.5278562259306804 0.004450530640191715 0.0015404364569961489
0 0.2357069496747689 0.5284980744544288 0.0030811365970558027 0.0028241335044929395
0 0.17203012666894898 0.527214377406932 0.00034234851078397807 0.00025673940949935817
0 0.6797329681615885 0.5273427471116816 0.002396439575487847 0.0010269576379974327
0 0.2509414584046559 0.527599486521181 0.0020540910647038686 0.0015404364569961489
0 0.2471756247860322 0.52798459563543 0.0020540910647038686 0.0023106546854942235
0 0.13231769941800753 0.5295250320924262 0.008558712769599451 0.005391527599486521
0 0.05443341321465252 0.5270860077021823 0.0006846970215679561 0.0005134788189987163
0 0.546217048955837 0.5277278562259307 0.0030811365970558027 0.0023106546854942235
0 0.07480314960629922 0.5296534017971759 0.005135227661759671 0.0061617458279845955
0 0.051181102362204724 0.526829268292683 0.0010270455323519343 0.0005134788189987163
0 0.5410818212940773 0.526829268292683 0.0030811365970558027 0.0010269576379974327
0 0.23074289626840122 0.527214377406932 0.006846970215679562 0.001797175866495507
0 0.1983909619993153 0.527214377406932 0.003765833618623759 0.001797175866495507
0 0.7531667237247518 0.5267008985879332 0.0020540910647038686 0.0012836970474967907
0 0.5520369736391647 0.5264441591784339 0.0010270455323519343 0.0007702182284980744
0 0.2235535775419377 0.5273427471116816 0.004108182129407737 0.0025673940949935813
0 0.14019171516603904 0.526829268292683 0.0030811365970558027 0.0015404364569961489
0 0.04792879150975693 0.526829268292683 0.0013693940431359123 0.0015404364569961489
0 0.04313591235878124 0.5265725288831836 0.0013693940431359123 0.0010269576379974327
0 0.25967134542964737 0.5263157894736842 0.0010270455323519343 0.0010269576379974327
0 0.23861691201643273 0.5269576379974326 0.0020540910647038686 0.0023106546854942235
0 0.171858952413557 0.5305519897304236 0.013009243409791168 0.009499358151476251
0 0.02858610065046217 0.5261874197689346 0.0010270455323519343 0.0007702182284980744
0 0.5558028072577884 0.5261874197689346 0.0010270455323519343 0.0012836970474967907
0 0.5373159876754536 0.5265725288831836 0.0017117425539198905 0.0020539152759948653
0 0.24922971585073606 0.5256739409499358 0.0006846970215679561 0.00025673940949935817
0 0.2437521396781924 0.5265725288831836 0.0020540910647038686 0.0020539152759948653
0 0.18058883943854845 0.5259306803594351 0.0010270455323519343 0.0007702182284980744
0 0.16449845943170147 0.5258023106546855 0.00034234851078397807 0.0005134788189987163
0 0.05323519342690859 0.5258023106546855 0.0010270455323519343 0.0005134788189987163
0 0.02482026703183841 0.5267008985879332 0.005135227661759671 0.0023106546854942235
0 0.9325573433755563 0.5256739409499358 0.0006846970215679561 0.0007702182284980744
0 0.5486134885313249 0.5254172015404365 0.00034234851078397807 0.00025673940949935817
0 0.26668948990071895 0.5256739409499358 0.0013693940431359123 0.0007702182284980744
0 0.19291338582677164 0.5260590500641849 0.0017117425539198905 0.0015404364569961489
0 0.06162273194111605 0.5254172015404365 0.0006846970215679561 0.00025673940949935817
0 0.9154399178363574 0.5252888318356868 0.0006846970215679561 0.0005134788189987163
0 0.17750770284149264 0.5256739409499358 0.002396439575487847 0.0012836970474967907
0 0.05991098938719617 0.5267008985879332 0.0061622731941116055 0.003337612323491656
0 0.2464909277644642 0.5252888318356868 0.0013693940431359123 0.0010269576379974327
0 0.2060938034919548 0.5264441591784339 0.005477576172543649 0.0038510911424903724
0 0.1968503937007874 0.5247753530166881 0.0006846970215679561 0.0005134788189987163
0 0.19120164327285177 0.5251604621309371 0.0017117425539198905 0.0012836970474967907
0 0.1687778158165012 0.5247753530166881 0.0006846970215679561 0.0005134788189987163
0 0.8947278329339268 0.524390243902439 0.00034234851078397807 0.00025673940949935817
0 0.2375898664840808 0.5247753530166881 0.0013693940431359123 0.0010269576379974327
0 0.22235535775419377 0.5250320924261874 0.002396439575487847 0.0015404364569961489
0 0.171858952413557 0.5246469833119384 0.0006846970215679561 0.0007702182284980744
0 0.14104758644299897 0.5247753530166881 0.0013693940431359123 0.0010269576379974327
0 0.5332078055460459 0.5245186136071887 0.0010270455323519343 0.0010269576379974327
0 0.25368024649092774 0.5245186136071887 0.003423485107839781 0.0010269576379974327
0 0.2252653200958576 0.5245186136071887 0.0020540910647038686 0.0010269576379974327
0 0.1610749743238617 0.5242618741976893 0.0010270455323519343 0.0005134788189987163
0 0.06675795960287573 0.5246469833119384 0.0013693940431359123 0.0012836970474967907
0 0.06367682300581992 0.5242618741976893 0.0006846970215679561 0.0005134788189987163
0 0.04416295789113318 0.5250320924261874 0.0020540910647038686 0.0020539152759948653
0 0.8967819239986307 0.52400513478819 0.00034234851078397807 0.0005134788189987163
0 0.5415953440602533 0.5246469833119384 0.0006846970215679561 0.001797175866495507
0 0.3250599109893872 0.52400513478819 0.00034234851078397807 0.0005134788189987163
0 0.1439575487846628 0.5258023106546855 0.0030811365970558027 0.004107830551989731
0 0.05614515576857241 0.5242618741976893 0.0006846970215679561 0.0010269576379974327
0 0.6853817185895241 0.5238767650834403 0.0013693940431359123 0.0007702182284980744
0 0.32317699418007534 0.52400513478819 0.0020540910647038686 0.0010269576379974327
0 0.3076001369394043 0.5260590500641849 0.00718931872646354 0.005134788189987163
0 0.2622389592605272 0.5251604621309371 0.004792879150975694 0.003337612323491656
0 0.23502225265320095 0.5247753530166881 0.002396439575487847 0.0025673940949935813
0 0.1937692571037316 0.5238767650834403 0.0013693940431359123 0.0007702182284980744
0 0.06008216364258816 0.52400513478819 0.0010270455323519343 0.0010269576379974327
0 0.19154399178363574 0.5237483953786907 0.0017117425539198905 0.0010269576379974327
0 0.13163300239643957 0.5245186136071887 0.004450530640191715 0.0025673940949935813
0 0.06915439917836358 0.5237483953786907 0.0020540910647038686 0.0010269576379974327
0 0.0484423142759329 0.5242618741976893 0.005819924683327628 0.0020539152759948653
0 0.03560424512153372 0.524390243902439 0.004108182129407737 0.0023106546854942235
0 0.03029784320438206 0.5233632862644416 0.00034234851078397807 0.00025673940949935817
0 0.02721670660732626 0.5234916559691912 0.0010270455323519343 0.0005134788189987163
0 0.15234508729887025 0.5277278562259307 0.020540910647038686 0.009499358151476251
0 0.6821294077370763 0.5233632862644416 0.0017117425539198905 0.0012836970474967907
0 0.8895926052721671 0.5227214377406932 0.00034234851078397807 0.0005134788189987163
0 0.24358096542280042 0.5227214377406932 0.0010270455323519343 0.0005134788189987163
0 0.23930160903800068 0.5232349165596919 0.0027387880862718246 0.0015404364569961489
0 0.74957206436152 0.5227214377406932 0.00718931872646354 0.0010269576379974327
0 0.5391989044847655 0.5224646983311938 0.0013693940431359123 0.0005134788189987163
0 0.5349195480999658 0.5225930680359435 0.0010270455323519343 0.0007702182284980744
0 0.25231085244779183 0.5229781771501926 0.003423485107839781 0.0015404364569961489
0 0.18657993837726805 0.5229781771501926 0.0013693940431359123 0.0015404364569961489
0 0.05203697363916467 0.5225930680359435 0.0006846970215679561 0.0007702182284980744
0 0.03474837384457378 0.5225930680359435 0.0017117425539198905 0.0007702182284980744
0 0.02482026703183841 0.5224646983311938 0.00034234851078397807 0.0005134788189987163
0 0.1579938377268059 0.5224646983311938 0.002396439575487847 0.0010269576379974327
0 0.7440944881889764 0.5228498074454428 0.002396439575487847 0.0023106546854942235
0 0.6800753166723724 0.5231065468549422 0.002396439575487847 0.0028241335044929395
0 0.27781581650119824 0.5227214377406932 0.002396439575487847 0.0020539152759948653
0 0.036973639164669635 0.5219512195121951 0.0013693940431359123 0.0005134788189987163
0 0.23656282095172887 0.5222079589216945 0.003423485107839781 0.0015404364569961489
0 0.5433070866141733 0.5214377406931964 0.0006846970215679561 0.0005134788189987163
0 0.17904827114002053 0.5214377406931964 0.0013693940431359123 0.0005134788189987163
0 0.16689489900718932 0.5219512195121951 0.0010270455323519343 0.0015404364569961489
0 0.10766860664156111 0.5214377406931964 0.00034234851078397807 0.0005134788189987163
0 0.062136254707292025 0.5220795892169448 0.003765833618623759 0.001797175866495507
0 0.05357754193769257 0.5219512195121951 0.0017117425539198905 0.0015404364569961489
0 0.03183841150290996 0.5214377406931964 0.0006846970215679561 0.0005134788189987163
0 0.02139678192399863 0.5216944801026958 0.0017117425539198905 0.0010269576379974327
0 0.5362889421431016 0.521181001283697 0.0010270455323519343 0.0005134788189987163
0 0.3034919548099966 0.5210526315789473 0.00034234851078397807 0.00025673940949935817
0 0.7608695652173914 0.5227214377406932 0.003765833618623759 0.004107830551989731
0 0.23040054775761726 0.5228498074454428 0.007531667237247518 0.0043645699614890884
0 0.22372475179732967 0.5223363286264442 0.005135227661759671 0.003337612323491656
0 0.547244094488189 0.5206675224646984 0.00034234851078397807 0.0005134788189987163
0 0.11930845600821637 0.5206675224646984 0.0017117425539198905 0.0005134788189987163
0 0.05614515576857241 0.5218228498074454 0.003423485107839781 0.0028241335044929395
0 0.05066757959602876 0.5215661103979461 0.003423485107839781 0.0023106546854942235
0 0.8892502567613831 0.520795892169448 0.0017117425539198905 0.0012836970474967907
0 0.24118452584731256 0.5206675224646984 0.0017117425539198905 0.0010269576379974327
0 0.1970215679561794 0.5215661103979461 0.0030811365970558027 0.0028241335044929395
0 0.06607326258130777 0.5206675224646984 0.0013693940431359123 0.0010269576379974327
0 0.7545361177678878 0.5206675224646984 0.0006846970215679561 0.0015404364569961489
0 0.020027387880862717 0.5413350449293967 0.040054775761725434 0.042875481386392814
0 0.6805888394385484 0.5204107830551989 0.004108182129407737 0.0015404364569961489
0 0.5386853817185895 0.5201540436456996 0.0010270455323519343 0.0010269576379974327
0 0.24563505648750428 0.5214377406931964 0.005135227661759671 0.003594351732991014
0 0.23622047244094488 0.5200256739409499 0.0013693940431359123 0.0007702182284980744
0 0.17288599794590895 0.5198973042362003 0.0006846970215679561 0.0005134788189987163
0 0.9433413214652516 0.5202824133504493 0.0030811365970558027 0.001797175866495507
0 0.18657993837726805 0.5205391527599487 0.0006846970215679561 0.0023106546854942235
0 0.9455665867853474 0.5192554557124519 0.0006846970215679561 0.00025673940949935817
0 0.5369736391646697 0.5195121951219512 0.0017117425539198905 0.0007702182284980744
0 0.20763437179048272 0.5200256739409499 0.0017117425539198905 0.001797175866495507
0 0.1781923998630606 0.5220795892169448 0.010612803834303321 0.005905006418485238
0 0.16312906538856556 0.5213093709884468 0.004450530640191715 0.0043645699614890884
0 0.25059910989387196 0.5192554557124519 0.0006846970215679561 0.0007702182284980744
0 0.2326258130777131 0.5195121951219512 0.0017117425539198905 0.0012836970474967907
0 0.6831564532694283 0.5191270860077022 0.0010270455323519343 0.0010269576379974327
0 0.5244779185210544 0.5189987163029525 0.0013693940431359123 0.0007702182284980744
0 0.1920575145498117 0.5205391527599487 0.006846970215679562 0.0038510911424903724
0 0.16963368709346113 0.5204107830551989 0.005819924683327628 0.003594351732991014
0 0.062478603218076 0.5197689345314506 0.003765833618623759 0.0023106546854942235
0 0.04792879150975693 0.5198973042362003 0.003423485107839781 0.0025673940949935813
0 0.01780212256076686 0.5195121951219512 0.005477576172543649 0.001797175866495507
0 0.9507018144471071 0.5188703465982029 0.0020540910647038686 0.0010269576379974327
0 0.687778158165012 0.5186136071887034 0.0006846970215679561 0.0005134788189987163
0 0.3200958575830195 0.5201540436456996 0.009585758301951387 0.003594351732991014
0 0.20386853817185896 0.5186136071887034 0.00034234851078397807 0.0005134788189987163
0 0.10270455323519342 0.5192554557124519 0.0027387880862718246 0.001797175866495507
0 0.0671003081136597 0.5189987163029525 0.004792879150975694 0.0012836970474967907
0 0.5455323519342691 0.5183568677792041 0.0010270455323519343 0.0005134788189987163
0 0.313077713111948 0.523620025673941 0.014036288942143102 0.011039794608472401
0 0.18384115029099624 0.5184852374839538 0.0006846970215679561 0.0007702182284980744
0 0.12238959260527217 0.5186136071887034 0.0017117425539198905 0.0010269576379974327
0 0.02533378979801438 0.5187419768934531 0.0013693940431359123 0.0012836970474967907
0 0.2451215337213283 0.5186136071887034 0.0006846970215679561 0.0015404364569961489
0 0.1812735364601164 0.5188703465982029 0.0030811365970558027 0.0020539152759948653
0 0.1283806915439918 0.5191270860077022 0.003423485107839781 0.0025673940949935813
0 0.32095172885997947 0.5178433889602054 0.0010270455323519343 0.0005134788189987163
0 0.14926395070181445 0.5181001283697048 0.0020540910647038686 0.0010269576379974327
0 0.10492981855528928 0.5195121951219512 0.005135227661759671 0.0038510911424903724
0 0.04981170831906881 0.5181001283697048 0.0010270455323519343 0.0010269576379974327
0 0.027387880862718247 0.5195121951219512 0.0020540910647038686 0.0038510911424903724
0 0.2404998288257446 0.5178433889602054 0.002396439575487847 0.0010269576379974327
0 0.17476891475522083 0.517971758664955 0.0010270455323519343 0.0012836970474967907
0 0.8805203697363917 0.5173299101412067 0.0013693940431359123 0.0005134788189987163
0 0.6821294077370763 0.5172015404364569 0.00034234851078397807 0.00025673940949935817
0 0.546388223211229 0.5173299101412067 0.0006846970215679561 0.0005134788189987163
0 0.5433070866141733 0.5172015404364569 0.0006846970215679561 0.00025673940949935817
0 0.3257446080109552 0.5184852374839538 0.0030811365970558027 0.0028241335044929395
0 0.20540910647038685 0.517586649550706 0.0020540910647038686 0.0010269576379974327
0 0.11691201643272851 0.5195121951219512 0.00718931872646354 0.004878048780487805
0 0.11143444026018487 0.5182284980744545 0.0017117425539198905 0.0023106546854942235
0 0.05272167066073263 0.5173299101412067 0.0006846970215679561 0.0005134788189987163
0 0.9507018144471071 0.5170731707317073 0.0006846970215679561 0.0005134788189987163
0 0.5373159876754536 0.5169448010269576 0.00034234851078397807 0.00025673940949935817
0 0.2312564190345772 0.5169448010269576 0.00034234851078397807 0.00025673940949935817
0 0.2093461143444026 0.5172015404364569 0.0010270455323519343 0.0007702182284980744
0 0.18709346114344402 0.5172015404364569 0.0010270455323519343 0.0007702182284980744
0 0.16227319411160562 0.5177150192554557 0.0027387880862718246 0.001797175866495507
0 0.05700102704553235 0.5183568677792041 0.007874015748031496 0.0030808729139922978
0 0.046388223211229034 0.5172015404364569 0.0017117425539198905 0.0007702182284980744
0 0.7571037315987675 0.5169448010269576 0.002396439575487847 0.0007702182284980744
0 0.22920232796987333 0.5166880616174583 0.00034234851078397807 0.00025673940949935817
0 0.22697706264977746 0.5170731707317073 0.0020540910647038686 0.0010269576379974327
0 0.9768914755220814 0.516816431322208 0.0017117425539198905 0.0010269576379974327
0 0.8861691201643273 0.5170731707317073 0.0017117425539198905 0.0015404364569961489
0 0.686579938377268 0.5166880616174583 0.0030811365970558027 0.0007702182284980744
0 0.23022937350222528 0.5165596919127086 0.00034234851078397807 0.0005134788189987163
0 0.6795617939061965 0.5166880616174583 0.0013693940431359123 0.001797175866495507
0 0.2440944881889764 0.5166880616174583 0.0027387880862718246 0.001797175866495507
0 0.2391304347826087 0.5160462130937099 0.0017117425539198905 0.0005134788189987163
0 0.20095857583019514 0.5160462130937099 0.0013693940431359123 0.0005134788189987163
0 0.11006504621704896 0.5165596919127086 0.0017117425539198905 0.0015404364569961489
0 0.5325231085244779 0.5169448010269576 0.003765833618623759 0.0028241335044929395
0 0.2533378979801438 0.5159178433889602 0.0013693940431359123 0.0007702182284980744
0 0.20558028072577883 0.5157894736842106 0.0010270455323519343 0.0005134788189987163
0 0.12102019856213625 0.5160462130937099 0.0017117425539198905 0.0010269576379974327
0 0.1016775077028415 0.5160462130937099 0.0013693940431359123 0.0010269576379974327
0 0.060253337897980146 0.5166880616174583 0.0013693940431359123 0.0023106546854942235
0 0.05237932214994865 0.5157894736842106 0.0013693940431359123 0.0005134788189987163
0 0.9580623074289627 0.5155327342747111 0.00034234851078397807 0.0005134788189987163
0 0.7591578226634714 0.5154043645699615 0.00034234851078397807 0.00025673940949935817
0 0.23519342690859293 0.5156611039794609 0.0027387880862718246 0.0007702182284980744
0 0.18692228688805204 0.5155327342747111 0.0013693940431359123 0.0005134788189987163
0 0.16672372475179734 0.516816431322208 0.0013693940431359123 0.0030808729139922978
0 0.07172201300924341 0.5160462130937099 0.0017117425539198905 0.0015404364569961489
0 0.04946935980828483 0.5161745827984595 0.002396439575487847 0.001797175866495507
0 0.04673057172201301 0.5155327342747111 0.0010270455323519343 0.0005134788189987163
0 0.3093118794933242 0.5154043645699615 0.0010270455323519343 0.0007702182284980744
0 0.24152687435809655 0.5154043645699615 0.0010270455323519343 0.0007702182284980744
0 0.18401232454638822 0.5163029525032092 0.0030811365970558027 0.0025673940949935813
0 0.16312906538856556 0.5155327342747111 0.0017117425539198905 0.0010269576379974327
0 0.10578568983224923 0.5159178433889602 0.0027387880862718246 0.001797175866495507
0 0.062307428962684014 0.5155327342747111 0.0013693940431359123 0.0010269576379974327
0 0.8794933242040397 0.5154043645699615 0.0020540910647038686 0.0012836970474967907
0 0.31478945566586786 0.5161745827984595 0.007874015748031496 0.0028241335044929395
0 0.17973296816158849 0.5150192554557125 0.0006846970215679561 0.0005134788189987163
0 0.17733652858610066 0.5165596919127086 0.004792879150975694 0.003594351732991014
0 0.16946251283806915 0.5161745827984595 0.004108182129407737 0.0028241335044929395
0 0.06744265662444368 0.5157894736842106 0.003423485107839781 0.0020539152759948653
0 0.24922971585073606 0.5157894736842106 0.0020540910647038686 0.0025673940949935813
0 0.1903457719958918 0.5166880616174583 0.004108182129407737 0.0043645699614890884
0 0.7608695652173914 0.5145057766367137 0.0010270455323519343 0.0005134788189987163
0 0.5376583361862376 0.5148908857509628 0.0017117425539198905 0.0012836970474967907
0 0.23057172201300924 0.5148908857509628 0.003765833618623759 0.0012836970474967907
0 0.11160561451557685 0.5151476251604621 0.005477576172543649 0.001797175866495507
0 0.07052379322149949 0.5145057766367137 0.0006846970215679561 0.0005134788189987163
0 0.19787743923313933 0.5146341463414634 0.0027387880862718246 0.0012836970474967907
0 0.7153372132831222 0.5145057766367137 0.00034234851078397807 0.0015404364569961489
0 0.8825744608010955 0.5147625160462131 0.0027387880862718246 0.0025673940949935813
0 0.14772338240328656 0.5145057766367137 0.0017117425539198905 0.0020539152759948653
0 0.06898322492297158 0.513607188703466 0.00034234851078397807 0.00025673940949935817
0 0.062478603218076 0.5137355584082156 0.0010270455323519343 0.0005134788189987163
0 0.047415268743580964 0.513992297817715 0.0017117425539198905 0.0010269576379974327
0 0.14121876069839095 0.5193838254172015 0.026360835330366313 0.012323491655969191
0 0.1032180760013694 0.513992297817715 0.0017117425539198905 0.0015404364569961489
0 0.07155083875385142 0.5133504492939667 0.0006846970215679561 0.00025673940949935817
0 0.5272167066073262 0.513222079589217 0.0006846970215679561 0.0005134788189987163
0 0.1674084217733653 0.5134788189987163 0.0013693940431359123 0.0010269576379974327
0 0.1621020198562136 0.5137355584082156 0.002396439575487847 0.0015404364569961489
0 0.15234508729887025 0.5148908857509628 0.0061622731941116055 0.0038510911424903724
0 0.8863402944197193 0.5143774069319641 0.004108182129407737 0.003337612323491656
0 0.24477918521054434 0.5134788189987163 0.0020540910647038686 0.0015404364569961489
0 0.15730914070523794 0.5137355584082156 0.0030811365970558027 0.0020539152759948653
0 0.1062992125984252 0.5133504492939667 0.002396439575487847 0.0012836970474967907
0 0.24734679904142418 0.5129653401797176 0.00034234851078397807 0.0010269576379974327
0 0.2420403971242725 0.5128369704749679 0.0006846970215679561 0.0007702182284980744
0 0.22697706264977746 0.5129653401797176 0.0006846970215679561 0.0010269576379974327
0 0.6826429305032523 0.5125802310654686 0.0013693940431359123 0.0007702182284980744
0 0.1280383430332078 0.5138639281129653 0.0020540910647038686 0.003337612323491656
0 0.11126326600479287 0.5127086007702182 0.004792879150975694 0.0010269576379974327
0 0.10270455323519342 0.5124518613607189 0.0006846970215679561 0.0005134788189987163
0 0.23399520712084904 0.5124518613607189 0.0017117425539198905 0.0010269576379974327
0 0.13163300239643957 0.5123234916559692 0.0010270455323519343 0.0007702182284980744
0 0.11605614515576858 0.5124518613607189 0.0013693940431359123 0.0010269576379974327
0 0.5325231085244779 0.5129653401797176 0.002396439575487847 0.0025673940949935813
0 0.2509414584046559 0.5133504492939667 0.0020540910647038686 0.003337612323491656
0 0.16946251283806915 0.5118100128369705 0.0006846970215679561 0.00025673940949935817
0 0.14036288942143102 0.5125802310654686 0.0006846970215679561 0.001797175866495507
0 0.3170147209859637 0.5121951219512195 0.0013693940431359123 0.0015404364569961489
0 0.24529270797672031 0.5116816431322208 0.0010270455323519343 0.0005134788189987163
0 0.2262923656282095 0.5118100128369705 0.0006846970215679561 0.0007702182284980744
0 0.17870592262923657 0.5116816431322208 0.0006846970215679561 0.0005134788189987163
0 0.16586785347483737 0.5116816431322208 0.0010270455323519343 0.0005134788189987163
0 0.16021910304690173 0.5119383825417202 0.0013693940431359123 0.0010269576379974327
0 0.14429989729544676 0.5125802310654686 0.0030811365970558027 0.0023106546854942235
0 0.6792194453954126 0.5127086007702182 0.0013693940431359123 0.0030808729139922978
0 0.1638137624101335 0.5112965340179717 0.00034234851078397807 0.00025673940949935817
0 0.12752482026703185 0.5112965340179717 0.00034234851078397807 0.00025673940949935817
0 0.05323519342690859 0.5121951219512195 0.0030811365970558027 0.0020539152759948653
0 0.6888052036973639 0.5111681643132221 0.0006846970215679561 0.0005134788189987163
0 0.7754193769257104 0.5111681643132221 0.0006846970215679561 0.0010269576379974327
0 0.6965080451900034 0.5134788189987163 0.005819924683327628 0.005648267008985879
0 0.1376241013351592 0.5120667522464698 0.0027387880862718246 0.0028241335044929395
0 0.3137624101335159 0.5118100128369705 0.0030811365970558027 0.0028241335044929395
0 0.24392331393358438 0.5109114249037228 0.0010270455323519343 0.0010269576379974327
0 0.529955494693598 0.5116816431322208 0.0027387880862718246 0.0030808729139922978
0 0.2233824032865457 0.5151476251604621 0.005135227661759671 0.010012836970474968
0 0.14738103389250257 0.5105263157894737 0.0010270455323519343 0.0007702182284980744
0 0.6915439917836358 0.510012836970475 0.0006846970215679561 0.00025673940949935817
0 0.5402259500171174 0.510397946084724 0.0006846970215679561 0.0010269576379974327
0 0.24015748031496062 0.5119383825417202 0.0017117425539198905 0.004107830551989731
0 0.16090380006846972 0.510397946084724 0.003423485107839781 0.0010269576379974327
0 0.1453269428277987 0.510397946084724 0.0017117425539198905 0.0010269576379974327
0 0.140534063676823 0.5102695763799743 0.0010270455323519343 0.0007702182284980744
0 0.12581307771311195 0.5101412066752247 0.00034234851078397807 0.0005134788189987163
0 0.047415268743580964 0.510783055198973 0.002396439575487847 0.0023106546854942235
0 0.5381718589524136 0.5096277278562259 0.0006846970215679561 0.0005134788189987163
0 0.2091749400890106 0.5096277278562259 0.0006846970215679561 0.0005134788189987163
0 0.20198562136254708 0.5116816431322208 0.003423485107839781 0.004621309370988447
0 0.3170147209859637 0.5102695763799743 0.003423485107839781 0.0023106546854942235
0 0.1638137624101335 0.5093709884467266 0.00034234851078397807 0.0005134788189987163
0 0.13266004792879152 0.5111681643132221 0.005135227661759671 0.004107830551989731
0 0.12872304005477575 0.5094993581514763 0.0006846970215679561 0.0007702182284980744
0 0.13847997261211914 0.5093709884467266 0.0010270455323519343 0.0010269576379974327
0 0.890277302293735 0.5088575096277279 0.0010270455323519343 0.0005134788189987163
0 0.5330366312906539 0.5102695763799743 0.004108182129407737 0.003337612323491656
0 0.3142759328996919 0.5089858793324775 0.0027387880862718246 0.0007702182284980744
0 0.5431359123587812 0.5089858793324775 0.0010270455323519343 0.0012836970474967907
0 0.9916124614857925 0.5088575096277279 0.002396439575487847 0.0015404364569961489
0 0.8870249914412872 0.5098844672657253 0.004792879150975694 0.003594351732991014
0 0.7774734679904143 0.5083440308087291 0.0006846970215679561 0.0005134788189987163
0 0.6894899007189319 0.5084724005134789 0.0006846970215679561 0.0007702182284980744
0 0.1656966792194454 0.5080872913992298 0.0020540910647038686 0.0005134788189987163
0 0.7136254707292023 0.5079589216944801 0.002396439575487847 0.0007702182284980744
0 0.2370763437179048 0.510397946084724 0.005819924683327628 0.005648267008985879
0 0.1345429647381034 0.5087291399229782 0.003423485107839781 0.0023106546854942235
0 0.05563163300239644 0.5080872913992298 0.0010270455323519343 0.0010269576379974327
0 0.7692571037315987 0.507573812580231 0.0006846970215679561 0.0005134788189987163
0 0.702670318384115 0.5074454428754814 0.00034234851078397807 0.00025673940949935817
0 0.05802807257788429 0.5077021822849808 0.0010270455323519343 0.0007702182284980744
0 0.9979459089352961 0.5073170731707317 0.0006846970215679561 0.0005134788189987163
0 0.1576514892160219 0.5077021822849808 0.0017117425539198905 0.0012836970474967907
0 0.984251968503937 0.5069319640564827 0.0006846970215679561 0.00025673940949935817
0 0.7723382403286546 0.5074454428754814 0.0020540910647038686 0.0012836970474967907
0 0.6990756590208833 0.5069319640564827 0.0006846970215679561 0.00025673940949935817
0 0.1314618281410476 0.5074454428754814 0.0013693940431359123 0.0012836970474967907
0 0.8935296131461828 0.5070603337612324 0.0020540910647038686 0.0010269576379974327
0 0.5356042451215337 0.5069319640564827 0.0010270455323519343 0.0007702182284980744
0 0.12889421431016776 0.5069319640564827 0.0017117425539198905 0.0007702182284980744
0 0.30862718247175625 0.5069319640564827 0.0017117425539198905 0.0012836970474967907
0 0.6814447107155084 0.5065468549422336 0.0010270455323519343 0.0010269576379974327
0 0.23622047244094488 0.5062901155327343 0.0013693940431359123 0.0010269576379974327
0 0.9977747346799042 0.5057766367137355 0.00034234851078397807 0.0005134788189987163
0 0.9955494693598083 0.507573812580231 0.0027387880862718246 0.004107830551989731
0 0.8844573776104074 0.5057766367137355 0.0017117425539198905 0.0005134788189987163
0 0.6900034234851078 0.5061617458279846 0.0010270455323519343 0.0012836970474967907
0 0.6884628551865799 0.506033376123235 0.0013693940431359123 0.0010269576379974327
0 0.13522766175967135 0.5068035943517329 0.004792879150975694 0.0025673940949935813
0 0.5400547757617254 0.5057766367137355 0.0017117425539198905 0.0010269576379974327
0 0.21824717562478604 0.5061617458279846 0.002396439575487847 0.001797175866495507
0 0.8324204039712427 0.5059050064184852 0.002396439575487847 0.001797175866495507
0 0.764977747346799 0.5055198973042362 0.0030811365970558027 0.0010269576379974327
0 0.8370421088668264 0.5055198973042362 0.003423485107839781 0.0015404364569961489
0 0.7709688462855186 0.5055198973042362 0.0027387880862718246 0.0015404364569961489
0 0.702499144128723 0.5050064184852375 0.0006846970215679561 0.0005134788189987163
0 0.9936665525504964 0.5047496790757381 0.00034234851078397807 0.0005134788189987163
0 0.5441629578911332 0.5050064184852375 0.002396439575487847 0.0010269576379974327
0 0.6951386511468675 0.5051347881899871 0.0030811365970558027 0.001797175866495507
0 0.7858610065046217 0.504364569961489 0.005135227661759671 0.0007702182284980744
0 0.7747346799041425 0.5042362002567394 0.0006846970215679561 0.0005134788189987163
0 0.23810338925025676 0.504364569961489 0.0017117425539198905 0.0007702182284980744
0 0.23040054775761726 0.5074454428754814 0.00890106128038343 0.00693196405648267
0 0.8762410133515919 0.5046213093709885 0.0010270455323519343 0.001797175866495507
0 0.687093461143444 0.5039794608472401 0.0013693940431359123 0.0005134788189987163
0 0.5374871619308456 0.5042362002567394 0.0006846970215679561 0.0010269576379974327
0 0.8676823005819925 0.503594351732991 0.0010270455323519343 0.0007702182284980744
0 0.7785005135227662 0.5034659820282413 0.0013693940431359123 0.0005134788189987163
0 0.7107155083875385 0.503594351732991 0.0006846970215679561 0.0007702182284980744
0 0.2471756247860322 0.5034659820282413 0.0006846970215679561 0.0005134788189987163
0 0.15080451900034234 0.5046213093709885 0.0030811365970558027 0.0028241335044929395
0 0.8652858610065046 0.5037227214377407 0.0017117425539198905 0.0015404364569961489
0 0.6908592947620678 0.5039794608472401 0.004108182129407737 0.0020539152759948653
0 0.6829852790140363 0.5039794608472401 0.003423485107839781 0.0020539152759948653
0 0.7831222184183498 0.5030808729139923 0.0017117425539198905 0.0007702182284980744
0 0.7810681273536461 0.5030808729139923 0.0010270455323519343 0.0007702182284980744
0 0.7704553235193426 0.503209242618742 0.0017117425539198905 0.0010269576379974327
0 0.22218418349880178 0.5046213093709885 0.0061622731941116055 0.0038510911424903724
0 0.5391989044847655 0.5026957637997432 0.0006846970215679561 0.0005134788189987163
0 0.2375898664840808 0.502824133504493 0.0006846970215679561 0.0007702182284980744
0 0.6937692571037316 0.5026957637997432 0.0010270455323519343 0.0010269576379974327
0 0.22646353988360152 0.5025673940949936 0.0010270455323519343 0.0012836970474967907
0 0.13950701814447108 0.5020539152759949 0.00034234851078397807 0.00025673940949935817
0 0.6867511126326601 0.5021822849807446 0.0020540910647038686 0.0010269576379974327
0 0.8723040054775761 0.503209242618742 0.0027387880862718246 0.003594351732991014
0 0.9969188634029442 0.5014120667522465 0.0013693940431359123 0.0005134788189987163
0 0.8758986648408079 0.5020539152759949 0.002396439575487847 0.001797175866495507
0 0.8353303663129066 0.5023106546854942 0.0020540910647038686 0.0023106546854942235
0 0.7083190688120506 0.5021822849807446 0.0013693940431359123 0.0020539152759948653
0 0.6961656966792195 0.5017971758664955 0.0017117425539198905 0.0012836970474967907
0 0.13693940431359122 0.5020539152759949 0.0027387880862718246 0.001797175866495507
0 0.6913728175282438 0.5010269576379974 0.00034234851078397807 0.00025673940949935817
0 0.6840123245463883 0.5010269576379974 0.0006846970215679561 0.00025673940949935817
0 0.7836357411845258 0.5011553273427471 0.0020540910647038686 0.0010269576379974327
0 0.7791852105443341 0.5015404364569962 0.003423485107839781 0.001797175866495507
0 0.545874700445053 0.5008985879332477 0.0010270455323519343 0.0005134788189987163
0 0.2464909277644642 0.5010269576379974 0.0013693940431359123 0.0007702182284980744
0 0.21362547072920232 0.5008985879332477 0.0006846970215679561 0.0005134788189987163
0 0.20712084902430675 0.5020539152759949 0.004108182129407737 0.0028241335044929395
0 0.8582677165354331 0.5006418485237484 0.0006846970215679561 0.0005134788189987163
0 0.7862033550154057 0.5016688061617458 0.0030811365970558027 0.0025673940949935813
0 0.6886340294419719 0.5007702182284981 0.0010270455323519343 0.0007702182284980744
0 0.24974323861691203 0.5011553273427471 0.002396439575487847 0.0015404364569961489
0 0.2108866826429305 0.5008985879332477 0.0013693940431359123 0.0010269576379974327
0 0.8673399520712085 0.5012836970474968 0.0030811365970558027 0.0023106546854942235
0 0.8224922971585074 0.500385109114249 0.0010270455323519343 0.0005134788189987163
0 0.5393700787401575 0.5005134788189988 0.0010270455323519343 0.0007702182284980744
0 0.7689147552208148 0.5014120667522465 0.0061622731941116055 0.0030808729139922978
0 0.2552208147894557 0.5001283697047497 0.00034234851078397807 0.0005134788189987163
0 0.2122560766860664 0.5001283697047497 0.0006846970215679561 0.0005134788189987163
0 0.8640876412187607 0.5 0.0020540910647038686 0.0007702182284980744
0 0.545874700445053 0.49987163029525034 0.00034234851078397807 0.0005134788189987163
0 0.7730229373502225 0.49987163029525034 0.0013693940431359123 0.0010269576379974327
0 0.23245463882232112 0.5019255455712451 0.0061622731941116055 0.005134788189987163
0 0.8767545361177679 0.4997432605905006 0.0006846970215679561 0.0012836970474967907
0 0.8741869222868881 0.4993581514762516 0.00034234851078397807 0.0005134788189987163
0 0.8558712769599452 0.4994865211810013 0.0020540910647038686 0.0007702182284980744
0 0.7749058541595344 0.4993581514762516 0.00034234851078397807 0.0005134788189987163
0 0.7451215337213283 0.4997432605905006 0.0017117425539198905 0.0012836970474967907
0 0.24186922286888052 0.5007702182284981 0.0030811365970558027 0.003337612323491656
0 0.22731941116056145 0.5 0.0006846970215679561 0.001797175866495507
0 0.8254022595001712 0.49987163029525034 0.004108182129407737 0.0020539152759948653
0 0.7675453611776789 0.4992297817715019 0.0006846970215679561 0.0007702182284980744
0 0.6951386511468675 0.49910141206675224 0.00034234851078397807 0.0005134788189987163
0 0.6864087641218761 0.4992297817715019 0.0013693940431359123 0.0007702182284980744
0 0.1530297843204382 0.5005134788189988 0.006846970215679562 0.003337612323491656
0 0.5402259500171174 0.4989730423620026 0.0006846970215679561 0.0007702182284980744
0 0.5325231085244779 0.5 0.004450530640191715 0.0028241335044929395
0 0.2232112290311537 0.5008985879332477 0.0027387880862718246 0.004621309370988447
0 0.21533721328312222 0.4989730423620026 0.0013693940431359123 0.0007702182284980744
0 0.8656282095172886 0.49845956354300386 0.00034234851078397807 0.00025673940949935817
0 0.7862033550154057 0.49910141206675224 0.005135227661759671 0.0015404364569961489
0 0.7107155083875385 0.4997432605905006 0.0027387880862718246 0.0028241335044929395
0 0.234679904142417 0.4992297817715019 0.0030811365970558027 0.001797175866495507
0 0.8269428277986991 0.4980744544287548 0.00034234851078397807 0.0005134788189987163
0 0.8045190003423485 0.4980744544287548 0.0006846970215679561 0.0005134788189987163
0 0.7776446422458062 0.4989730423620026 0.0030811365970558027 0.0023106546854942235
0 0.7425539198904485 0.4980744544287548 0.0006846970215679561 0.0005134788189987163
0 0.5364601163984937 0.4980744544287548 0.0006846970215679561 0.0005134788189987163
0 0.8476549127011298 0.4980744544287548 0.0013693940431359123 0.0010269576379974327
0 0.845258473125642 0.49768934531450576 0.0006846970215679561 0.00025673940949935817
0 0.8221499486477234 0.4980744544287548 0.0010270455323519343 0.0010269576379974327
0 0.03937007874015748 0.4992297817715019 0.0027387880862718246 0.003337612323491656
0 0.8628894214310168 0.49768934531450576 0.0010270455323519343 0.0007702182284980744
0 0.781239301609038 0.4980744544287548 0.0006846970215679561 0.0015404364569961489
0 0.7560766860664156 0.49768934531450576 0.00034234851078397807 0.0007702182284980744
0 0.8654570352618967 0.49717586649550705 0.0006846970215679561 0.00025673940949935817
0 0.24169804861348854 0.4983311938382542 0.0061622731941116055 0.0025673940949935813
0 0.20215679561793906 0.4975609756097561 0.0017117425539198905 0.0010269576379974327
0 0.04519000342348511 0.49743260590500643 0.0013693940431359123 0.0007702182284980744
0 0.8695652173913043 0.4983311938382542 0.004108182129407737 0.0030808729139922978
0 0.8067442656624444 0.4969191270860077 0.00034234851078397807 0.00025673940949935817
0 0.7470044505306402 0.4978177150192555 0.0013693940431359123 0.0020539152759948653
0 0.7160219103046902 0.4993581514762516 0.0030811365970558027 0.005134788189987163
0 0.687435809654228 0.49717586649550705 0.0013693940431359123 0.0007702182284980744
0 0.5323519342690859 0.49743260590500643 0.0013693940431359123 0.0012836970474967907
0 0.5267031838411503 0.49743260590500643 0.0017117425539198905 0.0012836970474967907
0 0.2482026703183841 0.4982028241335045 0.0020540910647038686 0.0028241335044929395
0 0.23827456350564874 0.4978177150192555 0.003423485107839781 0.0020539152759948653
0 0.5378295104416296 0.49666238767650833 0.0006846970215679561 0.00025673940949935817
0 0.25128380691543994 0.496790757381258 0.0013693940431359123 0.0005134788189987163
0 0.22920232796987333 0.49768934531450576 0.005135227661759671 0.0023106546854942235
0 0.2141389934953783 0.4970474967907574 0.0010270455323519343 0.0010269576379974327
0 0.8630605956864088 0.49666238767650833 0.0006846970215679561 0.0007702182284980744
0 0.7856898322492297 0.49653401797175867 0.0006846970215679561 0.0005134788189987163
0 0.7535090722355358 0.49730423620025677 0.0020540910647038686 0.0020539152759948653
0 0.16193084560082163 0.4962772785622593 0.0006846970215679561 0.0005134788189987163
0 0.13642588154741528 0.496405648267009 0.0010270455323519343 0.0007702182284980744
0 0.8053748716193084 0.49602053915275995 0.00034234851078397807 0.0005134788189987163
0 0.7447791852105443 0.496405648267009 0.0017117425539198905 0.0012836970474967907
0 0.5253337897980144 0.49602053915275995 0.0010270455323519343 0.0005134788189987163
0 0.24323861691201643 0.49602053915275995 0.0010270455323519343 0.0005134788189987163
0 0.2377610407394728 0.4962772785622593 0.002396439575487847 0.0010269576379974327
0 0.20763437179048272 0.4962772785622593 0.0010270455323519343 0.0010269576379974327
0 0.16449845943170147 0.4962772785622593 0.0017117425539198905 0.0010269576379974327
0 0.8695652173913043 0.49576379974326057 0.0006846970215679561 0.0005134788189987163
0 0.7735364601163985 0.49653401797175867 0.0010270455323519343 0.0020539152759948653
0 0.702670318384115 0.5001283697047497 0.01266689489900719 0.009242618741976894
0 0.2454638822321123 0.49602053915275995 0.0020540910647038686 0.0010269576379974327
0 0.2297158507360493 0.4961489088575096 0.0006846970215679561 0.0012836970474967907
0 0.20232796987333104 0.49602053915275995 0.0027387880862718246 0.0010269576379974327
0 0.8349880178021225 0.496405648267009 0.005477576172543649 0.0023106546854942235
0 0.797672030126669 0.49550706033376124 0.0006846970215679561 0.0005134788189987163
0 0.7591578226634714 0.4953786906290116 0.00034234851078397807 0.00025673940949935817
0 0.750941458404656 0.4970474967907574 0.002396439575487847 0.003594351732991014
0 0.1532009585758302 0.4962772785622593 0.0017117425539198905 0.0020539152759948653
0 0.1324888736733995 0.4958921694480103 0.0027387880862718246 0.0012836970474967907
0 0.8214652516261555 0.49576379974326057 0.0010270455323519343 0.0015404364569961489
0 0.7757617254364944 0.49525032092426186 0.0006846970215679561 0.0005134788189987163
0 0.7468332762752482 0.4951219512195122 0.00034234851078397807 0.00025673940949935817
0 0.5434782608695652 0.4953786906290116 0.0010270455323519343 0.0007702182284980744
0 0.5397124272509415 0.4951219512195122 0.00034234851078397807 0.00025673940949935817
0 0.2108866826429305 0.49717586649550705 0.0027387880862718246 0.0043645699614890884
0 0.15748031496062992 0.4975609756097561 0.006846970215679562 0.005134788189987163
0 0.8740157480314961 0.4949935815147625 0.0006846970215679561 0.0005134788189987163
0 0.8659705580280725 0.49550706033376124 0.002396439575487847 0.0015404364569961489
0 0.8517630948305375 0.49576379974326057 0.0020540910647038686 0.0020539152759948653
0 0.7944197192742212 0.49486521181001286 0.00034234851078397807 0.00025673940949935817
0 0.5344060253337898 0.4951219512195122 0.0006846970215679561 0.0007702182284980744
0 0.23964395754878468 0.4949935815147625 0.0006846970215679561 0.0005134788189987163
0 0.2172201300924341 0.5010269576379974 0.014036288942143102 0.01258023106546855
0 0.7961314618281411 0.49486521181001286 0.0010270455323519343 0.0007702182284980744
0 0.7841492639507018 0.4951219512195122 0.0017117425539198905 0.0012836970474967907
0 0.13865114686751112 0.49473684210526314 0.0006846970215679561 0.0005134788189987163
0 0.16347141389934955 0.49473684210526314 0.0017117425539198905 0.0010269576379974327
0 0.8575830195138651 0.496790757381258 0.00890106128038343 0.005648267008985879
0 0.780725778842862 0.4953786906290116 0.002396439575487847 0.0028241335044929395
0 0.7634371790482711 0.49409499358151476 0.0006846970215679561 0.00025673940949935817
0 0.545874700445053 0.49435173299101415 0.0010270455323519343 0.0007702182284980744
0 0.2564190345771996 0.4942233632862644 0.0006846970215679561 0.0005134788189987163
0 0.21362547072920232 0.49435173299101415 0.0013693940431359123 0.0007702182284980744
0 0.8669976035604245 0.4939666238767651 0.0010270455323519343 0.0005134788189987163
0 0.8630605956864088 0.4939666238767651 0.0006846970215679561 0.0005134788189987163
0 0.5289284491612462 0.49525032092426186 0.004792879150975694 0.0030808729139922978
0 0.2375898664840808 0.49435173299101415 0.0020540910647038686 0.0012836970474967907
0 0.22680588839438548 0.4949935815147625 0.002396439575487847 0.0025673940949935813
0 0.1545703526189661 0.4939666238767651 0.002396439575487847 0.0005134788189987163
0 0.7707976720301267 0.4938382541720154 0.0010270455323519343 0.0007702182284980744
0 0.7608695652173914 0.49358151476251605 0.00034234851078397807 0.00025673940949935817
0 0.24289626840123246 0.4939666238767651 0.0010270455323519343 0.0010269576379974327
0 0.8221499486477234 0.49358151476251605 0.0017117425539198905 0.0007702182284980744
0 0.7298870249914413 0.4934531450577664 0.0006846970215679561 0.0005134788189987163
0 0.1597055802807258 0.4937098844672657 0.002396439575487847 0.0010269576379974327
0 0.7778158165011982 0.4939666238767651 0.0027387880862718246 0.0020539152759948653
0 0.7425539198904485 0.49358151476251605 0.009585758301951387 0.0012836970474967907
0 0.5412529955494694 0.493196405648267 0.0013693940431359123 0.0005134788189987163
0 0.2721670660732626 0.49358151476251605 0.0020540910647038686 0.0012836970474967907
0 0.2572749058541595 0.49332477535301666 0.0010270455323519343 0.0007702182284980744
0 0.23091407052379323 0.49358151476251605 0.0017117425539198905 0.0012836970474967907
0 0.8582677165354331 0.49332477535301666 0.004108182129407737 0.0012836970474967907
0 0.8329339267374187 0.49409499358151476 0.004792879150975694 0.0028241335044929395
0 0.8242040397124273 0.49293966623876767 0.00034234851078397807 0.0005134788189987163
0 0.7848339609722698 0.49306803594351734 0.002396439575487847 0.0007702182284980744
0 0.781752824375214 0.49281129653401795 0.0010270455323519343 0.00025673940949935817
0 0.7050667579596028 0.49293966623876767 0.002396439575487847 0.0005134788189987163
0 0.6949674768914755 0.49306803594351734 0.0006846970215679561 0.0007702182284980744
0 0.15662444368366998 0.49281129653401795 0.00034234851078397807 0.00025673940949935817
0 0.041595344060253336 0.4953786906290116 0.005135227661759671 0.005391527599486521
0 0.14241698048613488 0.4926829268292683 0.0006846970215679561 0.0005134788189987163
0 0.7702841492639507 0.49229781771501924 0.0013693940431359123 0.00025673940949935817
0 0.7451215337213283 0.4925545571245186 0.0017117425539198905 0.0007702182284980744
0 0.2610407394727833 0.49306803594351734 0.002396439575487847 0.001797175866495507
0 0.2531667237247518 0.49730423620025677 0.004450530640191715 0.010269576379974325
0 0.22372475179732967 0.4926829268292683 0.0017117425539198905 0.0010269576379974327
0 0.15200273878808626 0.4926829268292683 0.0027387880862718246 0.0010269576379974327
0 0.7791852105443341 0.4925545571245186 0.0027387880862718246 0.001797175866495507
0 0.7742211571379665 0.4920410783055199 0.0030811365970558027 0.0007702182284980744
0 0.14755220814789455 0.49191270860077024 0.0006846970215679561 0.0005134788189987163
0 0.7114002054091064 0.4925545571245186 0.004792879150975694 0.0023106546854942235
0 0.5503252310852448 0.4915275994865212 0.00034234851078397807 0.00025673940949935817
0 0.53098254022595 0.49242618741976896 0.0013693940431359123 0.0020539152759948653
0 0.24768914755220814 0.4926829268292683 0.008558712769599451 0.0025673940949935813
0 0.1597055802807258 0.4921694480102696 0.003765833618623759 0.0015404364569961489
0 0.8620335501540568 0.4917843388960205 0.004108182129407737 0.0012836970474967907
0 0.7555631633002396 0.4915275994865212 0.0006846970215679561 0.0007702182284980744
0 0.5400547757617254 0.49139922978177153 0.0010270455323519343 0.0005134788189987163
0 0.23622047244094488 0.49229781771501924 0.0013693940431359123 0.0023106546854942235
0 0.7269770626497775 0.4912708600770218 0.0010270455323519343 0.0007702182284980744
0 0.7120849024306745 0.49114249037227214 0.0006846970215679561 0.0005134788189987163
0 0.5376583361862376 0.49139922978177153 0.0017117425539198905 0.0010269576379974327
0 0.27250941458404654 0.4917843388960205 0.0006846970215679561 0.001797175866495507
0 0.2310852447791852 0.49139922978177153 0.0006846970215679561 0.0010269576379974327
0 0.14481342006162273 0.4917843388960205 0.0013693940431359123 0.001797175866495507
0 0.14104758644299897 0.4912708600770218 0.0006846970215679561 0.0007702182284980744
0 0.13077713111947964 0.4921694480102696 0.003423485107839781 0.0025673940949935813
0 0.26737418692228687 0.49088575096277276 0.0006846970215679561 0.0005134788189987163
0 0.23331051009928105 0.49229781771501924 0.0030811365970558027 0.003337612323491656
0 0.8669976035604245 0.49062901155327343 0.0010270455323519343 0.0005134788189987163
0 0.8449161246148579 0.4910141206675225 0.0027387880862718246 0.0012836970474967907
0 0.5479287915097569 0.4910141206675225 0.0010270455323519343 0.0012836970474967907
0 0.25830195138651146 0.49088575096277276 0.0017117425539198905 0.0010269576379974327
0 0.24169804861348854 0.49165596919127086 0.006846970215679562 0.0025673940949935813
0 0.21362547072920232 0.49062901155327343 0.0006846970215679561 0.0005134788189987163
0 0.7517973296816158 0.49050064184852377 0.0013693940431359123 0.0007702182284980744
0 0.5344060253337898 0.49037227214377405 0.0006846970215679561 0.0005134788189987163
0 0.15576857240671002 0.49088575096277276 0.003423485107839781 0.0015404364569961489
0 0.004108182129407737 0.4921694480102696 0.008216364258815475 0.004107830551989731
0 0.7838069154399179 0.48998716302952505 0.00034234851078397807 0.00025673940949935817
0 0.7529955494693598 0.48998716302952505 0.00034234851078397807 0.00025673940949935817
0 0.2846627867168778 0.4901155327342747 0.0010270455323519343 0.0005134788189987163
0 0.765491270112975 0.48985879332477533 0.0006846970215679561 0.0005134788189987163
0 0.7369051694625128 0.4902439024390244 0.0010270455323519343 0.0012836970474967907
0 0.2740499828825745 0.49050064184852377 0.0010270455323519343 0.001797175866495507
0 0.2702841492639507 0.4912708600770218 0.0017117425539198905 0.003337612323491656
0 0.26514892160219106 0.48985879332477533 0.0010270455323519343 0.0005134788189987163
0 0.2314275932899692 0.48985879332477533 0.0006846970215679561 0.0005134788189987163
0 0.03200958575830195 0.4901155327342747 0.0010270455323519343 0.0010269576379974327
0 0.827114002054091 0.4912708600770218 0.005477576172543649 0.0038510911424903724
0 0.7444368366997604 0.489602053915276 0.0010270455323519343 0.0005134788189987163
0 0.547586442998973 0.48973042362002567 0.0010270455323519343 0.0007702182284980744
0 0.5409106470386854 0.489602053915276 0.0013693940431359123 0.0005134788189987163
0 0.7595001711742554 0.48947368421052634 0.0010270455323519343 0.0007702182284980744
0 0.7540225950017118 0.48921694480102695 0.00034234851078397807 0.00025673940949935817
0 0.5371448134200616 0.48947368421052634 0.0013693940431359123 0.0007702182284980744
0 0.2560766860664156 0.48921694480102695 0.0006846970215679561 0.00025673940949935817
0 0.8349880178021225 0.48947368421052634 0.0013693940431359123 0.0012836970474967907
0 0.7752482026703184 0.4893453145057766 0.0017117425539198905 0.0010269576379974327
0 0.2764464224580623 0.48947368421052634 0.0010270455323519343 0.0012836970474967907
0 0.13950701814447108 0.48921694480102695 0.0010270455323519343 0.0007702182284980744
0 0.7634371790482711 0.4890885750962773 0.0020540910647038686 0.0010269576379974327
0 0.531667237247518 0.4893453145057766 0.0020540910647038686 0.0015404364569961489
0 0.26737418692228687 0.4888318356867779 0.0006846970215679561 0.0005134788189987163
0 0.8599794590893529 0.4890885750962773 0.003423485107839781 0.0015404364569961489
0 0.7699418007531668 0.4893453145057766 0.0027387880862718246 0.0020539152759948653
0 0.7365628209517289 0.48870346598202824 0.0010270455323519343 0.0007702182284980744
0 0.13659705580280726 0.4907573812580231 0.006846970215679562 0.004878048780487805
0 0.0421088668264293 0.49114249037227214 0.008216364258815475 0.005648267008985879
0 0.03543307086614173 0.49088575096277276 0.004450530640191715 0.005134788189987163
0 0.8118794933242041 0.4884467265725289 0.0010270455323519343 0.0007702182284980744
0 0.7476891475522082 0.49037227214377405 0.003423485107839781 0.004621309370988447
0 0.2108866826429305 0.49114249037227214 0.003423485107839781 0.0061617458279845955
0 0.20763437179048272 0.4881899871630295 0.00034234851078397807 0.00025673940949935817
0 0.15593974666210203 0.4889602053915276 0.003765833618623759 0.001797175866495507
0 0.1439575487846628 0.4884467265725289 0.0030811365970558027 0.0007702182284980744
0 0.14104758644299897 0.4884467265725289 0.0013693940431359123 0.0007702182284980744
0 0.734679904142417 0.48806161745827986 0.0013693940431359123 0.0005134788189987163
0 0.007874015748031496 0.48870346598202824 0.0027387880862718246 0.001797175866495507
0 0.7586442998972954 0.48793324775353014 0.0006846970215679561 0.0007702182284980744
0 0.2851763094830537 0.4885750962772786 0.0027387880862718246 0.0020539152759948653
0 0.281068127353646 0.4883183568677792 0.0020540910647038686 0.0015404364569961489
0 0.2624101335159192 0.48793324775353014 0.0010270455323519343 0.0007702182284980744
0 0.16963368709346113 0.48806161745827986 0.0017117425539198905 0.0010269576379974327
0 0.5419376925710373 0.4874197689345314 0.0006846970215679561 0.00025673940949935817
0 0.20592262923656282 0.4874197689345314 0.00034234851078397807 0.00025673940949935817
0 0.040568298527901406 0.4878048780487805 0.0010270455323519343 0.0010269576379974327
0 0.7615542622389593 0.48729139922978176 0.0010270455323519343 0.0005134788189987163
0 0.75128380691544 0.4881899871630295 0.0017117425539198905 0.0023106546854942235
0 0.22595001711742554 0.48870346598202824 0.007531667237247518 0.003337612323491656
0 0.03252310852447792 0.48754813863928115 0.003423485107839781 0.0010269576379974327
0 0.0005135227661759672 0.48793324775353014 0.0010270455323519343 0.001797175866495507
0 0.23690516946251283 0.4874197689345314 0.0027387880862718246 0.0012836970474967907
0 0.2329681615884971 0.48806161745827986 0.0017117425539198905 0.0025673940949935813
0 0.22389592605272168 0.4869062901155327 0.0006846970215679561 0.00025673940949935817
0 0.16364258815474153 0.4901155327342747 0.010955152345087298 0.006675224646983312
0 0.8611776788770968 0.4866495507060334 0.00034234851078397807 0.00025673940949935817
0 0.8531324888736734 0.48985879332477533 0.00890106128038343 0.006675224646983312
0 0.28842862033550154 0.4869062901155327 0.0017117425539198905 0.0007702182284980744
0 0.26959945224238274 0.48703465982028243 0.0017117425539198905 0.0010269576379974327
0 0.21858952413557 0.49050064184852377 0.006504621704895584 0.007958921694480103
0 0.2865457035261897 0.4866495507060334 0.0006846970215679561 0.0007702182284980744
0 0.28346456692913385 0.4865211810012837 0.0013693940431359123 0.0005134788189987163
0 0.22868880520369736 0.4865211810012837 0.0006846970215679561 0.0005134788189987163
0 0.17203012666894898 0.48677792041078305 0.0017117425539198905 0.0010269576379974327
0 0.007874015748031496 0.4869062901155327 0.0013693940431359123 0.0012836970474967907
0 0.8579253680246491 0.486392811296534 0.0013693940431359123 0.0007702182284980744
0 0.5357754193769257 0.486392811296534 0.0013693940431359123 0.0007702182284980744
0 0.24152687435809655 0.4878048780487805 0.004450530640191715 0.003594351732991014
0 0.2125984251968504 0.4876765083440308 0.003423485107839781 0.003337612323491656
0 0.1687778158165012 0.48613607188703467 0.0006846970215679561 0.00025673940949935817
0 0.8295104416295789 0.486007702182285 0.0006846970215679561 0.0005134788189987163
0 0.8141047586442999 0.48613607188703467 0.0013693940431359123 0.0007702182284980744
0 0.7553919890448476 0.4857509627727856 0.00034234851078397807 0.0005134788189987163
0 0.8329339267374187 0.48806161745827986 0.010270455323519343 0.005648267008985879
0 0.7701129750085587 0.48562259306803596 0.0010270455323519343 0.0007702182284980744
0 0.26052721670660733 0.48562259306803596 0.0013693940431359123 0.0007702182284980744
0 0.24734679904142418 0.4881899871630295 0.004450530640191715 0.005905006418485238
0 0.16039027730229374 0.486392811296534 0.004450530640191715 0.0023106546854942235
0 0.03029784320438206 0.48562259306803596 0.0017117425539198905 0.0007702182284980744
0 0.7745635056487504 0.48510911424903724 0.0010270455323519343 0.00025673940949935817
0 0.23416638137624102 0.4857509627727856 0.0006846970215679561 0.0015404364569961489
0 0.797500855871277 0.4853658536585366 0.002396439575487847 0.0012836970474967907
0 0.5342348510783979 0.4849807445442875 0.00034234851078397807 0.0005134788189987163
0 0.25231085244779183 0.4876765083440308 0.003423485107839781 0.005905006418485238
0 0.22458062307428964 0.4852374839537869 0.0013693940431359123 0.0010269576379974327
0 0.7613830879835672 0.4852374839537869 0.0020540910647038686 0.0015404364569961489
0 0.7473467990414242 0.4849807445442875 0.0013693940431359123 0.0010269576379974327
0 0.2887709688462855 0.4847240051347882 0.0010270455323519343 0.0005134788189987163
0 0.2702841492639507 0.48485237483953786 0.0017117425539198905 0.0007702182284980744
0 0.26600479287915096 0.48485237483953786 0.0013693940431359123 0.0007702182284980744
0 0.2389592605272167 0.4847240051347882 0.0006846970215679561 0.0005134788189987163
0 0.1638137624101335 0.4849807445442875 0.0017117425539198905 0.0010269576379974327
0 0.8567271482369052 0.48459563543003853 0.0010270455323519343 0.0007702182284980744
0 0.843033207805546 0.48433889602053914 0.00034234851078397807 0.00025673940949935817
0 0.22235535775419377 0.4849807445442875 0.0017117425539198905 0.0015404364569961489
0 0.1670660732625813 0.48549422336328624 0.0013693940431359123 0.0025673940949935813
0 0.8531324888736734 0.48433889602053914 0.0006846970215679561 0.0007702182284980744
0 0.2826086956521739 0.48433889602053914 0.0010270455323519343 0.0007702182284980744
0 0.1735706949674769 0.4842105263157895 0.0006846970215679561 0.0005134788189987163
0 0.5338925025676138 0.48382541720154043 0.00034234851078397807 0.00025673940949935817
0 0.16997603560424512 0.4844672657252888 0.002396439575487847 0.0015404364569961489
0 0.8216364258815474 0.48626444159178434 0.010955152345087298 0.005648267008985879
0 0.811708319068812 0.48549422336328624 0.008216364258815475 0.004107830551989731
0 0.2860321807600137 0.48459563543003853 0.003765833618623759 0.0023106546854942235
0 0.8543307086614174 0.4833119383825417 0.00034234851078397807 0.00025673940949935817
0 0.8349880178021225 0.4835686777920411 0.0013693940431359123 0.0007702182284980744
0 0.5403971242725094 0.4834403080872914 0.00034234851078397807 0.0005134788189987163
0 0.0027387880862718246 0.48382541720154043 0.0013693940431359123 0.0012836970474967907
0 0.8582677165354331 0.48318356867779205 0.0006846970215679561 0.0005134788189987163
0 0.8072577884286203 0.4840821566110398 0.005477576172543649 0.0023106546854942235
0 0.7956179390619651 0.4830551989730424 0.0006846970215679561 0.00025673940949935817
0 0.765491270112975 0.48318356867779205 0.0006846970215679561 0.0005134788189987163
0 0.7576172543649435 0.4839537869062901 0.0027387880862718246 0.0020539152759948653
0 0.5424512153372133 0.48318356867779205 0.00034234851078397807 0.0005134788189987163
0 0.25213967819239985 0.4834403080872914 0.004450530640191715 0.0010269576379974327
0 0.22269770626497776 0.4830551989730424 0.00034234851078397807 0.00025673940949935817
0 0.010099281068127354 0.4834403080872914 0.0010270455323519343 0.0010269576379974327
0 0.7742211571379665 0.48382541720154043 0.003765833618623759 0.0023106546854942235
0 0.28072577884286204 0.48292682926829267 0.0006846970215679561 0.0005134788189987163
0 0.24700445053064018 0.4839537869062901 0.003765833618623759 0.0025673940949935813
0 0.004450530640191715 0.48626444159178434 0.00890106128038343 0.007188703465982028
0 0.8459431701472099 0.4874197689345314 0.012324546388223211 0.010012836970474968
0 0.7699418007531668 0.482798459563543 0.0006846970215679561 0.0007702182284980744
0 0.2281752824375214 0.4839537869062901 0.008558712769599451 0.0030808729139922978
0 0.8613488531324889 0.48241335044929395 0.0006846970215679561 0.0005134788189987163
0 0.8264293050325231 0.4825417201540436 0.0020540910647038686 0.0007702182284980744
0 0.8207805546045874 0.4825417201540436 0.0010270455323519343 0.0007702182284980744
0 0.8166723724751798 0.4822849807445443 0.00034234851078397807 0.00025673940949935817
0 0.765833618623759 0.4822849807445443 0.0006846970215679561 0.00025673940949935817
0 0.8301951386511469 0.4825417201540436 0.0020540910647038686 0.0012836970474967907
0 0.2629236562820952 0.482798459563543 0.0020540910647038686 0.001797175866495507
0 0.23587812393016092 0.4830551989730424 0.005477576172543649 0.0023106546854942235
0 0.8230058199246834 0.4822849807445443 0.0027387880862718246 0.0012836970474967907
0 0.24289626840123246 0.48292682926829267 0.002396439575487847 0.0025673940949935813
0 0.8522766175967135 0.4817715019255456 0.0010270455323519343 0.0007702182284980744
0 0.8401232454638823 0.48241335044929395 0.004792879150975694 0.0020539152759948653
0 0.8158165011982198 0.4816431322207959 0.0006846970215679561 0.0005134788189987163
0 0.7945908935296131 0.4816431322207959 0.0013693940431359123 0.0005134788189987163
0 0.2677165354330709 0.4815147625160462 0.0006846970215679561 0.00025673940949935817
0 0.23861691201643273 0.48189987163029524 0.0013693940431359123 0.0010269576379974327
0 0.22954467648065732 0.4816431322207959 0.0010270455323519343 0.0005134788189987163
0 0.22406710030811366 0.4816431322207959 0.00034234851078397807 0.0005134788189987163
0 0.8580965422800411 0.4813863928112965 0.00034234851078397807 0.0005134788189987163
0 0.8093118794933242 0.4815147625160462 0.0020540910647038686 0.0007702182284980744
0 0.8486819582334817 0.4811296534017972 0.0013693940431359123 0.0005134788189987163
0 0.5391989044847655 0.4813863928112965 0.0020540910647038686 0.0010269576379974327
0 0.5357754193769257 0.48125802310654686 0.0013693940431359123 0.0007702182284980744
0 0.27884286203355013 0.4820282413350449 0.002396439575487847 0.0023106546854942235
0 0.2314275932899692 0.4817715019255456 0.0006846970215679561 0.001797175866495507
0 0.8466278671687778 0.4811296534017972 0.0013693940431359123 0.0010269576379974327
0 0.2574460801095515 0.4815147625160462 0.0013693940431359123 0.001797175866495507
0 0.24580623074289626 0.4815147625160462 0.0013693940431359123 0.001797175866495507
0 0.8029784320438206 0.48074454428754815 0.0010270455323519343 0.0007702182284980744
0 0.7916809311879494 0.48048780487804876 0.00034234851078397807 0.00025673940949935817
0 0.04519000342348511 0.4808729139922978 0.003423485107839781 0.0010269576379974327
0 0.27439233139335845 0.4808729139922978 0.002396439575487847 0.0015404364569961489
0 0.2641218760698391 0.48023106546854943 0.00034234851078397807 0.00025673940949935817
0 0.2533378979801438 0.4803594351732991 0.0013693940431359123 0.0005134788189987163
0 0.0011982197877439234 0.4811296534017972 0.002396439575487847 0.0025673940949935813
0 0.24306744265662444 0.48023106546854943 0.0013693940431359123 0.0012836970474967907
0 0.7637795275590551 0.479589216944801 0.0006846970215679561 0.0005134788189987163
0 0.5448476549127012 0.47946084724005134 0.00034234851078397807 0.00025673940949935817
0 0.5357754193769257 0.4798459563543004 0.0020540910647038686 0.0010269576379974327
0 0.24957206436152002 0.479589216944801 0.0006846970215679561 0.0005134788189987163
0 0.011468675111263265 0.47946084724005134 0.00034234851078397807 0.00025673940949935817
0 0.8295104416295789 0.48010269576379977 0.0061622731941116055 0.0020539152759948653
0 0.23057172201300924 0.4797175866495507 0.00034234851078397807 0.0012836970474967907
0 0.009585758301951387 0.48010269576379977 0.0013693940431359123 0.0020539152759948653
0 0.7740499828825744 0.479589216944801 0.0020540910647038686 0.0015404364569961489
0 0.7697706264977747 0.4798459563543004 0.002396439575487847 0.0020539152759948653
0 0.844744950359466 0.47881899871630296 0.0010270455323519343 0.0005134788189987163
0 0.2761040739472783 0.4786906290115533 0.00034234851078397807 0.00025673940949935817
0 0.26532009585758304 0.47881899871630296 0.0006846970215679561 0.0005134788189987163
0 0.23930160903800068 0.48023106546854943 0.004108182129407737 0.003337612323491656
0 0.8375556316330024 0.4786906290115533 0.0010270455323519343 0.0007702182284980744
0 0.2533378979801438 0.4786906290115533 0.0013693940431359123 0.0007702182284980744
0 0.24597740499828827 0.479204107830552 0.002396439575487847 0.001797175866495507
0 0.23399520712084904 0.4798459563543004 0.003765833618623759 0.0030808729139922978
0 0.8560424512153372 0.4785622593068036 0.0017117425539198905 0.0010269576379974327
0 0.8243752139678192 0.4785622593068036 0.0027387880862718246 0.0010269576379974327
0 0.2280041081821294 0.47946084724005134 0.0027387880862718246 0.0028241335044929395
0 0.8461143444026018 0.4781771501925546 0.0010270455323519343 0.0007702182284980744
0 0.23844573776104075 0.4779204107830552 0.0010270455323519343 0.00025673940949935817
0 0.2731941116056145 0.4785622593068036 0.0020540910647038686 0.0020539152759948653
0 0.2581307771311195 0.47830551989730424 0.0020540910647038686 0.0015404364569961489
0 0.2249229715850736 0.4790757381258023 0.003423485107839781 0.0030808729139922978
0 0.22098596371105786 0.4790757381258023 0.0017117425539198905 0.0030808729139922978
0 0.004621704895583704 0.4784338896020539 0.0017117425539198905 0.0023106546854942235
0 0.0020540910647038686 0.47804878048780486 0.0020540910647038686 0.0015404364569961489
0 0.8428620335501541 0.47753530166880614 0.0020540910647038686 0.0010269576379974327
0 0.8420061622731941 0.47881899871630296 0.005819924683327628 0.003594351732991014
0 0.5248202670318384 0.4774069319640565 0.0006846970215679561 0.0007702182284980744
0 0.5212256076686066 0.47715019255455715 0.00034234851078397807 0.00025673940949935817
0 0.24152687435809655 0.4774069319640565 0.0010270455323519343 0.0007702182284980744
0 0.23040054775761726 0.4774069319640565 0.0020540910647038686 0.0007702182284980744
0 0.765662444368367 0.47702182284980743 0.0010270455323519343 0.0005134788189987163
0 0.5427935638479973 0.47702182284980743 0.00034234851078397807 0.0005134788189987163
0 0.5294419719274222 0.47689345314505777 0.00034234851078397807 0.00025673940949935817
0 0.011639849366655255 0.47689345314505777 0.0006846970215679561 0.00025673940949935817
0 0.007018144471071551 0.47997432605905005 0.00718931872646354 0.006418485237483954
0 0.8550154056829853 0.4766367137355584 0.00034234851078397807 0.00025673940949935817
0 0.8348168435467306 0.47689345314505777 0.0017117425539198905 0.0007702182284980744
0 0.8262581307771312 0.47702182284980743 0.0017117425539198905 0.0010269576379974327
0 0.25487846627867167 0.47715019255455715 0.0010270455323519343 0.0012836970474967907
0 0.22252653200958575 0.4766367137355584 0.0006846970215679561 0.00025673940949935817
0 0.844744950359466 0.4766367137355584 0.0010270455323519343 0.0012836970474967907
0 0.7726805888394386 0.47599486521181 0.0020540910647038686 0.0005134788189987163
0 0.7620677850051353 0.4762516046213094 0.0013693940431359123 0.0010269576379974327
0 0.6727148236905169 0.4762516046213094 0.0027387880862718246 0.0010269576379974327
0 0.2622389592605272 0.4762516046213094 0.0013693940431359123 0.0010269576379974327
0 0.5234508729887025 0.47560975609756095 0.0006846970215679561 0.00025673940949935817
0 0.8476549127011298 0.4762516046213094 0.003423485107839781 0.0020539152759948653
0 0.8380691543991784 0.47586649550706034 0.0020540910647038686 0.0012836970474967907
0 0.2832933926737419 0.4785622593068036 0.009928106812735364 0.007188703465982028
0 0.25196850393700787 0.47560975609756095 0.0020540910647038686 0.0012836970474967907
0 0.7665183156453269 0.4749679075738126 0.0006846970215679561 0.0005134788189987163
0 0.2781581650119822 0.4754813863928113 0.00034234851078397807 0.0015404364569961489
0 0.24905854159534407 0.47637997432605905 0.004450530640191715 0.003337612323491656
0 0.7695994522423828 0.4753530166880616 0.0013693940431359123 0.001797175866495507
0 0.2740499828825745 0.4753530166880616 0.004450530640191715 0.001797175866495507
0 0.25419376925710374 0.4745827984595635 0.00034234851078397807 0.00025673940949935817
0 0.8411502909962342 0.47522464698331196 0.0027387880862718246 0.0020539152759948653
0 0.8343033207805546 0.47509627727856224 0.004108182129407737 0.001797175866495507
0 0.27935638479972613 0.47522464698331196 0.0013693940431359123 0.0025673940949935813
0 0.0020540910647038686 0.47445442875481386 0.0013693940431359123 0.0010269576379974327
0 0.8343033207805546 0.47394094993581515 0.0013693940431359123 0.0005134788189987163
0 0.8103389250256762 0.47394094993581515 0.0006846970215679561 0.0005134788189987163
0 0.8002396439575488 0.4743260590500642 0.0017117425539198905 0.0012836970474967907
0 0.766175967134543 0.4740693196405648 0.0006846970215679561 0.0007702182284980744
0 0.2851763094830537 0.47394094993581515 0.0006846970215679561 0.0005134788189987163
0 0.24186922286888052 0.47394094993581515 0.00034234851078397807 0.0005134788189987163
0 0.005477576172543649 0.4743260590500642 0.0027387880862718246 0.0012836970474967907
0 0.8505648750427935 0.4740693196405648 0.0017117425539198905 0.0012836970474967907
0 0.28141047586442997 0.4740693196405648 0.0013693940431359123 0.0012836970474967907
0 0.8036631290653886 0.47342747111681643 0.0017117425539198905 0.0005134788189987163
0 0.2892844916124615 0.47471116816431325 0.005477576172543649 0.0030808729139922978
0 0.8454296473810339 0.47368421052631576 0.003765833618623759 0.0015404364569961489
0 0.5251626155426223 0.47342747111681643 0.0006846970215679561 0.0010269576379974327
0 0.0005135227661759672 0.47329910141206677 0.0010270455323519343 0.0007702182284980744
0 0.8111947963026361 0.47278562259306806 0.00034234851078397807 0.00025673940949935817
0 0.28346456692913385 0.4729139922978177 0.0027387880862718246 0.0005134788189987163
0 0.2798699075659021 0.47278562259306806 0.00034234851078397807 0.00025673940949935817
0 0.2642930503252311 0.47278562259306806 0.0013693940431359123 0.0007702182284980744
0 0.00359465936323177 0.47278562259306806 0.0010270455323519343 0.0007702182284980744
0 0.8298527901403628 0.472400513478819 0.0013693940431359123 0.0010269576379974327
0 0.5236220472440944 0.47201540436456996 0.00034234851078397807 0.00025673940949935817
0 0.27867168777815815 0.47227214377406934 0.0013693940431359123 0.0007702182284980744
0 0.2622389592605272 0.47227214377406934 0.0013693940431359123 0.0007702182284980744
0 0.25487846627867167 0.472400513478819 0.0010270455323519343 0.0010269576379974327
0 0.812735364601164 0.4718870346598203 0.0006846970215679561 0.0005134788189987163
0 0.8512495720643615 0.4716302952503209 0.00034234851078397807 0.0005134788189987163
0 0.8385826771653543 0.47252888318356867 0.003765833618623759 0.0023106546854942235
0 0.28072577884286204 0.4713735558408216 0.0013693940431359123 0.0010269576379974327
0 0.8346456692913385 0.47086007702182286 0.0006846970215679561 0.0005134788189987163
0 0.7755905511811023 0.4712451861360719 0.002396439575487847 0.0012836970474967907
0 0.25042793563848 0.4721437740693196 0.003765833618623759 0.0030808729139922978
0 0.2538514207463198 0.47086007702182286 0.002396439575487847 0.0010269576379974327
0 0.8392673741869223 0.4704749679075738 0.0030811365970558027 0.0007702182284980744
0 0.8197535090722355 0.4706033376123235 0.0010270455323519343 0.0010269576379974327
0 0.8022937350222527 0.4712451861360719 0.002396439575487847 0.0023106546854942235
0 0.5231085244779186 0.47034659820282415 0.0006846970215679561 0.0005134788189987163
0 0.5207120849024307 0.47034659820282415 0.0006846970215679561 0.0005134788189987163
0 0.2593289969188634 0.47252888318356867 0.005819924683327628 0.004878048780487805
0 0.8113659705580281 0.47034659820282415 0.0020540910647038686 0.0010269576379974327
0 0.8067442656624444 0.4716302952503209 0.005135227661759671 0.003594351732991014
0 0.7997261211913728 0.47021822849807443 0.0013693940431359123 0.0007702182284980744
0 0.795789113317357 0.47034659820282415 0.0017117425539198905 0.0010269576379974327
0 0.2761040739472783 0.4697047496790757 0.00034234851078397807 0.00025673940949935817
0 0.024649092776446422 0.47034659820282415 0.0013693940431359123 0.0015404364569961489
0 0.02208147894556659 0.47008985879332477 0.0010270455323519343 0.0010269576379974327
0 0.8238616912016433 0.4697047496790757 0.0010270455323519343 0.0007702182284980744
0 0.7737076343717905 0.46957637997432605 0.0006846970215679561 0.0005134788189987163
0 0.8277986990756591 0.4693196405648267 0.0006846970215679561 0.0005134788189987163
0 0.8052036973639165 0.4697047496790757 0.0020540910647038686 0.0012836970474967907
0 0.25059910989387196 0.4694480102695764 0.0013693940431359123 0.0007702182284980744
0 0.8466278671687778 0.4693196405648267 0.0013693940431359123 0.0010269576379974327
0 0.27302293735022254 0.469191270860077 0.0030811365970558027 0.0007702182284980744
0 0.2454638822321123 0.4694480102695764 0.0020540910647038686 0.0012836970474967907
0 0.8378979801437864 0.4686777920410783 0.00034234851078397807 0.00025673940949935817
0 0.007531667237247518 0.4689345314505777 0.0013693940431359123 0.0007702182284980744
0 0.004450530640191715 0.4693196405648267 0.0020540910647038686 0.0015404364569961489
0 0.0006846970215679561 0.4694480102695764 0.0013693940431359123 0.001797175866495507
0 0.2564190345771996 0.4686777920410783 0.0006846970215679561 0.0007702182284980744
0 0.8322492297158507 0.4681643132220796 0.0006846970215679561 0.00025673940949935817
0 0.8146182814104759 0.46842105263157896 0.0010270455323519343 0.0007702182284980744
0 0.8110236220472441 0.46842105263157896 0.0006846970215679561 0.0007702182284980744
0 0.04091064703868538 0.46906290115532734 0.002396439575487847 0.0020539152759948653
0 0.8401232454638823 0.4680359435173299 0.0013693940431359123 0.0005134788189987163
0 0.8257446080109552 0.4682926829268293 0.0020540910647038686 0.0015404364569961489
0 0.2851763094830537 0.47008985879332477 0.005477576172543649 0.005134788189987163
0 0.8178705922629237 0.4680359435173299 0.0027387880862718246 0.0015404364569961489
0 0.7993837726805888 0.4682926829268293 0.007531667237247518 0.0020539152759948653
0 0.5330366312906539 0.46713735558408215 0.0006846970215679561 0.00025673940949935817
0 0.8462855186579938 0.46713735558408215 0.0020540910647038686 0.0007702182284980744
0 0.8377268058883944 0.4670089858793325 0.0006846970215679561 0.0005134788189987163
0 0.02516261554262239 0.46739409499358153 0.002396439575487847 0.0012836970474967907
0 0.265833618623759 0.46662387676508343 0.00034234851078397807 0.00025673940949935817
0 0.0027387880862718246 0.4670089858793325 0.0027387880862718246 0.0015404364569961489
0 0.8331051009928107 0.4663671373555841 0.0010270455323519343 0.0007702182284980744
0 0.8211229031153714 0.46662387676508343 0.0017117425539198905 0.0012836970474967907
0 0.8029784320438206 0.47329910141206677 0.055802807257788425 0.014634146341463415
0 0.2514549811708319 0.4677792041078305 0.008558712769599451 0.003594351732991014
0 0.7983567271482369 0.4658536585365854 0.0013693940431359123 0.0007702182284980744
0 0.009585758301951387 0.46572528883183567 0.0013693940431359123 0.0010269576379974327
0 0.8394385484423142 0.46521181001283696 0.0006846970215679561 0.0005134788189987163
0 0.8366997603560424 0.4650834403080873 0.0006846970215679561 0.00025673940949935817
0 0.5330366312906539 0.46546854942233634 0.0013693940431359123 0.0010269576379974327
0 0.296302636083533 0.46598202824133506 0.002396439575487847 0.0020539152759948653
0 0.0066757959602875725 0.46521181001283696 0.00034234851078397807 0.0005134788189987163
0 0.0008558712769599452 0.4653401797175867 0.0010270455323519343 0.0007702182284980744
0 0.2581307771311195 0.46572528883183567 0.003423485107839781 0.0020539152759948653
0 0.843717904827114 0.46469833119383824 0.0010270455323519343 0.0005134788189987163
0 0.2615542622389593 0.46598202824133506 0.0027387880862718246 0.0030808729139922978
0 0.8351591920575145 0.46405648267008986 0.00034234851078397807 0.00025673940949935817
0 0.2908250599109894 0.46495507060333763 0.004450530640191715 0.0020539152759948653
0 0.2591578226634714 0.4639281129653402 0.0006846970215679561 0.0005134788189987163
0 0.0022252653200958575 0.4637997432605905 0.00034234851078397807 0.00025673940949935817
0 0.3000684697021568 0.4637997432605905 0.0010270455323519343 0.0007702182284980744
0 0.29732968161588497 0.4639281129653402 0.0017117425539198905 0.0015404364569961489
0 0.5234508729887025 0.4634146341463415 0.0006846970215679561 0.0010269576379974327
0 0.8296816158849709 0.4631578947368421 0.0017117425539198905 0.0010269576379974327
0 0.8065730914070524 0.46277278562259305 0.0006846970215679561 0.00025673940949935817
0 0.003252310852447792 0.4626444159178434 0.00034234851078397807 0.0005134788189987163
0 0.8341321465251627 0.462387676508344 0.0010270455323519343 0.0005134788189987163
0 0.8260869565217391 0.4625160462130937 0.0013693940431359123 0.0007702182284980744
0 0.29887024991441286 0.4625160462130937 0.0006846970215679561 0.0007702182284980744
0 0.25693255734337556 0.462002567394095 0.0010270455323519343 0.0007702182284980744
0 0.8084560082163642 0.4614890885750963 0.00034234851078397807 0.00025673940949935817
0 0.03252310852447792 0.462387676508344 0.003423485107839781 0.0020539152759948653
0 0.003937007874015748 0.46161745827984596 0.00034234851078397807 0.0005134788189987163
0 0.0374871619308456 0.4617458279845956 0.0010270455323519343 0.0012836970474967907
0 0.03560424512153372 0.4614890885750963 0.0006846970215679561 0.0007702182284980744
0 0.264977747346799 0.46302952503209244 0.003423485107839781 0.0043645699614890884
0 0.24871619308456008 0.4612323491655969 0.0010270455323519343 0.0007702182284980744
0 0.2451215337213283 0.46110397946084725 0.0006846970215679561 0.0005134788189987163
0 0.032351934269085926 0.46110397946084725 0.00034234851078397807 0.0005134788189987163
0 0.2533378979801438 0.4607188703465982 0.0006846970215679561 0.00025673940949935817
0 0.006846970215679562 0.46084724005134786 0.0006846970215679561 0.0005134788189987163
0 0.2928791509756933 0.46225930680359434 0.006504621704895584 0.0038510911424903724
0 0.2719958918178706 0.4680359435173299 0.023622047244094488 0.01540436456996149
0 0.26959945224238274 0.4609756097560976 0.002396439575487847 0.0012836970474967907
0 0.26514892160219106 0.46033376123234915 0.0010270455323519343 0.0005134788189987163
0 0.25059910989387196 0.46059050064184853 0.0013693940431359123 0.0010269576379974327
0 0.2437521396781924 0.46033376123234915 0.0006846970215679561 0.0005134788189987163
0 0.02875727490585416 0.46110397946084725 0.0027387880862718246 0.0020539152759948653
0 0.5198562136254707 0.45982028241335043 0.00034234851078397807 0.0005134788189987163
0 0.036802464909277646 0.45982028241335043 0.0010270455323519343 0.0005134788189987163
0 0.2915097569325573 0.45969191270860077 0.002396439575487847 0.0007702182284980744
0 0.0008558712769599452 0.4602053915275995 0.0017117425539198905 0.001797175866495507
0 0.29459089352961315 0.4593068035943517 0.0030811365970558027 0.0010269576379974327
0 0.2615542622389593 0.4593068035943517 0.0027387880862718246 0.0015404364569961489
0 0.038685381718589526 0.4590500641848524 0.0013693940431359123 0.0010269576379974327
0 0.004621704895583704 0.4594351732991014 0.0030811365970558027 0.001797175866495507
0 0.2880862718247176 0.45866495507060334 0.0010270455323519343 0.0012836970474967907
0 0.2706264977747347 0.458793324775353 0.003765833618623759 0.0015404364569961489
0 0.026189661074974325 0.4600770218228498 0.005135227661759671 0.004107830551989731
0 0.25761725436494354 0.45802310654685496 0.0010270455323519343 0.0010269576379974327
0 0.022252653200958577 0.4590500641848524 0.0020540910647038686 0.003594351732991014
0 0.29904142416980484 0.45789473684210524 0.0017117425539198905 0.001797175866495507
0 0.01951386511468675 0.4571245186136072 0.0006846970215679561 0.00025673940949935817
0 0.28705922629236563 0.4566110397946085 0.00034234851078397807 0.00025673940949935817
0 0.297158507360493 0.45673940949935815 0.0013693940431359123 0.0010269576379974327
0 0.02875727490585416 0.45673940949935815 0.0020540910647038686 0.0010269576379974327
0 0.30417665183156456 0.45802310654685496 0.0030811365970558027 0.005134788189987163
0 0.28962684012324547 0.4566110397946085 0.0020540910647038686 0.0028241335044929395
0 0.2668606641561109 0.4560975609756098 0.0017117425539198905 0.001797175866495507
0 0.02482026703183841 0.45545571245186134 0.0017117425539198905 0.0010269576379974327
0 0.5191715166039028 0.45481386392811296 0.0010270455323519343 0.0007702182284980744
0 0.29168093118794935 0.4549422336328626 0.0013693940431359123 0.0010269576379974327
0 0.28620335501540567 0.4549422336328626 0.0013693940431359123 0.0010269576379974327
0 0.29441971927422117 0.4549422336328626 0.0006846970215679561 0.0015404364569961489
0 0.5169462512838069 0.4541720154043646 0.0006846970215679561 0.0005134788189987163
0 0.2749058541595344 0.4540436456996149 0.0013693940431359123 0.0007702182284980744
0 0.5143786374529271 0.45365853658536587 0.00034234851078397807 0.0005134788189987163
0 0.30229373502225265 0.45378690629011553 0.0013693940431359123 0.0007702182284980744
0 0.026018486819582336 0.4540436456996149 0.0027387880862718246 0.0012836970474967907
0 0.018657993837726806 0.45353016688061615 0.0010270455323519343 0.0007702182284980744
0 0.022595001711742554 0.45301668806161743 0.0020540910647038686 0.0012836970474967907
0 0.02670318384115029 0.45186136071887034 0.0013693940431359123 0.0010269576379974327
0 0.3082848339609723 0.45237483953786906 0.002396439575487847 0.0025673940949935813
0 0.2985279014036289 0.45121951219512196 0.0020540910647038686 0.001797175866495507
0 0.31051009928106815 0.45070603337612325 0.0013693940431359123 0.0012836970474967907
0 0.30725778842862034 0.45044929396662386 0.0010270455323519343 0.0007702182284980744
0 0.023964395754878465 0.4503209242618742 0.0006846970215679561 0.0005134788189987163
0 0.5188291680931187 0.4495507060333761 0.00034234851078397807 0.0005134788189987163
0 0.30708661417322836 0.44942233632862644 0.0006846970215679561 0.00025673940949935817
0 0.0265320095857583 0.44993581514762515 0.002396439575487847 0.001797175866495507
0 0.022766175967134542 0.44878048780487806 0.0017117425539198905 0.0015404364569961489
0 0.017117425539198903 0.4485237483953787 0.0013693940431359123 0.0015404364569961489
0 0.0025676138308798357 0.44801026957637996 0.0010270455323519343 0.0010269576379974327
0 0.30417665183156456 0.44749679075738125 0.0010270455323519343 0.0010269576379974327
0 0.312564190345772 0.4471116816431322 0.0006846970215679561 0.0007702182284980744
0 0.023108524477918523 0.4465982028241335 0.002396439575487847 0.0007702182284980744
0 0.013180417665183157 0.4471116816431322 0.003765833618623759 0.0023106546854942235
0 0.3012666894899007 0.4459563543003851 0.0006846970215679561 0.0005134788189987163
0 0.010270455323519343 0.4459563543003851 0.0013693940431359123 0.0010269576379974327
0 0.019342690859294763 0.4456996148908858 0.002396439575487847 0.0015404364569961489
0 0.010441629578911331 0.44505776636713734 0.00034234851078397807 0.00025673940949935817
0 0.02156795617939062 0.444801026957638 0.0027387880862718246 0.0023106546854942235
0 0.37076343717904825 0.4437740693196406 0.0006846970215679561 0.0007702182284980744
0 0.3683669976035604 0.44364569961489086 0.0013693940431359123 0.0005134788189987163
0 0.3654570352618966 0.44338896020539154 0.00034234851078397807 0.0005134788189987163
0 0.018657993837726806 0.44326059050064187 0.0010270455323519343 0.0007702182284980744
0 0.017117425539198903 0.4435173299101412 0.0013693940431359123 0.0012836970474967907
0 0.009243409791167409 0.4424903722721438 0.0020540910647038686 0.0012836970474967907
0 0.01454981170831907 0.44274711168164316 0.002396439575487847 0.0023106546854942235
0 0.39027730229373503 0.4405648267008986 0.0006846970215679561 0.0005134788189987163
0 0.023622047244094488 0.44120667522464696 0.0020540910647038686 0.0023106546854942235
0 0.00890106128038343 0.4404364569961489 0.0013693940431359123 0.0007702182284980744
0 0.006333447449503595 0.4418485237483954 0.0030811365970558027 0.003594351732991014
0 0.0006846970215679561 0.44094993581514763 0.0013693940431359123 0.001797175866495507
0 0.38736733995207123 0.44030808729139925 0.003765833618623759 0.0025673940949935813
0 0.01643272851763095 0.44017971758664953 0.0061622731941116055 0.0023106546854942235
0 0.3620335501540568 0.43838254172015406 0.00034234851078397807 0.00025673940949935817
0 0.02156795617939062 0.4404364569961489 0.003423485107839781 0.005391527599486521
0 0.016603902773022938 0.437997432605905 0.0010270455323519343 0.0005134788189987163
0 0.003423485107839781 0.4385109114249037 0.0013693940431359123 0.0015404364569961489
0 0.36323176994180073 0.4381258023106547 0.0013693940431359123 0.0012836970474967907
0 0.011811023622047244 0.437997432605905 0.0010270455323519343 0.0010269576379974327
0 0.4938377268058884 0.43735558408215663 0.00034234851078397807 0.00025673940949935817
0 0.03218076001369394 0.437997432605905 0.0020540910647038686 0.0015404364569961489
0 0.0011982197877439234 0.43735558408215663 0.002396439575487847 0.0012836970474967907
0 0.5378295104416296 0.44993581514762515 0.031496062992125984 0.026957637997432605
0 0.3935296131461828 0.4369704749679076 0.0017117425539198905 0.0010269576379974327
0 0.4943512495720644 0.43645699614890887 0.0006846970215679561 0.0015404364569961489
0 0.5811365970558028 0.4489088575096277 0.05511811023622047 0.026957637997432605
0 0.6187949332420404 0.44801026957637996 0.01609038000684697 0.02618741976893453
0 0.4964053406367682 0.4355584082156611 0.0027387880862718246 0.0012836970474967907
0 0.029784320438206092 0.4355584082156611 0.0013693940431359123 0.0012836970474967907
0 0.011468675111263265 0.4353016688061617 0.0017117425539198905 0.0012836970474967907
0 0.004108182129407737 0.4350449293966624 0.0020540910647038686 0.0007702182284980744
0 0.6439575487846628 0.44775353016688063 0.024649092776446422 0.026700898587933248
0 0.4934953782951044 0.434403080872914 0.0010270455323519343 0.0005134788189987163
0 0.023964395754878465 0.43581514762516044 0.008216364258815475 0.003337612323491656
0 0.5006846970215679 0.43465982028241335 0.006504621704895584 0.0020539152759948653
0 0.6771653543307087 0.44685494223363287 0.029441971927422116 0.026957637997432605
0 0.48801780212256074 0.43350449293966625 0.002396439575487847 0.0007702182284980744
0 0.4957206436152003 0.43299101412066754 0.0020540910647038686 0.001797175866495507
0 0.4902430674426566 0.4324775353016688 0.0027387880862718246 0.0012836970474967907
0 0.025676138308798356 0.43337612323491653 0.003423485107839781 0.0030808729139922978
0 0.0010270455323519343 0.4326059050064185 0.0020540910647038686 0.0015404364569961489
0 0.49281068127353644 0.4317073170731707 0.0010270455323519343 0.0007702182284980744
0 0.41372817528243755 0.4313222079589217 0.0010270455323519343 0.0005134788189987163
0 0.02293735022252653 0.43055198973042363 0.0006846970215679561 0.0010269576379974327
0 0.4909277644642246 0.4304236200256739 0.0020540910647038686 0.0012836970474967907
0 0.006504621704895584 0.4320924261874198 0.004792879150975694 0.0061617458279845955
0 0.4893871961656967 0.42862644415917844 0.0010270455323519343 0.0007702182284980744
0 0.0006846970215679561 0.4290115532734275 0.0013693940431359123 0.0015404364569961489
0 0.99914412872304 0.42862644415917844 0.0017117425539198905 0.0012836970474967907
0 0.42245806230742894 0.42734274711168163 0.0013693940431359123 0.0007702182284980744
0 0.3981513180417665 0.42721437740693197 0.0006846970215679561 0.0005134788189987163
0 0.4852790140362889 0.4269576379974326 0.0010270455323519343 0.0005134788189987163
0 0.0030811365970558027 0.42734274711168163 0.0020540910647038686 0.0012836970474967907
0 0.4938377268058884 0.4269576379974326 0.0010270455323519343 0.0010269576379974327
0 0.9953782951044163 0.42554557124518616 0.00034234851078397807 0.00025673940949935817
0 0.4385484423142759 0.4256739409499358 0.0006846970215679561 0.0005134788189987163
0 0.42844916124614857 0.4258023106546855 0.0010270455323519343 0.0012836970474967907
0 0.41937692571037316 0.42541720154043644 0.0006846970215679561 0.0005134788189987163
0 0.6182814104758644 0.42798459563543007 0.007531667237247518 0.0061617458279845955
0 0.47449503594659365 0.42593068035943515 0.0013693940431359123 0.0025673940949935813
0 0.42074631975350907 0.4249037227214377 0.0013693940431359123 0.0005134788189987163
0 0.4168093118794933 0.4252888318356868 0.002396439575487847 0.0012836970474967907
0 0.40414241698048614 0.4252888318356868 0.0010270455323519343 0.0012836970474967907
0 0.36032180760013693 0.42503209242618745 0.00034234851078397807 0.0007702182284980744
0 0.4255391989044848 0.42670089858793325 0.004108182129407737 0.004621309370988447
0 0.4157822663471414 0.427599486521181 0.007874015748031496 0.006418485237483954
0 0.36323176994180073 0.42477535301668806 0.0006846970215679561 0.0007702182284980744
0 0.43050325231085246 0.42349165596919125 0.00034234851078397807 0.00025673940949935817
0 0.421944539541253 0.42362002567394097 0.0010270455323519343 0.0005134788189987163
0 0.4770626497774735 0.4232349165596919 0.00034234851078397807 0.00025673940949935817
0 0.41475522081478944 0.42310654685494226 0.0017117425539198905 0.0010269576379974327
0 0.0015405682985279014 0.42400513478818996 0.0030811365970558027 0.0038510911424903724
0 0.4188634029441972 0.42233632862644416 0.0010270455323519343 0.0010269576379974327
0 0.41030469017459775 0.42207958921694483 0.00034234851078397807 0.0005134788189987163
0 0.002909962341663814 0.42207958921694483 0.0017117425539198905 0.0010269576379974327
0 0.48664840807942483 0.4216944801026958 0.00034234851078397807 0.0007702182284980744
0 0.4746662102019856 0.4219512195121951 0.0010270455323519343 0.0012836970474967907
0 0.42108866826429303 0.4219512195121951 0.0013693940431359123 0.0012836970474967907
0 0.3623758986648408 0.4227214377406932 0.002396439575487847 0.0028241335044929395
0 0.41526874358096544 0.42156611039794606 0.0013693940431359123 0.0010269576379974327
0 0.48014378637452926 0.4214377406931964 0.0010270455323519343 0.0012836970474967907
0 0.4779185210544334 0.42118100128369707 0.0006846970215679561 0.0007702182284980744
0 0.47107155083875385 0.42118100128369707 0.0006846970215679561 0.0007702182284980744
0 0.4085929476206778 0.4200256739409499 0.00034234851078397807 0.0005134788189987163
0 0.4185210544334132 0.4202824133504493 0.0010270455323519343 0.0015404364569961489
0 0.4140705237932215 0.41989730423620025 0.0010270455323519343 0.0012836970474967907
0 0.012153372132831223 0.42015404364569964 0.0017117425539198905 0.001797175866495507
0 0.4204039712427251 0.4192554557124519 0.0006846970215679561 0.0005134788189987163
0 0.41663813762410135 0.4197689345314506 0.0013693940431359123 0.0015404364569961489
0 0.4315302978432044 0.4202824133504493 0.003765833618623759 0.0030808729139922978
0 0.41800753166723725 0.41874197689345316 0.0006846970215679561 0.0005134788189987163
0 0.4120164327285176 0.41861360718870344 0.00034234851078397807 0.00025673940949935817
0 0.3625470729202328 0.4189987163029525 0.0013693940431359123 0.0010269576379974327
0 0.48014378637452926 0.41874197689345316 0.0017117425539198905 0.0010269576379974327
0 0.46833276275248203 0.4200256739409499 0.004108182129407737 0.003594351732991014
0 0.01454981170831907 0.41822849807445445 0.0017117425539198905 0.0015404364569961489
0 0.4707292023279699 0.41771501925545573 0.0020540910647038686 0.0010269576379974327
0 0.42297158507360494 0.41630295250320926 0.0010270455323519343 0.0007702182284980744
0 0.00890106128038343 0.41630295250320926 0.0013693940431359123 0.0007702182284980744
0 0.41954809996576514 0.41630295250320926 0.002396439575487847 0.0012836970474967907
0 0.4267374186922287 0.4196405648267009 0.005819924683327628 0.008472400513478818
0 0.4698733310510099 0.4159178433889602 0.002396439575487847 0.0015404364569961489
0 0.48082848339609724 0.4147625160462131 0.0017117425539198905 0.0007702182284980744
0 0.47449503594659365 0.4151476251604621 0.0020540910647038686 0.0020539152759948653
0 0.010099281068127354 0.4147625160462131 0.002396439575487847 0.0012836970474967907
0 0.42434097911674085 0.4146341463414634 0.002396439575487847 0.0015404364569961489
0 0.4310167750770284 0.4159178433889602 0.0027387880862718246 0.004621309370988447
0 0.4204039712427251 0.4134788189987163 0.0006846970215679561 0.00025673940949935817
0 0.47398151318041765 0.4134788189987163 0.0017117425539198905 0.0012836970474967907
0 0.41338582677165353 0.4134788189987163 0.0010270455323519343 0.001797175866495507
0 0.0018829168093118796 0.4132220795892169 0.003765833618623759 0.0012836970474967907
0 0.009756932557343376 0.4124518613607189 0.0017117425539198905 0.00025673940949935817
0 0.4828825744608011 0.4123234916559692 0.0010270455323519343 0.0005134788189987163
0 0.4642245806230743 0.4127086007702182 0.0020540910647038686 0.0012836970474967907
0 0.4234851078397809 0.4124518613607189 0.0006846970215679561 0.0007702182284980744
0 0.4186922286888052 0.4123234916559692 0.0006846970215679561 0.0005134788189987163
0 0.4799726121191373 0.4118100128369705 0.0006846970215679561 0.0005134788189987163
0 0.46610749743238616 0.4115532734274711 0.0010270455323519343 0.0010269576379974327
0 0.45857583019513865 0.4120667522464698 0.003765833618623759 0.0020539152759948653
0 0.4253680246490928 0.4116816431322208 0.0017117425539198905 0.0012836970474967907
0 0.4765491270112975 0.41193838254172016 0.0027387880862718246 0.0023106546854942235
0 0.4546388223211229 0.41142490372272145 0.0020540910647038686 0.0012836970474967907
0 0.4323861691201643 0.41142490372272145 0.0020540910647038686 0.0012836970474967907
0 0.4517288599794591 0.4105263157894737 0.0010270455323519343 0.0005134788189987163
0 0.4715850736049298 0.4115532734274711 0.005135227661759671 0.0030808729139922978
0 0.4448818897637795 0.4105263157894737 0.002396439575487847 0.0010269576379974327
0 0.4486477233824033 0.41014120667522463 0.0030811365970558027 0.001797175866495507
0 0.43632317699418005 0.41091142490372273 0.004450530640191715 0.003337612323491656
0 0.4325573433755563 0.4096277278562259 0.0010270455323519343 0.0007702182284980744
0 0.4281068127353646 0.41065468549422335 0.002396439575487847 0.0028241335044929395
0 0.4168093118794933 0.4093709884467266 0.00034234851078397807 0.00025673940949935817
0 0.0027387880862718246 0.4097560975609756 0.0013693940431359123 0.0010269576379974327
0 0.4611434440260185 0.41001283697047497 0.004108182129407737 0.0020539152759948653
0 0.4642245806230743 0.4091142490372272 0.0006846970215679561 0.0007702182284980744
0 0.4448818897637795 0.4123234916559692 0.009928106812735364 0.007188703465982028
0 0.4294762067785005 0.40872913992297816 0.00034234851078397807 0.0005134788189987163
0 0.4578911331735707 0.40898587933247754 0.0010270455323519343 0.0015404364569961489
0 0.00017117425539198904 0.40834403080872916 0.00034234851078397807 0.00025673940949935817
0 0.46131461828141046 0.40834403080872916 0.0010270455323519343 0.0007702182284980744
0 0.43991783635741183 0.40847240051347883 0.0013693940431359123 0.0010269576379974327
0 0.008558712769599451 0.4086007702182285 0.0020540910647038686 0.0012836970474967907
0 0.4755220814789456 0.40898587933247754 0.0061622731941116055 0.0025673940949935813
0 0.4265662444368367 0.40821566110397944 0.0020540910647038686 0.0010269576379974327
0 0.4700445053064019 0.40770218228498073 0.0027387880862718246 0.0010269576379974327
0 0.44744950359465935 0.40821566110397944 0.0013693940431359123 0.0020539152759948653
0 0.07257788428620336 0.40770218228498073 0.0013693940431359123 0.0010269576379974327
0 0.43478260869565216 0.40757381258023107 0.0013693940431359123 0.0012836970474967907
0 0.45241355700102703 0.40783055198973045 0.004450530640191715 0.0028241335044929395
0 0.06795617939061965 0.40680359435173297 0.0010270455323519343 0.0007702182284980744
0 0.4409448818897638 0.40654685494223364 0.0006846970215679561 0.0007702182284980744
0 0.07463197535090722 0.406418485237484 0.0013693940431359123 0.0005134788189987163
0 0.07069496747689148 0.40629011553273425 0.00034234851078397807 0.00025673940949935817
0 0.06453269428277987 0.40654685494223364 0.0010270455323519343 0.0007702182284980744
0 0.05871276959945224 0.40629011553273425 0.00034234851078397807 0.00025673940949935817
0 0.4566929133858268 0.40654685494223364 0.0020540910647038686 0.0012836970474967907
0 0.452584731256419 0.406418485237484 0.0013693940431359123 0.0010269576379974327
0 0.43204382060938035 0.4066752246469833 0.003423485107839781 0.0015404364569961489
0 0.4231427593289969 0.4060333761232349 0.0006846970215679561 0.00025673940949935817
0 0.42143101677507705 0.40577663671373554 0.0013693940431359123 0.00025673940949935817
0 0.02327969873331051 0.40629011553273425 0.0013693940431359123 0.0012836970474967907
0 0.4741526874358096 0.4056482670089859 0.0006846970215679561 0.0005134788189987163
0 0.4587470044505306 0.4056482670089859 0.0006846970215679561 0.0005134788189987163
0 0.0006846970215679561 0.40590500641848526 0.0013693940431359123 0.0010269576379974327
0 0.43683669976035605 0.4056482670089859 0.0020540910647038686 0.0010269576379974327
0 0.4135570010270455 0.4055198973042362 0.0013693940431359123 0.0007702182284980744
0 0.4406025333789798 0.40513478818998716 0.0013693940431359123 0.0005134788189987163
0 0.4246833276275248 0.40539152759948655 0.0010270455323519343 0.0010269576379974327
0 0.4186922286888052 0.40513478818998716 0.0013693940431359123 0.0005134788189987163
0 0.06898322492297158 0.4050064184852375 0.00034234851078397807 0.00025673940949935817
0 0.47312564190345774 0.40487804878048783 0.0006846970215679561 0.0005134788189987163
0 0.46199931530297844 0.4060333761232349 0.004450530640191715 0.0028241335044929395
0 0.07463197535090722 0.40487804878048783 0.0006846970215679561 0.0005134788189987163
0 0.0672714823690517 0.4047496790757381 0.00034234851078397807 0.00025673940949935817
0 0.06316330023964396 0.4047496790757381 0.00034234851078397807 0.00025673940949935817
0 0.47860321807600137 0.40462130937098845 0.0006846970215679561 0.0005134788189987163
0 0.4715850736049298 0.4047496790757381 0.0010270455323519343 0.0007702182284980744
0 0.4279356384799726 0.40462130937098845 0.0013693940431359123 0.0005134788189987163
0 0.47723382403286546 0.4047496790757381 0.0006846970215679561 0.0012836970474967907
0 0.4666210201985621 0.4052631578947368 0.003423485107839781 0.0023106546854942235
0 0.4315302978432044 0.40462130937098845 0.0010270455323519343 0.0010269576379974327
0 0.42639507018144474 0.40436456996148906 0.0010270455323519343 0.0005134788189987163
0 0.4197192742211571 0.40410783055198973 0.0006846970215679561 0.0005134788189987163
0 0.999657651489216 0.40385109114249035 0.0006846970215679561 0.0005134788189987163
0 0.47449503594659365 0.40410783055198973 0.0013693940431359123 0.0010269576379974327
0 0.00017117425539198904 0.40397946084724007 0.00034234851078397807 0.0007702182284980744
0 0.4650804519000342 0.40385109114249035 0.0010270455323519343 0.0010269576379974327
0 0.4513865114686751 0.403594351732991 0.0010270455323519343 0.0005134788189987163
0 0.4469359808284834 0.40346598202824135 0.00034234851078397807 0.00025673940949935817
0 0.4332420403971243 0.4042362002567394 0.0017117425539198905 0.001797175866495507
0 0.437521396781924 0.40333761232349163 0.0013693940431359123 0.0005134788189987163
0 0.41389934953782953 0.40346598202824135 0.0013693940431359123 0.0007702182284980744
0 0.04142416980486135 0.40333761232349163 0.0006846970215679561 0.0005134788189987163
0 0.025504964053406368 0.40320924261874197 0.00034234851078397807 0.00025673940949935817
0 0.4630263608353304 0.40333761232349163 0.0017117425539198905 0.0010269576379974327
0 0.4587470044505306 0.40320924261874197 0.0020540910647038686 0.0012836970474967907
0 0.4248545018829168 0.40295250320924264 0.0013693940431359123 0.0007702182284980744
0 0.06487504279356385 0.40320924261874197 0.0010270455323519343 0.0012836970474967907
0 0.021739130434782608 0.40333761232349163 0.002396439575487847 0.0015404364569961489
0 0.44933242040397126 0.4025673940949936 0.0010270455323519343 0.0005134788189987163
0 0.41732283464566927 0.40269576379974326 0.0013693940431359123 0.0007702182284980744
0 0.07155083875385142 0.40269576379974326 0.0013693940431359123 0.0007702182284980744
0 0.47877439233139335 0.4023106546854942 0.0010270455323519343 0.0010269576379974327
0 0.41526874358096544 0.4020539152759949 0.0006846970215679561 0.0005134788189987163
0 0.4121876069839096 0.40218228498074454 0.0013693940431359123 0.0007702182284980744
0 0.4762067785005135 0.4017971758664955 0.0020540910647038686 0.0010269576379974327
0 0.43974666210201985 0.4023106546854942 0.003765833618623759 0.0020539152759948653
0 0.022423827456350565 0.40154043645699616 0.00034234851078397807 0.0005134788189987163
0 0.46833276275248203 0.40141206675224644 0.0006846970215679561 0.0007702182284980744
0 0.4330708661417323 0.40166880616174583 0.0027387880862718246 0.0012836970474967907
0 0.4197192742211571 0.40141206675224644 0.0013693940431359123 0.0007702182284980744
0 0.01591920575145498 0.4019255455712452 0.003765833618623759 0.001797175866495507
0 0.46336870934611435 0.40166880616174583 0.0017117425539198905 0.001797175866495507
0 0.01968503937007874 0.40089858793324773 0.00034234851078397807 0.00025673940949935817
0 0.04125299554946936 0.4012836970474968 0.004450530640191715 0.0015404364569961489
0 0.47398151318041765 0.4012836970474968 0.0017117425539198905 0.0020539152759948653
0 0.4568640876412188 0.400385109114249 0.00034234851078397807 0.00025673940949935817
0 0.4441971927422116 0.4012836970474968 0.0030811365970558027 0.0020539152759948653
0 0.4294762067785005 0.40051347881899874 0.00034234851078397807 0.0005134788189987163
0 0.4250256761383088 0.4006418485237484 0.0010270455323519343 0.0007702182284980744
0 0.46610749743238616 0.400385109114249 0.0010270455323519343 0.0007702182284980744
0 0.4519000342348511 0.4011553273427471 0.0020540910647038686 0.0023106546854942235
0 0.44727832933926737 0.4001283697047497 0.00034234851078397807 0.00025673940949935817
0 0.49400890106128037 0.4 0.0006846970215679561 0.0005134788189987163
0 0.0359465936323177 0.4 0.0006846970215679561 0.0010269576379974327
0 0.0061622731941116055 0.4001283697047497 0.0020540910647038686 0.0012836970474967907
0 0.437863745292708 0.3994865211810013 0.0006846970215679561 0.0005134788189987163
0 0.47449503594659365 0.39910141206675226 0.0006846970215679561 0.00025673940949935817
0 0.4650804519000342 0.3992297817715019 0.0010270455323519343 0.0005134788189987163
0 0.03183841150290996 0.3994865211810013 0.0020540910647038686 0.0010269576379974327
0 0.01643272851763095 0.3992297817715019 0.0006846970215679561 0.0005134788189987163
0 0.4587470044505306 0.3994865211810013 0.0020540910647038686 0.0015404364569961489
0 0.4311879493324204 0.3992297817715019 0.0010270455323519343 0.0010269576379974327
0 0.021225607668606643 0.399614890885751 0.0013693940431359123 0.001797175866495507
0 0.47312564190345774 0.39858793324775355 0.0013693940431359123 0.0007702182284980744
0 0.4596028757274906 0.39833119383825416 0.00034234851078397807 0.00025673940949935817
0 0.009585758301951387 0.39910141206675226 0.0020540910647038686 0.001797175866495507
0 0.4782608695652174 0.3982028241335045 0.0013693940431359123 0.0005134788189987163
0 0.4469359808284834 0.3984595635430038 0.0010270455323519343 0.0010269576379974327
0 0.4248545018829168 0.3988446726572529 0.0013693940431359123 0.001797175866495507
0 0.40876412187606986 0.39858793324775355 0.0013693940431359123 0.0012836970474967907
0 0.062307428962684014 0.4006418485237484 0.005477576172543649 0.005391527599486521
0 0.0484423142759329 0.4 0.009243409791167409 0.004107830551989731
0 0.018486819582334817 0.3987163029525032 0.0013693940431359123 0.0015404364569961489
0 0.469188634029442 0.39807445442875483 0.0010270455323519343 0.0007702182284980744
0 0.038171858952413554 0.3984595635430038 0.0017117425539198905 0.0015404364569961489
0 0.47449503594659365 0.3976893453145058 0.0006846970215679561 0.0005134788189987163
0 0.43272851763094833 0.39781771501925545 0.0006846970215679561 0.0007702182284980744
0 0.45412529955494696 0.3976893453145058 0.0017117425539198905 0.0010269576379974327
0 0.44248545018829166 0.39833119383825416 0.003765833618623759 0.0023106546854942235
0 0.3661417322834646 0.3974326059050064 0.00034234851078397807 0.0005134788189987163
0 0.07018144471071551 0.3974326059050064 0.0006846970215679561 0.0005134788189987163
0 0.04964053406367682 0.3974326059050064 0.0013693940431359123 0.0005134788189987163
0 0.023793221499486476 0.39730423620025673 0.00034234851078397807 0.00025673940949935817
0 0.41817870592262923 0.3974326059050064 0.0010270455323519343 0.0010269576379974327
0 0.02909962341663814 0.39717586649550707 0.0006846970215679561 0.0005134788189987163
0 0.0018829168093118796 0.3993581514762516 0.002396439575487847 0.004878048780487805
0 0.44727832933926737 0.396790757381258 0.00034234851078397807 0.00025673940949935817
0 0.03200958575830195 0.3970474967907574 0.002396439575487847 0.0007702182284980744
0 0.02687435809654228 0.39807445442875483 0.0017117425539198905 0.0028241335044929395
0 0.06487504279356385 0.39666238767650835 0.0010270455323519343 0.0005134788189987163
0 0.0515234508729887 0.3965340179717587 0.00034234851078397807 0.00025673940949935817
0 0.4732968161588497 0.3962772785622593 0.00034234851078397807 0.00025673940949935817
0 0.004792879150975694 0.3979460847240051 0.0027387880862718246 0.003594351732991014
0 0.46045874700445055 0.39602053915276 0.0006846970215679561 0.00025673940949935817
0 0.44899007189318724 0.3962772785622593 0.0010270455323519343 0.0007702182284980744
0 0.03166723724751797 0.39602053915276 0.00034234851078397807 0.00025673940949935817
0 0.4566929133858268 0.39614890885750964 0.0027387880862718246 0.0010269576379974327
0 0.06898322492297158 0.3957637997432606 0.00034234851078397807 0.00025673940949935817
0 0.01591920575145498 0.39589216944801026 0.00034234851078397807 0.0005134788189987163
0 0.07137966449845944 0.39589216944801026 0.0017117425539198905 0.0010269576379974327
0 0.021225607668606643 0.39614890885750964 0.0020540910647038686 0.0015404364569961489
0 0.4669633687093461 0.39537869062901154 0.0006846970215679561 0.0005134788189987163
0 0.45908935296131465 0.39537869062901154 0.0006846970215679561 0.0005134788189987163
0 0.43683669976035605 0.3955070603337612 0.0006846970215679561 0.0007702182284980744
0 0.0006846970215679561 0.3956354300385109 0.0013693940431359123 0.0010269576379974327
0 0.4250256761383088 0.39589216944801026 0.0017117425539198905 0.0020539152759948653
0 0.46901745977404996 0.39486521181001283 0.0006846970215679561 0.0005134788189987163
0 0.4630263608353304 0.39589216944801026 0.0017117425539198905 0.0025673940949935813
0 0.44026018486819585 0.39486521181001283 0.0006846970215679561 0.0005134788189987163
0 0.03474837384457378 0.3956354300385109 0.002396439575487847 0.0020539152759948653
0 0.010270455323519343 0.3970474967907574 0.007531667237247518 0.004878048780487805
0 0.4650804519000342 0.3944801026957638 0.00034234851078397807 0.00025673940949935817
0 0.44265662444368364 0.3943517329910141 0.0020540910647038686 0.0005134788189987163
0 0.36442998972954466 0.39537869062901154 0.003765833618623759 0.0025673940949935813
0 0.06966792194453954 0.3944801026957638 0.0010270455323519343 0.0007702182284980744
0 0.036973639164669635 0.3946084724005135 0.0013693940431359123 0.0010269576379974327
0 0.4198904484765491 0.3940949935815148 0.00034234851078397807 0.0005134788189987163
0 0.1691201643272852 0.39396662387676507 0.0006846970215679561 0.00025673940949935817
0 0.15234508729887025 0.39396662387676507 0.0006846970215679561 0.00025673940949935817
0 0.1704895583704211 0.3938382541720154 0.0006846970215679561 0.0005134788189987163
0 0.47244094488188976 0.39358151476251607 0.0006846970215679561 0.0005134788189987163
0 0.4450530640191715 0.3938382541720154 0.0013693940431359123 0.0010269576379974327
0 0.029784320438206092 0.39422336328626445 0.0013693940431359123 0.001797175866495507
0 0.4515576857240671 0.39345314505776635 0.0006846970215679561 0.0007702182284980744
0 0.18846285518657993 0.39370988446726574 0.0017117425539198905 0.0012836970474967907
0 0.1656966792194454 0.3933247753530167 0.0006846970215679561 0.0005134788189987163
0 0.020540910647038686 0.39422336328626445 0.003423485107839781 0.0023106546854942235
0 0.0006846970215679561 0.39396662387676507 0.0013693940431359123 0.001797175866495507
0 0.36442998972954466 0.392811296534018 0.00034234851078397807 0.0005134788189987163
0 0.005819924683327628 0.39293966623876764 0.0020540910647038686 0.0007702182284980744
0 0.4666210201985621 0.3925545571245186 0.0006846970215679561 0.0005134788189987163
0 0.437521396781924 0.39306803594351736 0.0013693940431359123 0.0015404364569961489
0 0.36768230058199247 0.3926829268292683 0.0013693940431359123 0.0007702182284980744
0 0.15268743580965422 0.3926829268292683 0.0027387880862718246 0.0007702182284980744
0 0.1785347483738446 0.3938382541720154 0.005819924683327628 0.003594351732991014
0 0.02841492639507018 0.3924261874197689 0.0013693940431359123 0.0007702182284980744
0 0.4650804519000342 0.3916559691912709 0.00034234851078397807 0.00025673940949935817
0 0.4428277986990757 0.3916559691912709 0.00034234851078397807 0.00025673940949935817
0 0.004792879150975694 0.3916559691912709 0.0006846970215679561 0.00025673940949935817
0 0.4346114344402602 0.3916559691912709 0.0017117425539198905 0.0007702182284980744
0 0.16757959602875727 0.3921694480102696 0.002396439575487847 0.001797175866495507
0 0.07428962684012325 0.39152759948652116 0.0006846970215679561 0.0005134788189987163
0 0.06179390619650805 0.3920410783055199 0.0030811365970558027 0.0015404364569961489
0 0.011811023622047244 0.393196405648267 0.007874015748031496 0.0038510911424903724
0 0.18024649092776446 0.39127086007702183 0.0010270455323519343 0.0005134788189987163
0 0.03663129065388566 0.3920410783055199 0.0027387880862718246 0.0020539152759948653
0 0.4580623074289627 0.3913992297817715 0.0020540910647038686 0.0012836970474967907
0 0.06299212598425197 0.39101412066752245 0.0006846970215679561 0.0005134788189987163
0 0.46131461828141046 0.3916559691912709 0.0030811365970558027 0.0023106546854942235
0 0.4204039712427251 0.3907573812580231 0.0006846970215679561 0.0005134788189987163
0 0.18401232454638822 0.39229781771501926 0.005135227661759671 0.003594351732991014
0 0.016946251283806914 0.3920410783055199 0.0030811365970558027 0.003594351732991014
0 0.4698733310510099 0.3901155327342747 0.00034234851078397807 0.00025673940949935817
0 0.0061622731941116055 0.3902439024390244 0.0013693940431359123 0.0005134788189987163
0 0.02875727490585416 0.39037227214377407 0.0027387880862718246 0.0012836970474967907
0 0.45977404998288257 0.3897304236200257 0.0006846970215679561 0.0005134788189987163
0 0.18521054433413214 0.3901155327342747 0.0020540910647038686 0.0012836970474967907
0 0.1829852790140363 0.3897304236200257 0.0010270455323519343 0.0005134788189987163
0 0.06744265662444368 0.3902439024390244 0.0020540910647038686 0.0015404364569961489
0 0.04313591235878124 0.38960205391527597 0.0013693940431359123 0.0007702182284980744
0 0.040739472783293394 0.3894736842105263 0.0006846970215679561 0.0005134788189987163
0 0.03372132831222184 0.3897304236200257 0.0017117425539198905 0.0015404364569961489
0 0.17767887709688462 0.39037227214377407 0.003423485107839781 0.003337612323491656
0 0.4406025333789798 0.3908857509627728 0.003423485107839781 0.004878048780487805
0 0.10766860664156111 0.389987163029525 0.003765833618623759 0.0030808729139922978
0 0.044505306401917154 0.38857509627727854 0.0006846970215679561 0.00025673940949935817
0 0.4577199589181787 0.38857509627727854 0.0013693940431359123 0.0007702182284980744
0 0.187264635398836 0.3883183568677792 0.0006846970215679561 0.00025673940949935817
0 0.03731598767545361 0.389216944801027 0.004108182129407737 0.0020539152759948653
0 0.0015405682985279014 0.38960205391527597 0.0030811365970558027 0.0028241335044929395
0 0.05819924683327628 0.38793324775353016 0.0006846970215679561 0.0005134788189987163
0 0.11280383430332078 0.38793324775353016 0.002396439575487847 0.0010269576379974327
0 0.07583019513865115 0.38806161745827983 0.003765833618623759 0.0012836970474967907
0 0.4587470044505306 0.38741976893453145 0.0006846970215679561 0.0005134788189987163
0 0.4351249572064361 0.38870346598202826 0.0013693940431359123 0.0030808729139922978
0 0.16980486134885314 0.39037227214377407 0.009585758301951387 0.006418485237483954
0 0.03098254022595002 0.38741976893453145 0.0010270455323519343 0.0005134788189987163
0 0.4568640876412188 0.3870346598202824 0.00034234851078397807 0.00025673940949935817
0 0.42930503252310853 0.38716302952503207 0.0013693940431359123 0.0005134788189987163
0 0.062307428962684014 0.3883183568677792 0.0061622731941116055 0.0028241335044929395
0 0.0006846970215679561 0.38767650834403083 0.0013693940431359123 0.0015404364569961489
0 0.4515576857240671 0.3870346598202824 0.0006846970215679561 0.0007702182284980744
0 0.11691201643272851 0.3872913992297818 0.002396439575487847 0.0012836970474967907
0 0.1639849366655255 0.38677792041078307 0.0013693940431359123 0.0007702182284980744
0 0.07137966449845944 0.389216944801027 0.00718931872646354 0.005648267008985879
0 0.47038685381718587 0.386392811296534 0.0006846970215679561 0.0005134788189987163
0 0.4732968161588497 0.38613607188703464 0.0010270455323519343 0.0005134788189987163
0 0.44265662444368364 0.3865211810012837 0.0013693940431359123 0.0012836970474967907
0 0.43187264635398837 0.386007702182285 0.00034234851078397807 0.00025673940949935817
0 0.0734337555631633 0.386392811296534 0.0017117425539198905 0.0010269576379974327
0 0.46131461828141046 0.38677792041078307 0.0010270455323519343 0.0023106546854942235
0 0.43529613146182816 0.386007702182285 0.0010270455323519343 0.0007702182284980744
0 0.0999657651489216 0.38575096277278564 0.0006846970215679561 0.0007702182284980744
0 0.42280041081821296 0.38549422336328626 0.0006846970215679561 0.0007702182284980744
0 0.4484765491270113 0.38498074454428755 0.0006846970215679561 0.00025673940949935817
0 0.4332420403971243 0.3851091142490372 0.0010270455323519343 0.0010269576379974327
0 0.10647038685381718 0.386392811296534 0.004108182129407737 0.003594351732991014
0 0.45429647381033894 0.38446726572528883 0.0006846970215679561 0.00025673940949935817
0 0.44471071550838753 0.3845956354300385 0.0006846970215679561 0.0005134788189987163
0 0.4423142759328997 0.38446726572528883 0.0006846970215679561 0.00025673940949935817
0 0.43820609380349196 0.38523748395378693 0.0027387880862718246 0.001797175866495507
0 0.17408421773365285 0.38741976893453145 0.002396439575487847 0.0061617458279845955
0 0.4592605272167066 0.3848523748395379 0.0017117425539198905 0.0015404364569961489
0 0.16638137624101335 0.38433889602053917 0.0006846970215679561 0.0005134788189987163
0 0.05357754193769257 0.3847240051347882 0.0010270455323519343 0.0012836970474967907
0 0.45224238274563505 0.38433889602053917 0.0020540910647038686 0.0010269576379974327
0 0.18024649092776446 0.3845956354300385 0.0017117425539198905 0.0015404364569961489
0 0.4469359808284834 0.38382541720154045 0.0010270455323519343 0.0005134788189987163
0 0.4351249572064361 0.38421052631578945 0.0013693940431359123 0.0012836970474967907
0 0.1843546730571722 0.38421052631578945 0.0017117425539198905 0.0012836970474967907
0 0.13796644984594317 0.38369704749679073 0.0006846970215679561 0.00025673940949935817
0 0.0011982197877439234 0.38382541720154045 0.002396439575487847 0.0005134788189987163
0 0.4188634029441972 0.38356867779204107 0.00034234851078397807 0.0005134788189987163
0 0.06795617939061965 0.38356867779204107 0.00034234851078397807 0.0005134788189987163
0 0.06607326258130777 0.38356867779204107 0.0006846970215679561 0.0005134788189987163
0 0.45652173913043476 0.3834403080872914 0.0010270455323519343 0.0007702182284980744
0 0.4113317357069497 0.3834403080872914 0.0010270455323519343 0.0007702182284980744
0 0.11160561451557685 0.38523748395378693 0.0061622731941116055 0.0043645699614890884
0 0.47175624786032183 0.382798459563543 0.0006846970215679561 0.0005134788189987163
0 0.4513865114686751 0.38305519897304235 0.0010270455323519343 0.0010269576379974327
0 0.10133515919205752 0.3834403080872914 0.003423485107839781 0.001797175866495507
0 0.44299897295446766 0.38254172015404364 0.0006846970215679561 0.0005134788189987163
0 0.14618281410475864 0.3826700898587933 0.0006846970215679561 0.0007702182284980744
0 0.12050667579596029 0.38254172015404364 0.0006846970215679561 0.0005134788189987163
0 0.07155083875385142 0.38369704749679073 0.004108182129407737 0.003337612323491656
0 0.14173228346456693 0.3826700898587933 0.0020540910647038686 0.001797175866495507
0 0.09465936323176995 0.3821566110397946 0.0010270455323519343 0.0007702182284980744
0 0.05186579938377268 0.3821566110397946 0.0010270455323519343 0.0007702182284980744
0 0.16484080794248546 0.3816431322207959 0.00034234851078397807 0.00025673940949935817
0 0.10920917494008901 0.3817715019255456 0.0006846970215679561 0.0005134788189987163
0 0.4751797329681616 0.3816431322207959 0.0006846970215679561 0.0007702182284980744
0 0.14601163984936666 0.38138639281129655 0.00034234851078397807 0.00025673940949935817
0 0.11451557685724068 0.38138639281129655 0.00034234851078397807 0.00025673940949935817
0 0.04655939746662102 0.383183568677792 0.0027387880862718246 0.0043645699614890884
0 0.4248545018829168 0.3810012836970475 0.0006846970215679561 0.0005134788189987163
0 0.16775077028414925 0.38189987163029526 0.0020540910647038686 0.0023106546854942235
0 0.042622389592605274 0.3815147625160462 0.0010270455323519343 0.0015404364569961489
0 0.1391646696336871 0.38087291399229783 0.0010270455323519343 0.0007702182284980744
0 0.11639849366655255 0.38061617458279845 0.0006846970215679561 0.00025673940949935817
0 0.0857583019513865 0.3815147625160462 0.0017117425539198905 0.0025673940949935813
0 0.04330708661417323 0.3803594351732991 0.00034234851078397807 0.00025673940949935817
0 0.18161588497090037 0.38087291399229783 0.0030811365970558027 0.001797175866495507
0 0.16638137624101335 0.3802310654685494 0.0006846970215679561 0.0005134788189987163
0 0.10356042451215337 0.38189987163029526 0.008558712769599451 0.0038510911424903724
0 0.4763779527559055 0.38010269576379974 0.0010270455323519343 0.0007702182284980744
0 0.14447107155083874 0.37997432605905007 0.0006846970215679561 0.0005134788189987163
0 0.11177678877096885 0.3802310654685494 0.004450530640191715 0.0010269576379974327
0 0.1376241013351592 0.3797175866495507 0.0013693940431359123 0.0005134788189987163
0 0.11674084217733653 0.3798459563543004 0.0013693940431359123 0.0007702182284980744
0 0.08764121876069839 0.37997432605905007 0.0027387880862718246 0.0015404364569961489
0 0.47740499828825744 0.379204107830552 0.0010270455323519343 0.0005134788189987163
0 0.11930845600821637 0.379204107830552 0.002396439575487847 0.0010269576379974327
0 0.4621704895583704 0.37869062901155326 0.0006846970215679561 0.0005134788189987163
0 0.44727832933926737 0.3785622593068036 0.0010270455323519343 0.0007702182284980744
0 0.14121876069839095 0.3790757381258023 0.002396439575487847 0.001797175866495507
0 0.4505306401917152 0.37817715019255455 0.0006846970215679561 0.0005134788189987163
0 0.17425539198904486 0.3815147625160462 0.010270455323519343 0.007702182284980745
0 0.05802807257788429 0.37817715019255455 0.002396439575487847 0.0010269576379974327
0 0.10818212940773708 0.37766367137355583 0.0013693940431359123 0.0005134788189987163
0 0.11057856898322492 0.37753530166880617 0.0027387880862718246 0.0012836970474967907
0 0.04587470044505306 0.37766367137355583 0.0027387880862718246 0.0015404364569961489
0 0.13711057856898323 0.3777920410783055 0.0030811365970558027 0.0023106546854942235
0 0.12393016090380007 0.3768934531450578 0.0006846970215679561 0.0005134788189987163
0 0.16193084560082163 0.37702182284980745 0.0027387880862718246 0.0012836970474967907
0 0.0578568983224923 0.3768934531450578 0.0013693940431359123 0.0010269576379974327
0 0.17476891475522083 0.37650834403080874 0.0010270455323519343 0.0007702182284980744
0 0.16929133858267717 0.3761232349165597 0.0010270455323519343 0.0005134788189987163
0 0.11348853132488873 0.3768934531450578 0.0017117425539198905 0.0020539152759948653
0 0.4625128380691544 0.37573812580231064 0.0006846970215679561 0.00025673940949935817
0 0.453440602533379 0.37599486521181 0.0017117425539198905 0.0007702182284980744
0 0.15559739815131804 0.37625160462130935 0.0030811365970558027 0.0012836970474967907
0 0.4768914755220815 0.37625160462130935 0.0013693940431359123 0.001797175866495507
0 0.17117425539198905 0.375609756097561 0.0013693940431359123 0.0005134788189987163
0 0.1502909962341664 0.3754813863928113 0.0006846970215679561 0.00025673940949935817
0 0.10749743238616911 0.37586649550706036 0.0020540910647038686 0.0010269576379974327
0 0.06059568640876412 0.37586649550706036 0.0013693940431359123 0.0010269576379974327
0 0.16295789113317358 0.375609756097561 0.0013693940431359123 0.0010269576379974327
0 0.08627182471756248 0.375609756097561 0.0006846970215679561 0.0010269576379974327
0 0.045532351934269084 0.375609756097561 0.0020540910647038686 0.0010269576379974327
0 0.06744265662444368 0.37573812580231064 0.004108182129407737 0.001797175866495507
0 0.05220814789455666 0.3817715019255456 0.0249914412872304 0.01386392811296534
0 0.1220472440944882 0.3744544287548139 0.00034234851078397807 0.00025673940949935817
0 0.08336186237589867 0.37509627727856226 0.0030811365970558027 0.0015404364569961489
0 0.18846285518657993 0.3749679075738126 0.0030811365970558027 0.001797175866495507
0 0.13813762410133515 0.3752246469833119 0.003765833618623759 0.0023106546854942235
0 0.1109209174940089 0.3748395378690629 0.0006846970215679561 0.0015404364569961489
0 0.08935296131461828 0.3741976893453145 0.0006846970215679561 0.00025673940949935817
0 0.04827114002054091 0.3744544287548139 0.0020540910647038686 0.0012836970474967907
0 0.140876412187607 0.37394094993581517 0.0010270455323519343 0.0007702182284980744
0 0.11725436494351249 0.3735558408215661 0.00034234851078397807 0.0005134788189987163
0 0.09928106812735364 0.3735558408215661 0.0006846970215679561 0.0005134788189987163
0 0.07428962684012325 0.37458279845956355 0.0020540910647038686 0.0025673940949935813
0 0.1704895583704211 0.3736842105263158 0.0020540910647038686 0.0012836970474967907
0 0.10065046217048956 0.3741976893453145 0.003423485107839781 0.0023106546854942235
0 0.08182129407737077 0.37342747111681646 0.0020540910647038686 0.0007702182284980744
0 0.4483053748716193 0.37329910141206674 0.0010270455323519343 0.0010269576379974327
0 0.4500171174255392 0.37291399229781774 0.0010270455323519343 0.0007702182284980744
0 0.17203012666894898 0.372785622593068 0.0010270455323519343 0.0005134788189987163
0 0.08473125641903458 0.379204107830552 0.03937007874015748 0.013350449293966624
0 0.05203697363916467 0.37329910141206674 0.0020540910647038686 0.0020539152759948653
0 0.16056145155768572 0.37214377406931964 0.0006846970215679561 0.00025673940949935817
0 0.13129065388565558 0.37329910141206674 0.0017117425539198905 0.0025673940949935813
0 0.04125299554946936 0.375609756097561 0.005135227661759671 0.007188703465982028
0 0.156110920917494 0.37342747111681646 0.0027387880862718246 0.003337612323491656
0 0.13796644984594317 0.3722721437740693 0.0027387880862718246 0.0010269576379974327
0 0.07069496747689148 0.3730423620025674 0.0010270455323519343 0.0025673940949935813
0 0.0593974666210202 0.372785622593068 0.0030811365970558027 0.0020539152759948653
0 0.12256076686066415 0.3725288831835687 0.0013693940431359123 0.0020539152759948653
0 0.09123587812393016 0.37163029525032093 0.00034234851078397807 0.00025673940949935817
0 0.04399178363574118 0.372785622593068 0.005819924683327628 0.0025673940949935813
0 0.03628894214310168 0.3717586649550706 0.0013693940431359123 0.0010269576379974327
0 0.18657993837726805 0.3717586649550706 0.005477576172543649 0.0015404364569961489
0 0.1795617939061965 0.37342747111681646 0.014036288942143102 0.004878048780487805
0 0.17459774049982882 0.37150192554557127 0.0013693940431359123 0.0010269576379974327
0 0.11211913728175282 0.37098844672657255 0.0010270455323519343 0.0005134788189987163
0 0.10578568983224923 0.37188703465982026 0.0027387880862718246 0.0023106546854942235
0 0.15354330708661418 0.37098844672657255 0.0017117425539198905 0.0010269576379974327
0 0.10869565217391304 0.37086007702182283 0.0030811365970558027 0.0007702182284980744
0 0.06692913385826772 0.37163029525032093 0.003765833618623759 0.0023106546854942235
0 0.17203012666894898 0.37073170731707317 0.0010270455323519343 0.0010269576379974327
0 0.14293050325231085 0.3706033376123235 0.0010270455323519343 0.0007702182284980744
0 0.07480314960629922 0.37047496790757384 0.00034234851078397807 0.0005134788189987163
0 0.4510441629578911 0.37047496790757384 0.0030811365970558027 0.0010269576379974327
0 0.14772338240328656 0.37047496790757384 0.0010270455323519343 0.0010269576379974327
0 0.14618281410475864 0.37047496790757384 0.0013693940431359123 0.0010269576379974327
0 0.09962341663813762 0.37098844672657255 0.007531667237247518 0.0020539152759948653
0 0.42297158507360494 0.3698331193838254 0.00034234851078397807 0.00025673940949935817
0 0.1749400890106128 0.3700898587933248 0.0013693940431359123 0.0007702182284980744
0 0.05066757959602876 0.37086007702182283 0.0027387880862718246 0.0023106546854942235
0 0.21311194796302635 0.3699614890885751 0.0017117425539198905 0.0010269576379974327
0 0.20831906881205067 0.3699614890885751 0.0017117425539198905 0.0010269576379974327
0 0.1704895583704211 0.37073170731707317 0.0013693940431359123 0.0025673940949935813
0 0.07737076343717905 0.3700898587933248 0.0020540910647038686 0.0012836970474967907
0 0.203183841150291 0.3693196405648267 0.00034234851078397807 0.00025673940949935817
0 0.08849709003765834 0.36944801026957635 0.00034234851078397807 0.0005134788189987163
0 0.18555289284491613 0.3695763799743261 0.0013693940431359123 0.0012836970474967907
0 0.1795617939061965 0.3693196405648267 0.0010270455323519343 0.0007702182284980744
0 0.08301951386511469 0.36944801026957635 0.0017117425539198905 0.0010269576379974327
0 0.1372817528243752 0.36906290115532736 0.0013693940431359123 0.0007702182284980744
0 0.0359465936323177 0.369191270860077 0.0020540910647038686 0.0010269576379974327
0 0.4330708661417323 0.368806161745828 0.0013693940431359123 0.0007702182284980744
0 0.37281752824375214 0.368806161745828 0.0013693940431359123 0.0007702182284980744
0 0.16432728517630948 0.368806161745828 0.0006846970215679561 0.0007702182284980744
0 0.06282095172885999 0.36854942233632865 0.00034234851078397807 0.00025673940949935817
0 0.060424512153372134 0.36854942233632865 0.00034234851078397807 0.00025673940949935817
0 0.1502909962341664 0.36893453145057764 0.0013693940431359123 0.0015404364569961489
0 0.05819924683327628 0.3695763799743261 0.0020540910647038686 0.0028241335044929395
0 0.4342690859294762 0.3681643132220796 0.00034234851078397807 0.0005134788189987163
0 0.16655255049640533 0.36803594351732993 0.00034234851078397807 0.00025673940949935817
0 0.0671003081136597 0.3686777920410783 0.0006846970215679561 0.0015404364569961489
0 0.046217048955837045 0.37021822849807445 0.005477576172543649 0.004621309370988447
0 0.1324888736733995 0.3679075738125802 0.0006846970215679561 0.0005134788189987163
0 0.07565902088325915 0.36803594351732993 0.0006846970215679561 0.0007702182284980744
0 0.05169462512838069 0.368806161745828 0.005477576172543649 0.0023106546854942235
0 0.00359465936323177 0.3725288831835687 0.00718931872646354 0.00975609756097561
0 0.46319753509072237 0.3675224646983312 0.0006846970215679561 0.00025673940949935817
0 0.4515576857240671 0.36777920410783055 0.0006846970215679561 0.0007702182284980744
0 0.15576857240671002 0.36854942233632865 0.003423485107839781 0.0023106546854942235
0 0.14498459431701471 0.3681643132220796 0.0030811365970558027 0.0015404364569961489
0 0.17716535433070865 0.3686777920410783 0.002396439575487847 0.0030808729139922978
0 0.14789455665867854 0.3675224646983312 0.0013693940431359123 0.0007702182284980744
0 0.1124614857925368 0.3673940949935815 0.0010270455323519343 0.0005134788189987163
0 0.17391304347826086 0.3676508344030809 0.0020540910647038686 0.0015404364569961489
0 0.09962341663813762 0.36803594351732993 0.003423485107839781 0.0023106546854942235
0 0.20352618966107497 0.36700898587933245 0.0010270455323519343 0.0007702182284980744
0 0.18863402944197194 0.3681643132220796 0.0020540910647038686 0.0030808729139922978
0 0.18606641561109208 0.36726572528883183 0.0010270455323519343 0.0012836970474967907
0 0.10561451557685723 0.3673940949935815 0.0017117425539198905 0.0015404364569961489
0 0.09157822663471414 0.36713735558408217 0.0017117425539198905 0.0010269576379974327
0 0.16929133858267717 0.36713735558408217 0.0017117425539198905 0.0015404364569961489
0 0.15268743580965422 0.36726572528883183 0.0027387880862718246 0.001797175866495507
0 0.07942485450188291 0.36906290115532736 0.004792879150975694 0.005391527599486521
0 0.038171858952413554 0.36700898587933245 0.002396439575487847 0.0012836970474967907
0 0.44162957891133175 0.36636713735558407 0.0006846970215679561 0.0005134788189987163
0 0.13351591920575145 0.36662387676508346 0.0020540910647038686 0.0010269576379974327
0 0.11485792536802465 0.3667522464698331 0.0030811365970558027 0.0012836970474967907
0 0.0010270455323519343 0.3668806161745828 0.0020540910647038686 0.0015404364569961489
0 0.21003081136597057 0.36713735558408217 0.00718931872646354 0.0025673940949935813
0 0.0421088668264293 0.3679075738125802 0.0013693940431359123 0.004107830551989731
0 0.1670660732625813 0.3662387676508344 0.0013693940431359123 0.0012836970474967907
0 0.1295789113317357 0.36649550706033374 0.0030811365970558027 0.001797175866495507
0 0.11040739472783294 0.36636713735558407 0.0010270455323519343 0.0015404364569961489
0 0.09705580280725778 0.365982028241335 0.0010270455323519343 0.0007702182284980744
0 0.04827114002054091 0.36636713735558407 0.0020540910647038686 0.0015404364569961489
0 0.1893187264635399 0.3657252888318357 0.0013693940431359123 0.0007702182284980744
0 0.1468675111263266 0.365982028241335 0.0020540910647038686 0.0012836970474967907
0 0.4346114344402602 0.36611039794608474 0.0010270455323519343 0.0020539152759948653
0 0.3772680588839439 0.36585365853658536 0.0013693940431359123 0.0015404364569961489
0 0.17066073262581308 0.3654685494223363 0.0010270455323519343 0.0007702182284980744
0 0.15046217048955837 0.36534017971758664 0.0010270455323519343 0.0005134788189987163
0 0.13693940431359122 0.3657252888318357 0.0013693940431359123 0.0012836970474967907
0 0.11776788770968846 0.3654685494223363 0.0013693940431359123 0.0007702182284980744
0 0.06076686066415611 0.365211810012837 0.00034234851078397807 0.00025673940949935817
0 0.4385484423142759 0.3650834403080873 0.0006846970215679561 0.0005134788189987163
0 0.19462512838069154 0.365211810012837 0.0010270455323519343 0.0007702182284980744
0 0.10920917494008901 0.3650834403080873 0.0006846970215679561 0.0005134788189987163
0 0.06778500513522766 0.36906290115532736 0.015063334474495036 0.008472400513478818
0 0.0578568983224923 0.36534017971758664 0.0013693940431359123 0.0010269576379974327
0 0.05135227661759671 0.36534017971758664 0.0020540910647038686 0.0015404364569961489
0 0.19958918178705923 0.36482670089858793 0.0013693940431359123 0.0010269576379974327
0 0.15748031496062992 0.3645699614890886 0.0006846970215679561 0.0005134788189987163
0 0.11297500855871277 0.3645699614890886 0.0013693940431359123 0.0005134788189987163
0 0.07685724067100308 0.3645699614890886 0.00034234851078397807 0.0005134788189987163
0 0.21208490243067443 0.3645699614890886 0.0017117425539198905 0.0010269576379974327
0 0.19171516603902772 0.3649550706033376 0.0020540910647038686 0.001797175866495507
0 0.2016432728517631 0.36392811296534017 0.0013693940431359123 0.0007702182284980744
0 0.18486819582334818 0.36392811296534017 0.0006846970215679561 0.0007702182284980744
0 0.13231769941800753 0.3644415917843389 0.0030811365970558027 0.001797175866495507
0 0.04673057172201301 0.36405648267008983 0.0017117425539198905 0.0010269576379974327
0 0.21619308456008215 0.3645699614890886 0.0030811365970558027 0.0025673940949935813
0 0.19907565902088326 0.36367137355584084 0.0010270455323519343 0.0007702182284980744
0 0.12564190345771997 0.3637997432605905 0.0013693940431359123 0.0010269576379974327
0 0.18760698390962 0.3632862644415918 0.0013693940431359123 0.0005134788189987163
0 0.16775077028414925 0.36405648267008983 0.0013693940431359123 0.0020539152759948653
0 0.16227319411160562 0.36367137355584084 0.0027387880862718246 0.0012836970474967907
0 0.16056145155768572 0.365211810012837 0.004108182129407737 0.0043645699614890884
0 0.1466963368709346 0.3644415917843389 0.005819924683327628 0.0028241335044929395
0 0.13830879835672716 0.36367137355584084 0.003423485107839781 0.0012836970474967907
0 0.07463197535090722 0.3635430038510911 0.0020540910647038686 0.0010269576379974327
0 0.036802464909277646 0.3637997432605905 0.0030811365970558027 0.0015404364569961489
0 0.21208490243067443 0.3630295250320924 0.0010270455323519343 0.0005134788189987163
0 0.15354330708661418 0.3630295250320924 0.00034234851078397807 0.0005134788189987163
0 0.09979459089352961 0.3635430038510911 0.002396439575487847 0.0015404364569961489
0 0.078055460458747 0.36341463414634145 0.0013693940431359123 0.0012836970474967907
0 0.20831906881205067 0.3644415917843389 0.003765833618623759 0.0038510911424903724
0 0.1439575487846628 0.3635430038510911 0.0030811365970558027 0.0020539152759948653
0 0.05323519342690859 0.3632862644415918 0.003765833618623759 0.0015404364569961489
0 0.19308456008216365 0.3625160462130937 0.0013693940431359123 0.0010269576379974327
0 0.1828141047586443 0.3662387676508344 0.004792879150975694 0.008472400513478818
0 0.07257788428620336 0.3626444159178434 0.0006846970215679561 0.0012836970474967907
0 0.03372132831222184 0.3625160462130937 0.0017117425539198905 0.0010269576379974327
0 0.15593974666210203 0.36392811296534017 0.0017117425539198905 0.0043645699614890884
0 0.07463197535090722 0.3621309370988447 0.0013693940431359123 0.0007702182284980744
0 0.12393016090380007 0.3618741976893453 0.0013693940431359123 0.0007702182284980744
0 0.11947963026360835 0.362387676508344 0.003423485107839781 0.001797175866495507
0 0.21636425881547416 0.3618741976893453 0.0027387880862718246 0.0012836970474967907
0 0.1966792194453954 0.362387676508344 0.0030811365970558027 0.0023106546854942235
0 0.18469702156795617 0.3621309370988447 0.002396439575487847 0.001797175866495507
0 0.03834303320780555 0.3618741976893453 0.0020540910647038686 0.0012836970474967907
0 0.18760698390962 0.36148908857509626 0.0027387880862718246 0.0010269576379974327
0 0.1812735364601164 0.3611039794608472 0.00034234851078397807 0.00025673940949935817
0 0.16004792879150975 0.36148908857509626 0.002396439575487847 0.0010269576379974327
0 0.20729202327969873 0.3613607188703466 0.0017117425539198905 0.0012836970474967907
0 0.1419034577199589 0.36148908857509626 0.002396439575487847 0.0015404364569961489
0 0.20540910647038685 0.3611039794608472 0.0013693940431359123 0.0012836970474967907
0 0.16364258815474153 0.3613607188703466 0.0020540910647038686 0.001797175866495507
0 0.11451557685724068 0.36148908857509626 0.004450530640191715 0.0020539152759948653
0 0.19120164327285177 0.3605905006418485 0.0010270455323519343 0.0007702182284980744
0 0.15405682985279015 0.3608472400513479 0.0020540910647038686 0.001797175866495507
0 0.22235535775419377 0.35982028241335046 0.00034234851078397807 0.00025673940949935817
0 0.1482369051694625 0.36148908857509626 0.005477576172543649 0.003594351732991014
0 0.14019171516603904 0.35982028241335046 0.00034234851078397807 0.00025673940949935817
0 0.15525504964053408 0.35956354300385107 0.00034234851078397807 0.00025673940949935817
0 0.1841834988017802 0.3596919127086008 0.0027387880862718246 0.0015404364569961489
0 0.1372817528243752 0.3605905006418485 0.0027387880862718246 0.003337612323491656
0 0.12632660047928793 0.3591784338896021 0.0006846970215679561 0.0005134788189987163
0 0.035090722355357755 0.3602053915275995 0.002396439575487847 0.0025673940949935813
0 0.1889763779527559 0.35930680359435174 0.0020540910647038686 0.0012836970474967907
0 0.18675111263266006 0.35905006418485236 0.0010270455323519343 0.0007702182284980744
0 0.17083190688120506 0.35905006418485236 0.0013693940431359123 0.0007702182284980744
0 0.1484080794248545 0.3589216944801027 0.00034234851078397807 0.0005134788189987163
0 0.07617254364943513 0.3596919127086008 0.006504621704895584 0.0020539152759948653
0 0.006846970215679562 0.35905006418485236 0.0013693940431359123 0.0007702182284980744
0 0.1687778158165012 0.3589216944801027 0.0013693940431359123 0.0010269576379974327
0 0.10681273536460116 0.3589216944801027 0.0020540910647038686 0.0010269576379974327
0 0.03029784320438206 0.3589216944801027 0.0010270455323519343 0.0010269576379974327
0 0.3793221499486477 0.358408215661104 0.0006846970215679561 0.0005134788189987163
0 0.16227319411160562 0.3591784338896021 0.0027387880862718246 0.0020539152759948653
0 0.03200958575830195 0.35866495507060336 0.0010270455323519343 0.0010269576379974327
0 0.4390619650804519 0.35802310654685493 0.00034234851078397807 0.00025673940949935817
0 0.17596713454296473 0.3581514762516046 0.0006846970215679561 0.0005134788189987163
0 0.1858952413557001 0.35789473684210527 0.0006846970215679561 0.0005134788189987163
0 0.18110236220472442 0.358408215661104 0.0013693940431359123 0.0015404364569961489
0 0.20968846285518658 0.3576379974326059 0.0017117425539198905 0.0005134788189987163
0 0.15542622389592606 0.3575096277278562 0.0013693940431359123 0.00025673940949935817
0 0.1499486477233824 0.3576379974326059 0.0006846970215679561 0.0005134788189987163
0 0.005135227661759671 0.3577663671373556 0.0013693940431359123 0.0007702182284980744
0 0.0013693940431359123 0.3577663671373556 0.0027387880862718246 0.0007702182284980744
0 0.14720985963711058 0.35802310654685493 0.0013693940431359123 0.001797175866495507
0 0.18366997603560425 0.3569961489088575 0.0010270455323519343 0.00025673940949935817
0 0.14412872304005478 0.3577663671373556 0.0027387880862718246 0.001797175866495507
0 0.140876412187607 0.3581514762516046 0.0017117425539198905 0.0025673940949935813
0 0.09654228004108183 0.3569961489088575 0.0006846970215679561 0.00025673940949935817
0 0.036117767887709686 0.3575096277278562 0.0030811365970558027 0.0012836970474967907
0 0.1893187264635399 0.3572528883183569 0.0006846970215679561 0.0012836970474967907
0 0.09962341663813762 0.35712451861360717 0.0020540910647038686 0.0010269576379974327
0 0.09380349195481 0.35686777920410784 0.0006846970215679561 0.0005134788189987163
0 0.07172201300924341 0.35686777920410784 0.0010270455323519343 0.0005134788189987163
0 0.4342690859294762 0.3567394094993582 0.0010270455323519343 0.0007702182284980744
0 0.16997603560424512 0.3567394094993582 0.0010270455323519343 0.0007702182284980744
0 0.16757959602875727 0.35930680359435174 0.00718931872646354 0.005905006418485238
0 0.17733652858610066 0.35622593068035946 0.0006846970215679561 0.00025673940949935817
0 0.17374186922286888 0.3563543003851091 0.0010270455323519343 0.0005134788189987163
0 0.08883943854844231 0.3563543003851091 0.002396439575487847 0.0010269576379974327
0 0.1999315302978432 0.35905006418485236 0.01437863745292708 0.00693196405648267
0 0.15011982197877438 0.3558408215661104 0.0010270455323519343 0.0005134788189987163
0 0.19856213625470728 0.35571245186136075 0.0013693940431359123 0.0007702182284980744
0 0.18829168093118795 0.35622593068035946 0.0020540910647038686 0.001797175866495507
0 0.13043478260869565 0.3599486521181001 0.0061622731941116055 0.009242618741976894
0 0.12923656282095172 0.35789473684210527 0.004450530640191715 0.005134788189987163
0 0.12290311537144813 0.3582798459563543 0.004792879150975694 0.005905006418485238
0 0.11451557685724068 0.35545571245186136 0.00034234851078397807 0.00025673940949935817
0 0.08267716535433071 0.35622593068035946 0.0010270455323519343 0.001797175866495507
0 0.2108866826429305 0.355198973042362 0.0006846970215679561 0.0007702182284980744
0 0.15268743580965422 0.355198973042362 0.0013693940431359123 0.0007702182284980744
0 0.0984251968503937 0.355198973042362 0.0010270455323519343 0.0007702182284980744
0 0.2158507360492982 0.35712451861360717 0.005135227661759671 0.005134788189987163
0 0.18760698390962 0.35468549422336326 0.0006846970215679561 0.00025673940949935817
0 0.1343717904827114 0.35494223363286265 0.0017117425539198905 0.0007702182284980744
0 0.07908250599109894 0.3553273427471117 0.003423485107839781 0.0020539152759948653
0 0.20215679561793906 0.35430038510911427 0.0010270455323519343 0.0005134788189987163
0 0.17203012666894898 0.35417201540436455 0.00034234851078397807 0.00025673940949935817
0 0.0999657651489216 0.35430038510911427 0.0006846970215679561 0.0005134788189987163
0 0.0022252653200958575 0.3545571245186136 0.0017117425539198905 0.0010269576379974327
0 0.19017459774049983 0.35430038510911427 0.0017117425539198905 0.0010269576379974327
0 0.12889421431016776 0.3540436456996149 0.00034234851078397807 0.0005134788189987163
0 0.01609038000684697 0.35430038510911427 0.0013693940431359123 0.0010269576379974327
0 0.17442656624443684 0.3540436456996149 0.0017117425539198905 0.0010269576379974327
0 0.2122560766860664 0.35365853658536583 0.0006846970215679561 0.0007702182284980744
0 0.07531667237247518 0.35430038510911427 0.003423485107839781 0.0020539152759948653
0 0.07206436152002739 0.35353016688061617 0.00034234851078397807 0.0005134788189987163
0 0.06778500513522766 0.3553273427471117 0.005477576172543649 0.004107830551989731
0 0.13060595686408763 0.35365853658536583 0.0017117425539198905 0.0012836970474967907
0 0.002396439575487847 0.3534017971758665 0.0006846970215679561 0.0007702182284980744
0 0.18966107497432386 0.3531450577663671 0.0006846970215679561 0.0007702182284980744
0 0.00017117425539198904 0.35301668806161746 0.00034234851078397807 0.0005134788189987163
0 0.12855186579938377 0.3527599486521181 0.00034234851078397807 0.0005134788189987163
0 0.1232454638822321 0.35442875481386393 0.00890106128038343 0.0038510911424903724
0 0.1799041424169805 0.3527599486521181 0.0010270455323519343 0.0010269576379974327
0 0.4359808284833961 0.35224646983311936 0.00034234851078397807 0.0005134788189987163
0 0.38206093803491953 0.3523748395378691 0.0020540910647038686 0.0007702182284980744
0 0.06658678534748373 0.35224646983311936 0.00034234851078397807 0.0005134788189987163
0 0.06059568640876412 0.3523748395378691 0.0006846970215679561 0.0007702182284980744
0 0.16792194453954126 0.3523748395378691 0.002396439575487847 0.0012836970474967907
0 0.11913728175282437 0.35224646983311936 0.0013693940431359123 0.0010269576379974327
0 0.004279356384799726 0.3521181001283697 0.0010270455323519343 0.0007702182284980744
0 0.2081478945566587 0.35250320924261874 0.0013693940431359123 0.0020539152759948653
0 0.20438206093803493 0.3527599486521181 0.0020540910647038686 0.0025673940949935813
0 0.06898322492297158 0.3523748395378691 0.0010270455323519343 0.001797175866495507
0 0.21003081136597057 0.35186136071887036 0.0010270455323519343 0.0012836970474967907
0 0.1513180417665183 0.3521181001283697 0.0013693940431359123 0.001797175866495507
0 0.1453269428277987 0.3527599486521181 0.0030811365970558027 0.0030808729139922978
0 0.14104758644299897 0.35301668806161746 0.003423485107839781 0.003594351732991014
0 0.009928106812735364 0.3521181001283697 0.0027387880862718246 0.001797175866495507
0 0.2001027045532352 0.3523748395378691 0.0017117425539198905 0.0028241335044929395
0 0.16056145155768572 0.35198973042362003 0.0013693940431359123 0.0020539152759948653
0 0.15748031496062992 0.35121951219512193 0.0006846970215679561 0.0005134788189987163
0 0.13642588154741528 0.35327342747111684 0.005819924683327628 0.004621309370988447
0 0.09979459089352961 0.36033376123234917 0.040054775761725434 0.018741976893453145
0 0.11194796302636084 0.35109114249037227 0.0006846970215679561 0.00025673940949935817
0 0.0013693940431359123 0.3514762516046213 0.0013693940431359123 0.0010269576379974327
0 0.1778500513522766 0.35083440308087294 0.00034234851078397807 0.00025673940949935817
0 0.15371448134200616 0.35186136071887036 0.0006846970215679561 0.0023106546854942235
0 0.21448134200616228 0.35083440308087294 0.0030811365970558027 0.0007702182284980744
0 0.16775077028414925 0.3507060333761232 0.0006846970215679561 0.0005134788189987163
0 0.1638137624101335 0.35083440308087294 0.0017117425539198905 0.0012836970474967907
0 0.09962341663813762 0.35186136071887036 0.0061622731941116055 0.003337612323491656
0 0.0124957206436152 0.3507060333761232 0.004450530640191715 0.0015404364569961489
0 0.0374871619308456 0.3509627727856226 0.003765833618623759 0.0025673940949935813
0 0.030126668948990073 0.35006418485237484 0.0013693940431359123 0.0007702182284980744
0 0.20523793221499487 0.3501925545571245 0.002396439575487847 0.0015404364569961489
0 0.13693940431359122 0.3496790757381258 0.0006846970215679561 0.0005134788189987163
0 0.11211913728175282 0.3495507060333761 0.00034234851078397807 0.00025673940949935817
0 0.10852447791852106 0.35057766367137355 0.005477576172543649 0.0023106546854942235
0 0.04091064703868538 0.35006418485237484 0.004450530640191715 0.0012836970474967907
0 0.16980486134885314 0.34942233632862646 0.0006846970215679561 0.0005134788189987163
0 0.06076686066415611 0.3495507060333761 0.0010270455323519343 0.0007702182284980744
0 0.18332762752482026 0.3498074454428755 0.0017117425539198905 0.001797175866495507
0 0.18024649092776446 0.34929396662387674 0.0010270455323519343 0.0007702182284980744
0 0.13180417665183156 0.3507060333761232 0.004792879150975694 0.003594351732991014
0 0.12393016090380007 0.3507060333761232 0.004792879150975694 0.003594351732991014
0 0.03166723724751797 0.34942233632862646 0.0010270455323519343 0.0010269576379974327
0 0.007874015748031496 0.3491655969191271 0.0006846970215679561 0.0005134788189987163
0 0.1578226634714139 0.34929396662387674 0.0020540910647038686 0.0012836970474967907
0 0.1547415268743581 0.3491655969191271 0.0013693940431359123 0.0010269576379974327
0 0.12752482026703185 0.34929396662387674 0.002396439575487847 0.0012836970474967907
0 0.02858610065046217 0.348780487804878 0.00034234851078397807 0.00025673940949935817
0 0.013009243409791168 0.34890885750962775 0.0006846970215679561 0.0005134788189987163
0 0.44659363231769944 0.34865211810012836 0.0010270455323519343 0.0005134788189987163
0 0.14943512495720643 0.34942233632862646 0.006504621704895584 0.0020539152759948653
0 0.06350564875042794 0.34929396662387674 0.002396439575487847 0.001797175866495507
0 0.20267031838411503 0.34942233632862646 0.0020540910647038686 0.0025673940949935813
0 0.18007531667237248 0.34839537869062903 0.0006846970215679561 0.0005134788189987163
0 0.1670660732625813 0.34865211810012836 0.0006846970215679561 0.0010269576379974327
0 0.11742553919890449 0.3499358151476252 0.0027387880862718246 0.003594351732991014
0 0.06761383087983568 0.34890885750962775 0.003765833618623759 0.0015404364569961489
0 0.44453954125299555 0.34813863928112965 0.0010270455323519343 0.0010269576379974327
0 0.21807600136939403 0.3498074454428755 0.004108182129407737 0.0043645699614890884
0 0.21140020540910648 0.348780487804878 0.005135227661759671 0.0023106546854942235
0 0.16193084560082163 0.34801026957638 0.0013693940431359123 0.0007702182284980744
0 0.14447107155083874 0.3485237483953787 0.004108182129407737 0.001797175866495507
0 0.0359465936323177 0.3477535301668806 0.0006846970215679561 0.00025673940949935817
0 0.2047244094488189 0.3477535301668806 0.0013693940431359123 0.0007702182284980744
0 0.1732283464566929 0.3473684210526316 0.0006846970215679561 0.0005134788189987163
0 0.0390277302293735 0.3477535301668806 0.0020540910647038686 0.0012836970474967907
0 0.02687435809654228 0.34801026957638 0.0010270455323519343 0.001797175866495507
0 0.007018144471071551 0.3472400513478819 0.00034234851078397807 0.00025673940949935817
0 0.1655255049640534 0.3472400513478819 0.0010270455323519343 0.0007702182284980744
0 0.11177678877096885 0.3471116816431322 0.0010270455323519343 0.0005134788189987163
0 0.012838069154399178 0.3473684210526316 0.0017117425539198905 0.0010269576379974327
0 0.08969530982540226 0.35121951219512193 0.017117425539198903 0.009242618741976894
0 0.20198562136254708 0.34672657252888317 0.0020540910647038686 0.0007702182284980744
0 0.12992125984251968 0.3471116816431322 0.003765833618623759 0.0015404364569961489
0 0.12615542622389592 0.3472400513478819 0.0017117425539198905 0.001797175866495507
0 0.08147894556658679 0.3463414634146341 0.0006846970215679561 0.0005134788189987163
0 0.03834303320780555 0.3463414634146341 0.0013693940431359123 0.0005134788189987163
0 0.09945224238274564 0.34865211810012836 0.011297500855871277 0.005648267008985879
0 0.20660732625813077 0.3459563543003851 0.0030811365970558027 0.0007702182284980744
0 0.04279356384799726 0.3459563543003851 0.003423485107839781 0.0007702182284980744
0 0.1360835330366313 0.3454428754813864 0.00034234851078397807 0.00025673940949935817
0 0.17271482369051694 0.34518613607188703 0.00034234851078397807 0.00025673940949935817
0 0.027559055118110236 0.3459563543003851 0.002396439575487847 0.001797175866495507
0 0.20763437179048272 0.3449293966623877 0.00034234851078397807 0.00025673940949935817
0 0.08507360492981855 0.3454428754813864 0.0017117425539198905 0.0012836970474967907
0 0.06110920917494009 0.34646983311938384 0.002396439575487847 0.003337612323491656
0 0.38993495378295107 0.34505776636713736 0.0013693940431359123 0.0010269576379974327
0 0.14036288942143102 0.3459563543003851 0.004792879150975694 0.0028241335044929395
0 0.1377952755905512 0.34646983311938384 0.007874015748031496 0.0043645699614890884
0 0.09619993153029785 0.344801026957638 0.0020540910647038686 0.0010269576379974327
0 0.030640191715166038 0.3454428754813864 0.002396439575487847 0.0023106546854942235
0 0.21482369051694625 0.344801026957638 0.007874015748031496 0.0020539152759948653
0 0.2014720985963711 0.3446726572528883 0.0030811365970558027 0.001797175866495507
0 0.17117425539198905 0.34403080872913994 0.0013693940431359123 0.0005134788189987163
0 0.10270455323519342 0.34505776636713736 0.003423485107839781 0.0025673940949935813
0 0.09277644642245807 0.3441591784338896 0.0006846970215679561 0.0007702182284980744
0 0.08165011982197877 0.3439024390243902 0.00034234851078397807 0.00025673940949935817
0 0.14584046559397468 0.3446726572528883 0.0013693940431359123 0.0023106546854942235
0 0.14275932899691887 0.34428754813863927 0.0013693940431359123 0.0015404364569961489
0 0.1684354673057172 0.3433889602053915 0.0006846970215679561 0.00025673940949935817
0 0.1641561109209175 0.3436456996148909 0.0010270455323519343 0.0007702182284980744
0 0.13009243409791169 0.34377406931964055 0.0027387880862718246 0.0010269576379974327
0 0.13488531324888736 0.3433889602053915 0.0006846970215679561 0.0007702182284980744
0 0.07685724067100308 0.34454428754813865 0.0017117425539198905 0.0030808729139922978
0 0.06898322492297158 0.3439024390243902 0.0017117425539198905 0.001797175866495507
0 0.1388223211229031 0.3439024390243902 0.004450530640191715 0.0023106546854942235
0 0.42930503252310853 0.3428754813863928 0.0013693940431359123 0.0007702182284980744
0 0.20078740157480315 0.3430038510911425 0.0010270455323519343 0.0010269576379974327
0 0.14447107155083874 0.34261874197689346 0.0006846970215679561 0.00025673940949935817
0 0.07531667237247518 0.34261874197689346 0.0006846970215679561 0.00025673940949935817
0 0.19736391646696336 0.3424903722721438 0.0010270455323519343 0.0005134788189987163
0 0.18606641561109208 0.34428754813863927 0.006504621704895584 0.004107830551989731
0 0.19496747689147553 0.3419768934531451 0.0010270455323519343 0.0005134788189987163
0 0.08866826429305033 0.3441591784338896 0.010955152345087298 0.004878048780487805
0 0.1903457719958918 0.3419768934531451 0.0013693940431359123 0.0010269576379974327
0 0.09448818897637795 0.3431322207958922 0.0006846970215679561 0.003337612323491656
0 0.07993837726805889 0.34184852374839536 0.0010270455323519343 0.0007702182284980744
0 0.4303320780554605 0.34159178433889603 0.0006846970215679561 0.0007702182284980744
0 0.2001027045532352 0.3417201540436457 0.0010270455323519343 0.0010269576379974327
0 0.09808284833960973 0.3430038510911425 0.003765833618623759 0.003594351732991014
0 0.203355015405683 0.34184852374839536 0.0013693940431359123 0.001797175866495507
0 0.1639849366655255 0.34159178433889603 0.0020540910647038686 0.0012836970474967907
0 0.14755220814789455 0.3419768934531451 0.0027387880862718246 0.0020539152759948653
0 0.1422458062307429 0.34184852374839536 0.0017117425539198905 0.001797175866495507
0 0.09106470386853817 0.34133504492939665 0.0006846970215679561 0.0007702182284980744
0 0.0766860664156111 0.34646983311938384 0.012324546388223211 0.011039794608472401
0 0.21037315987675453 0.3409499358151476 0.00034234851078397807 0.0005134788189987163
0 0.10852447791852106 0.34159178433889603 0.004792879150975694 0.001797175866495507
0 0.07548784662786717 0.3410783055198973 0.002396439575487847 0.0007702182284980744
0 0.18110236220472442 0.34428754813863927 0.004108182129407737 0.007702182284980745
0 0.19051694625128382 0.34839537869062903 0.01951386511468675 0.016431322207958923
0 0.18366997603560425 0.34069319640564827 0.0017117425539198905 0.0010269576379974327
0 0.15285861006504622 0.34069319640564827 0.0010270455323519343 0.0010269576379974327
0 0.04125299554946936 0.341206675224647 0.003765833618623759 0.0020539152759948653
0 0.10338925025676138 0.34146341463414637 0.0027387880862718246 0.003594351732991014
0 0.09551523450872988 0.3400513478818999 0.0013693940431359123 0.0007702182284980744
0 0.06966792194453954 0.3403080872913992 0.0017117425539198905 0.0012836970474967907
0 0.437521396781924 0.33992297817715017 0.0013693940431359123 0.0010269576379974327
0 0.20489558370421088 0.33992297817715017 0.0010270455323519343 0.0010269576379974327
0 0.1297500855871277 0.341206675224647 0.004792879150975694 0.003594351732991014
0 0.08216364258815474 0.3404364569961489 0.0020540910647038686 0.0020539152759948653
0 0.04895583704210887 0.3403080872913992 0.0013693940431359123 0.001797175866495507
0 0.04399178363574118 0.33966623876765084 0.00034234851078397807 0.0005134788189987163
0 0.187264635398836 0.3404364569961489 0.004108182129407737 0.0025673940949935813
0 0.17733652858610066 0.33966623876765084 0.0013693940431359123 0.0010269576379974327
0 0.16090380006846972 0.3395378690629012 0.0006846970215679561 0.0007702182284980744
0 0.13402944197192743 0.34017971758664955 0.0030811365970558027 0.0020539152759948653
0 0.14635398836015062 0.3391527599486521 0.00034234851078397807 0.0005134788189987163
0 0.1297500855871277 0.3392811296534018 0.0006846970215679561 0.0007702182284980744
0 0.0859294762067785 0.3395378690629012 0.0020540910647038686 0.0012836970474967907
0 0.1999315302978432 0.33940949935815146 0.0013693940431359123 0.0015404364569961489
0 0.09876754536117768 0.3397946084724005 0.002396439575487847 0.0023106546854942235
0 0.03406367682300582 0.33902439024390246 0.0017117425539198905 0.0007702182284980744
0 0.203355015405683 0.3386392811296534 0.0006846970215679561 0.0005134788189987163
0 0.16466963368709345 0.33940949935815146 0.0027387880862718246 0.0020539152759948653
0 0.10869565217391304 0.3386392811296534 0.0010270455323519343 0.0005134788189987163
0 0.03782951044162958 0.34184852374839536 0.011297500855871277 0.00693196405648267
0 0.4715850736049298 0.33825417201540436 0.00034234851078397807 0.00025673940949935817
0 0.20044505306401916 0.33825417201540436 0.00034234851078397807 0.00025673940949935817
0 0.09157822663471414 0.3387676508344031 0.0017117425539198905 0.0012836970474967907
0 0.17391304347826086 0.337997432605905 0.0006846970215679561 0.00025673940949935817
0 0.027901403628894213 0.33825417201540436 0.0010270455323519343 0.0007702182284980744
0 0.1829852790140363 0.337997432605905 0.0010270455323519343 0.0007702182284980744
0 0.4253680246490928 0.33825417201540436 0.0017117425539198905 0.001797175866495507
0 0.0359465936323177 0.33774069319640565 0.0013693940431359123 0.0007702182284980744
0 0.44111605614515575 0.33722721437740694 0.00034234851078397807 0.00025673940949935817
0 0.4385484423142759 0.337612323491656 0.0013693940431359123 0.0010269576379974327
0 0.13488531324888736 0.337612323491656 0.0006846970215679561 0.0010269576379974327
0 0.1324888736733995 0.3378690629011553 0.0013693940431359123 0.0015404364569961489
0 0.030811365970558027 0.337612323491656 0.003423485107839781 0.0010269576379974327
0 0.0718931872646354 0.3381258023106547 0.0020540910647038686 0.0025673940949935813
0 0.16518315645326942 0.33697047496790755 0.0010270455323519343 0.0007702182284980744
0 0.10595686408764123 0.3367137355584082 0.00034234851078397807 0.00025673940949935817
0 0.20438206093803493 0.33658536585365856 0.0006846970215679561 0.0005134788189987163
0 0.19719274221157138 0.33722721437740694 0.004108182129407737 0.001797175866495507
0 0.18983224922971584 0.3367137355584082 0.0010270455323519343 0.0007702182284980744
0 0.12769599452242383 0.33722721437740694 0.004108182129407737 0.001797175866495507
0 0.20660732625813077 0.33645699614890884 0.002396439575487847 0.0007702182284980744
0 0.1939404313591236 0.3362002567394095 0.00034234851078397807 0.00025673940949935817
0 0.09928106812735364 0.33645699614890884 0.0013693940431359123 0.0007702182284980744
0 0.03474837384457378 0.3362002567394095 0.00034234851078397807 0.00025673940949935817
0 0.04673057172201301 0.3367137355584082 0.0017117425539198905 0.001797175866495507
0 0.04382060938034919 0.33658536585365856 0.0013693940431359123 0.0015404364569961489
0 0.039883601506333445 0.33645699614890884 0.0030811365970558027 0.0012836970474967907
0 0.42707976720301266 0.33607188703465984 0.002396439575487847 0.0010269576379974327
0 0.12735364601163984 0.3359435173299101 0.0013693940431359123 0.0007702182284980744
0 0.029784320438206092 0.33607188703465984 0.0013693940431359123 0.0010269576379974327
0 0.13231769941800753 0.33581514762516046 0.0017117425539198905 0.0015404364569961489
0 0.02208147894556659 0.3354300385109114 0.0010270455323519343 0.0007702182284980744
0 0.42245806230742894 0.3354300385109114 0.0013693940431359123 0.0012836970474967907
0 0.21071550838753852 0.3349165596919127 0.00034234851078397807 0.00025673940949935817
0 0.0968846285518658 0.33645699614890884 0.003423485107839781 0.003337612323491656
0 0.09089352961314619 0.3351732991014121 0.0010270455323519343 0.0007702182284980744
0 0.06367682300581992 0.33504492939666236 0.0006846970215679561 0.0005134788189987163
0 0.12102019856213625 0.3381258023106547 0.007874015748031496 0.007188703465982028
0 0.03457719958918179 0.33478818998716303 0.0006846970215679561 0.0005134788189987163
0 0.17442656624443684 0.33465982028241337 0.0017117425539198905 0.0007702182284980744
0 0.1641561109209175 0.3351732991014121 0.0030811365970558027 0.001797175866495507
0 0.11451557685724068 0.34210526315789475 0.01951386511468675 0.01566110397946085
0 0.6422458062307429 0.3342747111681643 0.0006846970215679561 0.0005134788189987163
0 0.1970215679561794 0.334403080872914 0.0017117425539198905 0.0007702182284980744
0 0.1294077370763437 0.33465982028241337 0.0013693940431359123 0.0012836970474967907
0 0.09397466621020198 0.3342747111681643 0.0010270455323519343 0.0005134788189987163
0 0.06162273194111605 0.33504492939666236 0.0027387880862718246 0.0020539152759948653
0 0.036973639164669635 0.334403080872914 0.0006846970215679561 0.0007702182284980744
0 0.12119137281752825 0.334403080872914 0.0027387880862718246 0.0012836970474967907
0 0.0984251968503937 0.33388960205391527 0.00034234851078397807 0.00025673940949935817
0 0.4406025333789798 0.3337612323491656 0.0006846970215679561 0.0005134788189987163
0 0.18195823348168436 0.33401797175866493 0.0030811365970558027 0.0010269576379974327
0 0.01591920575145498 0.33388960205391527 0.0010270455323519343 0.0007702182284980744
0 0.4359808284833961 0.3335044929396662 0.00034234851078397807 0.0005134788189987163
0 0.029955494693598084 0.3342747111681643 0.0017117425539198905 0.0020539152759948653
0 0.45429647381033894 0.3332477535301669 0.0013693940431359123 0.0005134788189987163
0 0.20883259157822665 0.33388960205391527 0.0013693940431359123 0.001797175866495507
0 0.08866826429305033 0.33363286264441594 0.0013693940431359123 0.0012836970474967907
0 0.04416295789113318 0.33414634146341465 0.005477576172543649 0.0023106546854942235
0 0.01626155426223896 0.3410783055198973 0.03252310852447792 0.016174582798459562
0 0.02482026703183841 0.3331193838254172 0.00034234851078397807 0.00025673940949935817
0 0.20540910647038685 0.3331193838254172 0.0013693940431359123 0.0007702182284980744
0 0.16946251283806915 0.3331193838254172 0.0006846970215679561 0.0007702182284980744
0 0.11674084217733653 0.33363286264441594 0.0013693940431359123 0.001797175866495507
0 0.041766518315645325 0.3329910141206675 0.0006846970215679561 0.0005134788189987163
0 0.01763094830537487 0.33453145057766365 0.005819924683327628 0.003594351732991014
0 0.6316330023964396 0.3327342747111682 0.0006846970215679561 0.0005134788189987163
0 0.4359808284833961 0.3326059050064185 0.00034234851078397807 0.00025673940949935817
0 0.4332420403971243 0.3327342747111682 0.00034234851078397807 0.0005134788189987163
0 0.19462512838069154 0.3327342747111682 0.00034234851078397807 0.0005134788189987163
0 0.1328312221841835 0.3329910141206675 0.0013693940431359123 0.0010269576379974327
0 0.12632660047928793 0.33286264441591784 0.0006846970215679561 0.0007702182284980744
0 0.09055118110236221 0.3332477535301669 0.0017117425539198905 0.0015404364569961489
0 0.17733652858610066 0.3327342747111682 0.0013693940431359123 0.0010269576379974327
0 0.13505648750427934 0.3326059050064185 0.0010270455323519343 0.0007702182284980744
0 0.11314618281410475 0.3324775353016688 0.0010270455323519343 0.0005134788189987163
0 0.11126326600479287 0.33337612323491655 0.0013693940431359123 0.0023106546854942235
0 0.03355015405682985 0.3331193838254172 0.003423485107839781 0.001797175866495507
0 0.006846970215679562 0.33337612323491655 0.0061622731941116055 0.0028241335044929395
0 0.06932557343375556 0.3323491655969191 0.0017117425539198905 0.0012836970474967907
0 0.4762067785005135 0.33209242618741974 0.0013693940431359123 0.0012836970474967907
0 0.44659363231769944 0.3324775353016688 0.002396439575487847 0.0020539152759948653
0 0.4342690859294762 0.33157894736842103 0.00034234851078397807 0.00025673940949935817
0 0.43204382060938035 0.3319640564826701 0.0006846970215679561 0.0010269576379974327
0 0.18948990071893188 0.3319640564826701 0.0017117425539198905 0.0010269576379974327
0 0.021910304690174597 0.33286264441591784 0.004792879150975694 0.0028241335044929395
0 0.01266689489900719 0.3327342747111682 0.004108182129407737 0.0025673940949935813
0 0.6326600479287915 0.33145057766367136 0.0013693940431359123 0.0005134788189987163
0 0.19633687093461144 0.33222079589216946 0.0017117425539198905 0.0020539152759948653
0 0.4517288599794591 0.33145057766367136 0.0010270455323519343 0.0010269576379974327
0 0.18058883943854845 0.33157894736842103 0.0017117425539198905 0.0012836970474967907
0 0.13711057856898323 0.3310654685494223 0.00034234851078397807 0.00025673940949935817
0 0.11006504621704896 0.33119383825417203 0.00034234851078397807 0.0005134788189987163
0 0.17083190688120506 0.33093709884467265 0.0006846970215679561 0.0005134788189987163
0 0.09585758301951386 0.3313222079589217 0.0013693940431359123 0.0012836970474967907
0 0.08729887024991441 0.3313222079589217 0.0013693940431359123 0.0012836970474967907
0 0.06487504279356385 0.3313222079589217 0.0010270455323519343 0.0012836970474967907
0 0.05888394385484423 0.33157894736842103 0.0006846970215679561 0.001797175866495507
0 0.04022595001711743 0.33170731707317075 0.0010270455323519343 0.0020539152759948653
0 0.031153714481342007 0.33145057766367136 0.0027387880862718246 0.0015404364569961489
0 0.2081478945566587 0.33093709884467265 0.0006846970215679561 0.0010269576379974327
0 0.026360835330366313 0.33145057766367136 0.003423485107839781 0.0020539152759948653
0 0.01763094830537487 0.330808729139923 0.0030811365970558027 0.0012836970474967907
0 0.4448818897637795 0.3301668806161746 0.0010270455323519343 0.0005134788189987163
0 0.4231427593289969 0.3300385109114249 0.0006846970215679561 0.00025673940949935817
0 0.40397124272509416 0.3300385109114249 0.0013693940431359123 0.0007702182284980744
0 0.10270455323519342 0.33042362002567394 0.0020540910647038686 0.0015404364569961489
0 0.45703526189661076 0.32978177150192556 0.0013693940431359123 0.0007702182284980744
0 0.09397466621020198 0.3299101412066752 0.0010270455323519343 0.0010269576379974327
0 0.06384799726121192 0.3318356867779204 0.005135227661759671 0.004878048780487805
0 0.015405682985279013 0.3296534017971759 0.0006846970215679561 0.0005134788189987163
0 0.007874015748031496 0.32978177150192556 0.0006846970215679561 0.0007702182284980744
0 0.6316330023964396 0.3293966623876765 0.0006846970215679561 0.0005134788189987163
0 0.12375898664840808 0.33093709884467265 0.004450530640191715 0.003594351732991014
0 0.012324546388223211 0.32926829268292684 0.0006846970215679561 0.00025673940949935817
0 0.20198562136254708 0.32926829268292684 0.0006846970215679561 0.0007702182284980744
0 0.1203355015405683 0.3299101412066752 0.002396439575487847 0.0020539152759948653
0 0.03526189661074974 0.3607188703465982 0.07052379322149949 0.06367137355584082
0 0.4498459431701472 0.32926829268292684 0.0013693940431359123 0.0012836970474967907
0 0.18675111263266006 0.32875481386392813 0.00034234851078397807 0.00025673940949935817
0 0.11229031153714482 0.3295250320924262 0.0013693940431359123 0.001797175866495507
0 0.11040739472783294 0.32926829268292684 0.0010270455323519343 0.0012836970474967907
0 0.12855186579938377 0.3296534017971759 0.003765833618623759 0.0025673940949935813
0 0.12307428962684012 0.3286264441591784 0.00034234851078397807 0.0005134788189987163
0 0.10681273536460116 0.3305519897304236 0.005477576172543649 0.0043645699614890884
0 0.0686408764121876 0.3295250320924262 0.002396439575487847 0.0023106546854942235
0 0.027730229373502224 0.3291399229781771 0.0013693940431359123 0.0015404364569961489
0 0.02482026703183841 0.32901155327342746 0.0010270455323519343 0.0012836970474967907
0 0.04878466278671688 0.3282413350449294 0.00034234851078397807 0.00025673940949935817
0 0.030640191715166038 0.3286264441591784 0.0010270455323519343 0.0010269576379974327
0 0.21533721328312222 0.3283697047496791 0.0027387880862718246 0.0010269576379974327
0 0.11656966792194454 0.3300385109114249 0.003765833618623759 0.0043645699614890884
0 0.11194796302636084 0.32798459563543003 0.0006846970215679561 0.00025673940949935817
0 0.11006504621704896 0.32798459563543003 0.00034234851078397807 0.00025673940949935817
0 0.020883259157822662 0.3291399229781771 0.004792879150975694 0.0025673940949935813
0 0.0018829168093118796 0.330808729139923 0.003765833618623759 0.005905006418485238
0 0.4664498459431701 0.32798459563543003 0.0010270455323519343 0.0007702182284980744
0 0.05528928449161246 0.3283697047496791 0.0010270455323519343 0.0015404364569961489
0 0.41783635741184527 0.3282413350449294 0.0010270455323519343 0.001797175866495507
0 0.19770626497774735 0.32926829268292684 0.004450530640191715 0.0038510911424903724
0 0.13317357069496746 0.32875481386392813 0.004108182129407737 0.0028241335044929395
0 0.058541595344060254 0.3282413350449294 0.003423485107839781 0.0023106546854942235
0 0.04570352618966107 0.32734274711168165 0.00034234851078397807 0.0005134788189987163
0 0.033207805546045875 0.32734274711168165 0.0006846970215679561 0.0005134788189987163
0 0.12547072920232796 0.32708600770218227 0.0010270455323519343 0.0005134788189987163
0 0.12221841834988018 0.327214377406932 0.0020540910647038686 0.0007702182284980744
0 0.08969530982540226 0.32708600770218227 0.0006846970215679561 0.0005134788189987163
0 0.00034234851078397807 0.32708600770218227 0.0006846970215679561 0.0005134788189987163
0 0.4204039712427251 0.32708600770218227 0.0020540910647038686 0.0010269576379974327
0 0.043649435124957205 0.32734274711168165 0.0010270455323519343 0.0015404364569961489
0 0.11160561451557685 0.32657252888318355 0.0013693940431359123 0.0005134788189987163
0 0.468503937007874 0.3263157894736842 0.0010270455323519343 0.0005134788189987163
0 0.18024649092776446 0.3263157894736842 0.0010270455323519343 0.0005134788189987163
0 0.17408421773365285 0.3267008985879333 0.0017117425539198905 0.0012836970474967907
0 0.13557001027045532 0.32657252888318355 0.0013693940431359123 0.0010269576379974327
0 0.027559055118110236 0.3264441591784339 0.00034234851078397807 0.0007702182284980744
0 0.09038000684697022 0.32605905006418484 0.0006846970215679561 0.0005134788189987163
0 0.0020540910647038686 0.3261874197689345 0.0006846970215679561 0.0007702182284980744
0 0.1906881205066758 0.3267008985879333 0.0027387880862718246 0.0023106546854942235
0 0.18195823348168436 0.327599486521181 0.005135227661759671 0.004107830551989731
0 0.08507360492981855 0.32605905006418484 0.0017117425539198905 0.0015404364569961489
0 0.6297500855871278 0.3255455712451861 0.0017117425539198905 0.0010269576379974327
0 0.40397124272509416 0.3251604621309371 0.0006846970215679561 0.00025673940949935817
0 0.20078740157480315 0.3263157894736842 0.003765833618623759 0.0025673940949935813
0 0.14019171516603904 0.3255455712451861 0.0017117425539198905 0.0010269576379974327
0 0.13488531324888736 0.3252888318356868 0.0006846970215679561 0.0005134788189987163
0 0.08301951386511469 0.3255455712451861 0.0010270455323519343 0.0010269576379974327
0 0.05682985279014036 0.3255455712451861 0.0006846970215679561 0.0010269576379974327
0 0.0030811365970558027 0.3250320924261874 0.0006846970215679561 0.0005134788189987163
0 0.6324888736733996 0.32464698331193836 0.00034234851078397807 0.00025673940949935817
0 0.4707292023279699 0.3250320924261874 0.0006846970215679561 0.0010269576379974327
0 0.03971242725094146 0.3267008985879333 0.0027387880862718246 0.0043645699614890884
0 0.1956521739130435 0.3256739409499358 0.005135227661759671 0.0028241335044929395
0 0.18024649092776446 0.32439024390243903 0.00034234851078397807 0.00025673940949935817
0 0.171516603902773 0.32439024390243903 0.0006846970215679561 0.00025673940949935817
0 0.11468675111263266 0.3252888318356868 0.004108182129407737 0.0020539152759948653
0 0.08815474152687436 0.32464698331193836 0.0017117425539198905 0.0007702182284980744
0 0.03628894214310168 0.3245186136071887 0.0006846970215679561 0.0005134788189987163
0 0.0006846970215679561 0.32490372272143775 0.0013693940431359123 0.0012836970474967907
0 0.4017459774049983 0.3256739409499358 0.0017117425539198905 0.003337612323491656
0 0.14977747346799042 0.32439024390243903 0.0010270455323519343 0.0007702182284980744
0 0.05203697363916467 0.32439024390243903 0.0006846970215679561 0.0007702182284980744
0 0.19257103731598768 0.3245186136071887 0.0017117425539198905 0.0015404364569961489
0 0.0999657651489216 0.32708600770218227 0.015748031496062992 0.006675224646983312
0 0.044334132146525165 0.32426187419768937 0.0017117425539198905 0.0010269576379974327
0 0.017459774049982883 0.32426187419768937 0.0013693940431359123 0.0010269576379974327
0 0.6321465251626155 0.32362002567394094 0.00034234851078397807 0.00025673940949935817
0 0.17733652858610066 0.32349165596919127 0.0013693940431359123 0.0005134788189987163
0 0.1359123587812393 0.32349165596919127 0.0013693940431359123 0.0005134788189987163
0 0.12084902430674427 0.3255455712451861 0.004108182129407737 0.004621309370988447
0 0.003252310852447792 0.32349165596919127 0.00034234851078397807 0.0005134788189987163
0 0.406367682300582 0.32349165596919127 0.0020540910647038686 0.0010269576379974327
0 0.18212940773707634 0.32362002567394094 0.0020540910647038686 0.0012836970474967907
0 0.08541595344060253 0.3232349165596919 0.0010270455323519343 0.0005134788189987163
0 0.4727832933926737 0.3231065468549422 0.0006846970215679561 0.0007702182284980744
0 0.18794933242040396 0.32400513478819 0.003423485107839781 0.0025673940949935813
0 0.1516603902773023 0.3228498074454429 0.0006846970215679561 0.00025673940949935817
0 0.13026360835330367 0.3232349165596919 0.0017117425539198905 0.0010269576379974327
0 0.07326258130777132 0.33157894736842103 0.028072577884286205 0.017715019255455714
0 0.15422800410818213 0.3227214377406932 0.0010270455323519343 0.0005134788189987163
0 0.05323519342690859 0.3256739409499358 0.004450530640191715 0.006418485237483954
0 0.058541595344060254 0.3232349165596919 0.0013693940431359123 0.0020539152759948653
0 0.6336870934611435 0.3220795892169448 0.0006846970215679561 0.00025673940949935817
0 0.48065730914070526 0.3220795892169448 0.0006846970215679561 0.00025673940949935817
0 0.41321465251626155 0.32220795892169446 0.0006846970215679561 0.0005134788189987163
0 0.19308456008216365 0.3225930680359435 0.0013693940431359123 0.0012836970474967907
0 0.06538856555973982 0.3220795892169448 0.0006846970215679561 0.00025673940949935817
0 0.043649435124957205 0.32220795892169446 0.00034234851078397807 0.0005134788189987163
0 0.19924683327627524 0.32195121951219513 0.0006846970215679561 0.0005134788189987163
0 0.08815474152687436 0.32195121951219513 0.0010270455323519343 0.0005134788189987163
0 0.06915439917836358 0.32220795892169446 0.0013693940431359123 0.0010269576379974327
0 0.12290311537144813 0.3223363286264442 0.0020540910647038686 0.001797175866495507
0 0.09825402259500171 0.32195121951219513 0.0013693940431359123 0.0010269576379974327
0 0.6287230400547758 0.3214377406931964 0.00034234851078397807 0.0005134788189987163
0 0.18675111263266006 0.3214377406931964 0.00034234851078397807 0.0005134788189987163
0 0.1841834988017802 0.32182284980744547 0.0013693940431359123 0.0012836970474967907
0 0.17870592262923657 0.3220795892169448 0.0013693940431359123 0.001797175866495507
0 0.16449845943170147 0.3214377406931964 0.0017117425539198905 0.0005134788189987163
0 0.11828141047586443 0.32246469833119384 0.0017117425539198905 0.0025673940949935813
0 0.0005135227661759672 0.3214377406931964 0.0010270455323519343 0.0005134788189987163
0 0.1920575145498117 0.32105263157894737 0.0006846970215679561 0.00025673940949935817
0 0.03663129065388566 0.32130937098844675 0.0006846970215679561 0.0007702182284980744
0 0.03389250256761383 0.3214377406931964 0.0013693940431359123 0.0010269576379974327
0 0.626155426223896 0.32182284980744547 0.0027387880862718246 0.0023106546854942235
0 0.1454981170831907 0.32105263157894737 0.0013693940431359123 0.0007702182284980744
0 0.13676823005819924 0.320795892169448 0.00034234851078397807 0.00025673940949935817
0 0.08524477918521055 0.32118100128369703 0.0013693940431359123 0.0010269576379974327
0 0.05409106470386854 0.3214377406931964 0.0020540910647038686 0.0015404364569961489
0 0.031324888736733995 0.32118100128369703 0.0010270455323519343 0.0010269576379974327
0 0.1953098254022595 0.3215661103979461 0.0030811365970558027 0.0023106546854942235
0 0.13009243409791169 0.3209242618741977 0.0027387880862718246 0.0010269576379974327
0 0.08233481684354672 0.3209242618741977 0.0010270455323519343 0.0010269576379974327
0 0.0515234508729887 0.320795892169448 0.0010270455323519343 0.0007702182284980744
0 0.04827114002054091 0.3209242618741977 0.0013693940431359123 0.0010269576379974327
0 0.04655939746662102 0.3214377406931964 0.0020540910647038686 0.0025673940949935813
0 0.4762067785005135 0.32053915275994865 0.0027387880862718246 0.0012836970474967907
0 0.1419034577199589 0.32105263157894737 0.0017117425539198905 0.0023106546854942235
0 0.11520027387880863 0.3201540436456996 0.00034234851078397807 0.0005134788189987163
0 0.06282095172885999 0.320795892169448 0.002396439575487847 0.001797175866495507
0 0.04382060938034919 0.3201540436456996 0.0006846970215679561 0.0005134788189987163
0 0.04039712427250942 0.3206675224646983 0.0013693940431359123 0.0015404364569961489
0 0.19856213625470728 0.32028241335044927 0.0020540910647038686 0.0012836970474967907
0 0.11776788770968846 0.32002567394094994 0.0006846970215679561 0.0007702182284980744
0 0.059568640876412185 0.320410783055199 0.0020540910647038686 0.0015404364569961489
0 0.017117425539198903 0.3198973042362003 0.0006846970215679561 0.0005134788189987163
0 0.6306059568640876 0.31976893453145055 0.0027387880862718246 0.0007702182284980744
0 0.6237589866484081 0.3198973042362003 0.0013693940431359123 0.0010269576379974327
0 0.19257103731598768 0.31976893453145055 0.0010270455323519343 0.0007702182284980744
0 0.18692228688805204 0.3196405648267009 0.0006846970215679561 0.0005134788189987163
0 0.1795617939061965 0.3196405648267009 0.0010270455323519343 0.0005134788189987163
0 0.02909962341663814 0.3196405648267009 0.0013693940431359123 0.0005134788189987163
0 0.011297500855871277 0.31976893453145055 0.0013693940431359123 0.0007702182284980744
0 0.13847997261211914 0.31976893453145055 0.002396439575487847 0.0012836970474967907
0 0.12273194111605615 0.31938382541720156 0.00034234851078397807 0.0005134788189987163
0 0.09756932557343376 0.31938382541720156 0.0006846970215679561 0.0005134788189987163
0 0.04707292023279699 0.3195121951219512 0.0010270455323519343 0.0007702182284980744
0 0.08541595344060253 0.3191270860077022 0.0010270455323519343 0.0005134788189987163
0 0.4830537487161931 0.3195121951219512 0.0013693940431359123 0.001797175866495507
0 0.08028072577884286 0.32182284980744547 0.005135227661759671 0.006418485237483954
0 0.19548099965765148 0.31861360718870346 0.0006846970215679561 0.0005134788189987163
0 0.15987675453611777 0.31861360718870346 0.0006846970215679561 0.0005134788189987163
0 0.14429989729544676 0.3191270860077022 0.0030811365970558027 0.0015404364569961489
0 0.0641903457719959 0.3184852374839538 0.00034234851078397807 0.00025673940949935817
0 0.0563163300239644 0.3196405648267009 0.0017117425539198905 0.0025673940949935813
0 0.00034234851078397807 0.3187419768934531 0.0006846970215679561 0.0007702182284980744
0 0.6268401232454639 0.3191270860077022 0.0013693940431359123 0.0020539152759948653
0 0.624957206436152 0.31835686777920413 0.0010270455323519343 0.0005134788189987163
0 0.04484765491270113 0.3182284980744544 0.0006846970215679561 0.00025673940949935817
0 0.009414584046559397 0.31861360718870346 0.0010270455323519343 0.0010269576379974327
0 0.48836015063334476 0.31925545571245184 0.003765833618623759 0.0028241335044929395
0 0.17425539198904486 0.3179717586649551 0.0006846970215679561 0.00025673940949935817
0 0.1157137966449846 0.3179717586649551 0.0006846970215679561 0.00025673940949935817
0 0.09311879493324204 0.3182284980744544 0.0013693940431359123 0.0007702182284980744
0 0.49315302978432046 0.31835686777920413 0.0017117425539198905 0.0015404364569961489
0 0.0688120506675796 0.3195121951219512 0.004792879150975694 0.0038510911424903724
0 0.02208147894556659 0.3182284980744544 0.0030811365970558027 0.0012836970474967907
0 0.004621704895583704 0.3179717586649551 0.00034234851078397807 0.0007702182284980744
0 0.11982197877439234 0.31745827984595637 0.0006846970215679561 0.00025673940949935817
0 0.06076686066415611 0.31835686777920413 0.003765833618623759 0.0020539152759948653
0 0.0022252653200958575 0.31745827984595637 0.00034234851078397807 0.00025673940949935817
0 0.41817870592262923 0.3177150192554557 0.0017117425539198905 0.0012836970474967907
0 0.19291338582677164 0.3177150192554557 0.0017117425539198905 0.0012836970474967907
0 0.6295789113317357 0.317201540436457 0.0013693940431359123 0.0007702182284980744
0 0.054604587470044506 0.3170731707317073 0.00034234851078397807 0.0005134788189987163
0 0.026018486819582336 0.317201540436457 0.0013693940431359123 0.0007702182284980744
0 0.007874015748031496 0.31732991014120665 0.0013693940431359123 0.0010269576379974327
0 0.15371448134200616 0.31668806161745827 0.0006846970215679561 0.00025673940949935817
0 0.08250599109893872 0.31694480102695766 0.0006846970215679561 0.0007702182284980744
0 0.49811708319068815 0.31643132220795894 0.0006846970215679561 0.00025673940949935817
0 0.42108866826429303 0.3165596919127086 0.0006846970215679561 0.0005134788189987163
0 0.1768230058199247 0.31668806161745827 0.0010270455323519343 0.0007702182284980744
0 0.1502909962341664 0.3165596919127086 0.0006846970215679561 0.0005134788189987163
0 0.1280383430332078 0.31617458279845956 0.0020540910647038686 0.0007702182284980744
0 0.09260527216706607 0.31617458279845956 0.0017117425539198905 0.0007702182284980744
0 0.02019856213625471 0.3160462130937099 0.0006846970215679561 0.0005134788189987163
0 0.18212940773707634 0.3160462130937099 0.0020540910647038686 0.0010269576379974327
0 0.17562478603218076 0.31566110397946084 0.0006846970215679561 0.00025673940949935817
0 0.09500171174255392 0.31566110397946084 0.00034234851078397807 0.00025673940949935817
0 0.05922629236562821 0.3163029525032092 0.004108182129407737 0.0015404364569961489
0 0.05357754193769257 0.31617458279845956 0.0010270455323519343 0.0012836970474967907
0 0.04091064703868538 0.31591784338896023 0.0010270455323519343 0.0007702182284980744
0 0.2095172885997946 0.31617458279845956 0.0020540910647038686 0.001797175866495507
0 0.08849709003765834 0.3154043645699615 0.00034234851078397807 0.00025673940949935817
0 0.08541595344060253 0.31668806161745827 0.004450530640191715 0.0028241335044929395
0 0.046388223211229034 0.3157894736842105 0.0010270455323519343 0.0010269576379974327
0 0.03646011639849367 0.3155327342747112 0.0010270455323519343 0.0005134788189987163
0 0.17083190688120506 0.3155327342747112 0.0006846970215679561 0.0010269576379974327
0 0.10201985621362547 0.31591784338896023 0.0013693940431359123 0.001797175866495507
0 0.003423485107839781 0.3152759948652118 0.0006846970215679561 0.0005134788189987163
0 0.18675111263266006 0.31514762516046213 0.0010270455323519343 0.0007702182284980744
0 0.4156110920917494 0.3152759948652118 0.0013693940431359123 0.0015404364569961489
0 0.1923998630605957 0.3152759948652118 0.0020540910647038686 0.0015404364569961489
0 0.19599452242382745 0.3152759948652118 0.002396439575487847 0.0020539152759948653
0 0.059568640876412185 0.31450577663671375 0.0006846970215679561 0.0005134788189987163
0 0.08404655939746662 0.31514762516046213 0.0010270455323519343 0.0023106546854942235
0 0.05049640534063677 0.3141206675224647 0.00034234851078397807 0.00025673940949935817
0 0.20215679561793906 0.31437740693196403 0.0010270455323519343 0.0012836970474967907
0 0.0734337555631633 0.31399229781771504 0.0010270455323519343 0.0005134788189987163
0 0.04981170831906881 0.3138639281129653 0.00034234851078397807 0.00025673940949935817
0 0.021225607668606643 0.3141206675224647 0.0006846970215679561 0.0007702182284980744
0 0.4967476891475522 0.31373555840821565 0.0013693940431359123 0.0005134788189987163
0 0.07548784662786717 0.31694480102695766 0.009928106812735364 0.00693196405648267
0 0.002909962341663814 0.31373555840821565 0.00034234851078397807 0.0005134788189987163
0 0.05237932214994865 0.3134788189987163 0.0006846970215679561 0.0005134788189987163
0 0.1484080794248545 0.3130937098844673 0.00034234851078397807 0.00025673940949935817
0 0.09346114344402602 0.31322207958921694 0.0006846970215679561 0.0005134788189987163
0 0.06761383087983568 0.31373555840821565 0.0030811365970558027 0.0015404364569961489
0 0.040739472783293394 0.31399229781771504 0.0013693940431359123 0.0020539152759948653
0 0.004792879150975694 0.3130937098844673 0.0006846970215679561 0.00025673940949935817
0 0.19548099965765148 0.3133504492939666 0.004108182129407737 0.0012836970474967907
0 0.04382060938034919 0.3130937098844673 0.0027387880862718246 0.0007702182284980744
0 0.19907565902088326 0.3133504492939666 0.002396439575487847 0.001797175866495507
0 0.08918178705922629 0.3124518613607189 0.0010270455323519343 0.0005134788189987163
0 0.022252653200958577 0.3124518613607189 0.0006846970215679561 0.0005134788189987163
0 0.007018144471071551 0.31258023106546856 0.0010270455323519343 0.0007702182284980744
0 0.09893871961656966 0.3121951219512195 0.0006846970215679561 0.0005134788189987163
0 0.04775761725436494 0.3130937098844673 0.0010270455323519343 0.0023106546854942235
0 0.1841834988017802 0.3119383825417201 0.0006846970215679561 0.0005134788189987163
0 0.07891133173570695 0.3121951219512195 0.0010270455323519343 0.0010269576379974327
0 0.07309140705237932 0.3121951219512195 0.0017117425539198905 0.0010269576379974327
0 0.056487504279356386 0.3123234916559692 0.0013693940431359123 0.0012836970474967907
0 0.18966107497432386 0.3123234916559692 0.0013693940431359123 0.001797175866495507
0 0.19582334816843547 0.3116816431322208 0.0020540910647038686 0.0010269576379974327
0 0.06949674768914756 0.3114249037227214 0.0006846970215679561 0.0005134788189987163
0 0.029613146182814104 0.3114249037227214 0.00034234851078397807 0.0005134788189987163
0 0.004621704895583704 0.31181001283697046 0.0010270455323519343 0.0012836970474967907
0 0.05237932214994865 0.3111681643132221 0.0006846970215679561 0.0005134788189987163
0 0.041595344060253336 0.3111681643132221 0.0010270455323519343 0.0005134788189987163
0 0.07719958918178706 0.3111681643132221 0.0010270455323519343 0.0010269576379974327
0 0.19291338582677164 0.3110397946084724 0.002396439575487847 0.0023106546854942235
0 0.17716535433070865 0.310397946084724 0.00034234851078397807 0.0010269576379974327
0 0.08969530982540226 0.31014120667522466 0.0006846970215679561 0.0005134788189987163
0 0.07959602875727491 0.3102695763799743 0.0017117425539198905 0.0007702182284980744
0 0.07001027045532351 0.310012836970475 0.00034234851078397807 0.00025673940949935817
0 0.04861348853132489 0.31014120667522466 0.0006846970215679561 0.0005134788189987163
0 0.025676138308798356 0.31065468549422337 0.0027387880862718246 0.0015404364569961489
0 0.187264635398836 0.310397946084724 0.003423485107839781 0.0015404364569961489
0 0.08233481684354672 0.3110397946084724 0.002396439575487847 0.0028241335044929395
0 0.034234851078397806 0.30988446726572527 0.0006846970215679561 0.0005134788189987163
0 0.2064361520027388 0.3111681643132221 0.003423485107839781 0.003594351732991014
0 0.1751112632660048 0.30937098844672656 0.0010270455323519343 0.0005134788189987163
0 0.07719958918178706 0.3092426187419769 0.0010270455323519343 0.00025673940949935817
0 0.008216364258815475 0.30937098844672656 0.0013693940431359123 0.0010269576379974327
0 0.2095172885997946 0.3092426187419769 0.0006846970215679561 0.0012836970474967907
0 0.040054775761725434 0.3089858793324775 0.0006846970215679561 0.0007702182284980744
0 0.0018829168093118796 0.30885750962772784 0.0010270455323519343 0.0005134788189987163
0 0.01797329681615885 0.3086007702182285 0.0010270455323519343 0.0005134788189987163
0 0.00034234851078397807 0.3084724005134788 0.0006846970215679561 0.00025673940949935817
0 0.011811023622047244 0.30821566110397947 0.00034234851078397807 0.00025673940949935817
0 0.6175967134542965 0.30821566110397947 0.0006846970215679561 0.0007702182284980744
0 0.17887709688462855 0.3079589216944801 0.00034234851078397807 0.00025673940949935817
0 0.06179390619650805 0.30821566110397947 0.0017117425539198905 0.0007702182284980744
0 0.05443341321465252 0.3087291399229782 0.0006846970215679561 0.001797175866495507
0 0.04775761725436494 0.30834403080872913 0.0010270455323519343 0.0010269576379974327
0 0.02841492639507018 0.3084724005134788 0.0020540910647038686 0.0012836970474967907
0 0.6288942143101678 0.3078305519897304 0.0006846970215679561 0.0005134788189987163
0 0.2081478945566587 0.3079589216944801 0.0006846970215679561 0.0007702182284980744
0 0.20421088668264292 0.30821566110397947 0.0030811365970558027 0.0012836970474967907
0 0.124957206436152 0.3080872913992298 0.0013693940431359123 0.0010269576379974327
0 0.05819924683327628 0.3080872913992298 0.0020540910647038686 0.0010269576379974327
0 0.008729887024991442 0.3079589216944801 0.0010270455323519343 0.0007702182284980744
0 0.1970215679561794 0.3084724005134788 0.005135227661759671 0.0023106546854942235
0 0.0922629236562821 0.3080872913992298 0.002396439575487847 0.0015404364569961489
0 0.18760698390962 0.30744544287548137 0.0013693940431359123 0.0007702182284980744
0 0.18401232454638822 0.30821566110397947 0.0017117425539198905 0.0023106546854942235
0 0.026360835330366313 0.30770218228498075 0.0013693940431359123 0.0012836970474967907
0 0.08028072577884286 0.30744544287548137 0.0010270455323519343 0.0012836970474967907
0 0.0751454981170832 0.3073170731707317 0.0010270455323519343 0.0010269576379974327
0 0.6146867511126327 0.3070603337612324 0.0010270455323519343 0.0010269576379974327
0 0.20284149263950702 0.3066752246469833 0.00034234851078397807 0.00025673940949935817
0 0.03954125299554947 0.30693196405648265 0.0010270455323519343 0.0007702182284980744
0 0.2095172885997946 0.30654685494223366 0.0006846970215679561 0.0005134788189987163
0 0.05528928449161246 0.3066752246469833 0.0017117425539198905 0.0007702182284980744
0 0.035090722355357755 0.30654685494223366 0.0010270455323519343 0.0005134788189987163
0 0.029784320438206092 0.30641848523748394 0.0006846970215679561 0.00025673940949935817
0 0.6360835330366313 0.3061617458279846 0.0006846970215679561 0.00025673940949935817
0 0.2016432728517631 0.3062901155327343 0.0006846970215679561 0.0005134788189987163
0 0.12307428962684012 0.3062901155327343 0.00034234851078397807 0.0005134788189987163
0 0.04758644299897295 0.3062901155327343 0.0006846970215679561 0.0005134788189987163
0 0.028243752139678193 0.306803594351733 0.0017117425539198905 0.0015404364569961489
0 0.20506675795960289 0.3062901155327343 0.0006846970215679561 0.0010269576379974327
0 0.08507360492981855 0.306803594351733 0.002396439575487847 0.0020539152759948653
0 0.0015405682985279014 0.3061617458279846 0.0017117425539198905 0.0007702182284980744
0 0.6237589866484081 0.3060333761232349 0.0013693940431359123 0.0010269576379974327
0 0.17921944539541254 0.3059050064184852 0.0010270455323519343 0.0007702182284980744
0 0.17442656624443684 0.30641848523748394 0.0010270455323519343 0.001797175866495507
0 0.09928106812735364 0.3061617458279846 0.0013693940431359123 0.0012836970474967907
0 0.07103731598767546 0.30577663671373556 0.0010270455323519343 0.0005134788189987163
0 0.19496747689147553 0.30577663671373556 0.0010270455323519343 0.0010269576379974327
0 0.19051694625128382 0.3066752246469833 0.004450530640191715 0.0028241335044929395
0 0.09055118110236221 0.3059050064184852 0.002396439575487847 0.0012836970474967907
0 0.06932557343375556 0.3056482670089859 0.00034234851078397807 0.0007702182284980744
0 0.05015405682985279 0.30577663671373556 0.0010270455323519343 0.0010269576379974327
0 0.01454981170831907 0.30577663671373556 0.0010270455323519343 0.0010269576379974327
0 0.19428277986990758 0.3051347881899872 0.00034234851078397807 0.00025673940949935817
0 0.18195823348168436 0.30577663671373556 0.0030811365970558027 0.0015404364569961489
0 0.006846970215679562 0.3051347881899872 0.0006846970215679561 0.00025673940949935817
0 0.022252653200958577 0.3059050064184852 0.0020540910647038686 0.0023106546854942235
0 0.05426223895926053 0.30462130937098847 0.00034234851078397807 0.00025673940949935817
0 0.01078397808969531 0.3055198973042362 0.0030811365970558027 0.0020539152759948653
0 0.06949674768914756 0.3042362002567394 0.0006846970215679561 0.0005134788189987163
0 0.16894899007189318 0.30397946084724004 0.0010270455323519343 0.0005134788189987163
0 0.1264977747346799 0.30449293966623875 0.0017117425539198905 0.0015404364569961489
0 0.09808284833960973 0.30385109114249037 0.00034234851078397807 0.00025673940949935817
0 0.07856898322492298 0.3043645699614891 0.0010270455323519343 0.0012836970474967907
0 0.05802807257788429 0.30385109114249037 0.00034234851078397807 0.00025673940949935817
0 0.19821978774392332 0.3043645699614891 0.003423485107839781 0.001797175866495507
0 0.12016432728517631 0.30385109114249037 0.0006846970215679561 0.0007702182284980744
0 0.08883943854844231 0.30397946084724004 0.0017117425539198905 0.0010269576379974327
0 0.024306744265662445 0.3037227214377407 0.0006846970215679561 0.0005134788189987163
0 0.20421088668264292 0.3042362002567394 0.005135227661759671 0.0020539152759948653
0 0.2045532351934269 0.30308087291399227 0.00034234851078397807 0.00025673940949935817
0 0.1999315302978432 0.30308087291399227 0.0006846970215679561 0.00025673940949935817
0 0.003937007874015748 0.30385109114249037 0.002396439575487847 0.001797175866495507
0 0.6288942143101678 0.3037227214377407 0.004108182129407737 0.0020539152759948653
0 0.1732283464566929 0.30359435173299104 0.0013693940431359123 0.001797175866495507
0 0.0655597398151318 0.30282413350449294 0.00034234851078397807 0.00025673940949935817
0 0.03183841150290996 0.303209242618742 0.0006846970215679561 0.0010269576379974327
0 0.028072577884286205 0.3029525032092426 0.0013693940431359123 0.0005134788189987163
0 0.01780212256076686 0.30308087291399227 0.0013693940431359123 0.0007702182284980744
0 0.18007531667237248 0.30308087291399227 0.003423485107839781 0.0012836970474967907
0 0.08473125641903458 0.3034659820282413 0.002396439575487847 0.0020539152759948653
0 0.006846970215679562 0.3029525032092426 0.0013693940431359123 0.0010269576379974327
0 0.18709346114344402 0.30385109114249037 0.0030811365970558027 0.003337612323491656
0 0.13060595686408763 0.3024390243902439 0.00034234851078397807 0.0005134788189987163
0 0.009585758301951387 0.30282413350449294 0.0013693940431359123 0.0012836970474967907
0 0.015748031496062992 0.3024390243902439 0.0013693940431359123 0.0010269576379974327
0 0.21465251626155427 0.30218228498074456 0.0020540910647038686 0.0010269576379974327
0 0.02533378979801438 0.30231065468549423 0.0006846970215679561 0.0012836970474967907
0 0.013009243409791168 0.3024390243902439 0.0013693940431359123 0.0015404364569961489
0 0.1704895583704211 0.30166880616174585 0.0006846970215679561 0.0005134788189987163
0 0.6292365628209518 0.30141206675224647 0.0006846970215679561 0.0005134788189987163
0 0.5801095515234509 0.3012836970474968 0.00034234851078397807 0.00025673940949935817
0 0.5364601163984937 0.30154043645699613 0.0013693940431359123 0.0007702182284980744
0 0.20284149263950702 0.3012836970474968 0.00034234851078397807 0.00025673940949935817
0 0.19804861348853134 0.3017971758664955 0.0017117425539198905 0.0012836970474967907
0 0.5395412529955494 0.30115532734274714 0.0006846970215679561 0.0005134788189987163
0 0.1282095172885998 0.3010269576379974 0.00034234851078397807 0.00025673940949935817
0 0.0030811365970558027 0.30154043645699613 0.0027387880862718246 0.0012836970474967907
0 0.16792194453954126 0.3010269576379974 0.0010270455323519343 0.0007702182284980744
0 0.11708319068812051 0.3012836970474968 0.0013693940431359123 0.0012836970474967907
0 0.6271824717562479 0.3012836970474968 0.0013693940431359123 0.001797175866495507
0 0.5237932214994865 0.3006418485237484 0.0006846970215679561 0.0005134788189987163
0 0.1345429647381034 0.3006418485237484 0.0006846970215679561 0.0005134788189987163
0 0.0234508729887025 0.30089858793324775 0.0010270455323519343 0.0010269576379974327
0 0.01626155426223896 0.3006418485237484 0.00034234851078397807 0.0005134788189987163
0 0.20181444710715507 0.3005134788189987 0.0010270455323519343 0.0007702182284980744
0 0.19274221157137966 0.30231065468549423 0.006846970215679562 0.0043645699614890884
0 0.1732283464566929 0.30038510911424904 0.0006846970215679561 0.0005134788189987163
0 0.12084902430674427 0.3002567394094994 0.0006846970215679561 0.00025673940949935817
0 0.5424512153372133 0.3005134788189987 0.002396439575487847 0.0012836970474967907
0 0.12547072920232796 0.3 0.00034234851078397807 0.00025673940949935817
0 0.0066757959602875725 0.3006418485237484 0.002396439575487847 0.0015404364569961489
0 0.1764806573091407 0.30038510911424904 0.002396439575487847 0.0015404364569961489
0 0.013865114686751112 0.3 0.002396439575487847 0.0012836970474967907
0 0.009928106812735364 0.2998716302952503 0.0013693940431359123 0.0010269576379974327
0 0.6309483053748716 0.30038510911424904 0.004108182129407737 0.0025673940949935813
0 0.5378295104416296 0.2994865211810013 0.0013693940431359123 0.0007702182284980744
0 0.07942485450188291 0.2994865211810013 0.0013693940431359123 0.0007702182284980744
0 0.00034234851078397807 0.29961489088575094 0.0006846970215679561 0.0010269576379974327
0 0.19890448476549127 0.29922978177150195 0.0027387880862718246 0.0007702182284980744
0 0.1703183841150291 0.29961489088575094 0.002396439575487847 0.0015404364569961489
0 0.12119137281752825 0.29897304236200256 0.0006846970215679561 0.00025673940949935817
0 0.21191372817528245 0.3043645699614891 0.010955152345087298 0.011553273427471117
0 0.18983224922971584 0.3 0.002396439575487847 0.0028241335044929395
0 0.12427250941458405 0.29871630295250323 0.0006846970215679561 0.00025673940949935817
0 0.04501882916809312 0.29871630295250323 0.0010270455323519343 0.0007702182284980744
0 0.5429647381033893 0.2983311938382542 0.0006846970215679561 0.0005134788189987163
0 0.16757959602875727 0.29845956354300385 0.0017117425539198905 0.0007702182284980744
0 0.009585758301951387 0.2982028241335045 0.0006846970215679561 0.00025673940949935817
0 0.5855871276959945 0.29794608472400513 0.00034234851078397807 0.00025673940949935817
0 0.1751112632660048 0.2985879332477535 0.0017117425539198905 0.0015404364569961489
0 0.024649092776446422 0.2983311938382542 0.0013693940431359123 0.0010269576379974327
0 0.011639849366655255 0.2980744544287548 0.0006846970215679561 0.0005134788189987163
0 0.14002054091064703 0.2976893453145058 0.0006846970215679561 0.00025673940949935817
0 0.0655597398151318 0.29781771501925547 0.0010270455323519343 0.0005134788189987163
0 0.6163984936665525 0.30166880616174585 0.018829168093118794 0.008729139922978177
0 0.21054433413214652 0.29781771501925547 0.0013693940431359123 0.0010269576379974327
0 0.6083533036631291 0.29717586649550704 0.0013693940431359123 0.00025673940949935817
0 0.5893529613146182 0.2974326059050064 0.0010270455323519343 0.0007702182284980744
0 0.18606641561109208 0.29794608472400513 0.005135227661759671 0.001797175866495507
0 0.16330023964395754 0.2975609756097561 0.0020540910647038686 0.0010269576379974327
0 0.014720985963711058 0.29730423620025676 0.0013693940431359123 0.0005134788189987163
0 0.6191372817528243 0.29704749679075737 0.0010270455323519343 0.0005134788189987163
0 0.6047586442998973 0.29730423620025676 0.0017117425539198905 0.0010269576379974327
0 0.19000342348510785 0.29704749679075737 0.0006846970215679561 0.0005134788189987163
0 0.1374529270797672 0.2974326059050064 0.0017117425539198905 0.0012836970474967907
0 0.0813077713111948 0.29704749679075737 0.0010270455323519343 0.0010269576379974327
0 0.5960287572749059 0.29653401797175866 0.0006846970215679561 0.0005134788189987163
0 0.20883259157822665 0.29679075738125804 0.0006846970215679561 0.0010269576379974327
0 0.10869565217391304 0.29653401797175866 0.0010270455323519343 0.0005134788189987163
0 0.047415268743580964 0.29653401797175866 0.00034234851078397807 0.0005134788189987163
0 0.6131461828141047 0.296405648267009 0.0013693940431359123 0.0007702182284980744
0 0.16860664156110922 0.2966623876765083 0.004450530640191715 0.0012836970474967907
0 0.1377952755905512 0.2962772785622593 0.00034234851078397807 0.0005134788189987163
0 0.1342006162273194 0.2966623876765083 0.0020540910647038686 0.0012836970474967907
0 0.0641903457719959 0.2961489088575096 0.00034234851078397807 0.00025673940949935817
0 0.03029784320438206 0.2962772785622593 0.00034234851078397807 0.0005134788189987163
0 0.6003081136597056 0.29717586649550704 0.003765833618623759 0.0028241335044929395
0 0.19924683327627524 0.29653401797175866 0.0013693940431359123 0.0015404364569961489
0 0.14156110920917495 0.2958921694480103 0.00034234851078397807 0.00025673940949935817
0 0.027387880862718247 0.2961489088575096 0.0006846970215679561 0.0007702182284980744
0 0.5852447791852106 0.2966623876765083 0.0030811365970558027 0.0023106546854942235
0 0.1953098254022595 0.2956354300385109 0.00034234851078397807 0.00025673940949935817
0 0.6006504621704896 0.29550706033376123 0.00034234851078397807 0.0005134788189987163
0 0.33669976035604243 0.2957637997432606 0.0010270455323519343 0.0010269576379974327
0 0.18024649092776446 0.29730423620025676 0.005819924683327628 0.004107830551989731
0 0.18777815816501198 0.29550706033376123 0.002396439575487847 0.0010269576379974327
0 0.10544334132146525 0.2951219512195122 0.0006846970215679561 0.00025673940949935817
0 0.08096542280041082 0.29537869062901156 0.0010270455323519343 0.0007702182284980744
0 0.06282095172885999 0.2951219512195122 0.00034234851078397807 0.00025673940949935817
0 0.04193769257103731 0.2951219512195122 0.00034234851078397807 0.00025673940949935817
0 0.5967134542964738 0.2951219512195122 0.0006846970215679561 0.0007702182284980744
0 0.20215679561793906 0.2952503209242619 0.0017117425539198905 0.0010269576379974327
0 0.10201985621362547 0.2949935815147625 0.0013693940431359123 0.0005134788189987163
0 0.18230058199246832 0.29550706033376123 0.0030811365970558027 0.0020539152759948653
0 0.1218760698390962 0.29473684210526313 0.0006846970215679561 0.0005134788189987163
0 0.022252653200958577 0.2951219512195122 0.0020540910647038686 0.0012836970474967907
0 0.004964053406367682 0.29653401797175866 0.00718931872646354 0.004107830551989731
0 0.1295789113317357 0.2944801026957638 0.0010270455323519343 0.0005134788189987163
0 0.11040739472783294 0.29473684210526313 0.0017117425539198905 0.0010269576379974327
0 0.6006504621704896 0.29409499358151475 0.00034234851078397807 0.00025673940949935817
0 0.5878123930160903 0.2942233632862644 0.0013693940431359123 0.0005134788189987163
0 0.34560082163642586 0.2942233632862644 0.0010270455323519343 0.0005134788189987163
0 0.21311194796302635 0.2962772785622593 0.015405682985279013 0.004621309370988447
0 0.5932899691886341 0.2939666238767651 0.0013693940431359123 0.0005134788189987163
0 0.12290311537144813 0.2939666238767651 0.0006846970215679561 0.0005134788189987163
0 0.5900376583361863 0.29486521181001285 0.0017117425539198905 0.0028241335044929395
0 0.5581992468332763 0.29409499358151475 0.0030811365970558027 0.0012836970474967907
0 0.030640191715166038 0.2938382541720154 0.0017117425539198905 0.0007702182284980744
0 0.6037315987675453 0.29435173299101414 0.0017117425539198905 0.0023106546854942235
0 0.5850736049298185 0.2939666238767651 0.0020540910647038686 0.0015404364569961489
0 0.03474837384457378 0.2934531450577664 0.0010270455323519343 0.0005134788189987163
0 0.02909962341663814 0.2934531450577664 0.0006846970215679561 0.0005134788189987163
0 0.6083533036631291 0.29473684210526313 0.004108182129407737 0.003594351732991014
0 0.5614515576857241 0.2934531450577664 0.0013693940431359123 0.0010269576379974327
0 0.21140020540910648 0.2934531450577664 0.002396439575487847 0.0010269576379974327
0 0.18230058199246832 0.29358151476251604 0.0010270455323519343 0.0012836970474967907
0 0.10219103046901747 0.293196405648267 0.0010270455323519343 0.0005134788189987163
0 0.09825402259500171 0.2930680359435173 0.0006846970215679561 0.00025673940949935817
0 0.6119479630263608 0.2926829268292683 0.0010270455323519343 0.0005134788189987163
0 0.5965422800410818 0.2925545571245186 0.00034234851078397807 0.00025673940949935817
0 0.3390961999315303 0.29358151476251604 0.005135227661759671 0.0023106546854942235
0 0.3355015405682985 0.293196405648267 0.0020540910647038686 0.0015404364569961489
0 0.16826429305032523 0.2934531450577664 0.0017117425539198905 0.0020539152759948653
0 0.16312906538856556 0.2926829268292683 0.00034234851078397807 0.0005134788189987163
0 0.09637110578568983 0.29293966623876766 0.0010270455323519343 0.0010269576379974327
0 0.022595001711742554 0.29293966623876766 0.0013693940431359123 0.0010269576379974327
0 0.5749743238616912 0.2937098844672657 0.005135227661759671 0.0030808729139922978
0 0.18846285518657993 0.2930680359435173 0.0017117425539198905 0.001797175866495507
0 0.17117425539198905 0.29242618741976895 0.0013693940431359123 0.0005134788189987163
0 0.02704553235193427 0.29242618741976895 0.0006846970215679561 0.0005134788189987163
0 0.5920917494008902 0.2922978177150193 0.0010270455323519343 0.0007702182284980744
0 0.34902430674426566 0.2930680359435173 0.002396439575487847 0.0023106546854942235
0 0.009585758301951387 0.2925545571245186 0.0020540910647038686 0.0012836970474967907
0 0.10441629578911332 0.2920410783055199 0.0006846970215679561 0.0007702182284980744
0 0.5804519000342349 0.2944801026957638 0.005819924683327628 0.0061617458279845955
0 0.5587127695994523 0.2917843388960205 0.0013693940431359123 0.0007702182284980744
0 0.3527901403628894 0.2920410783055199 0.0030811365970558027 0.0012836970474967907
0 0.04313591235878124 0.29165596919127085 0.0006846970215679561 0.0005134788189987163
0 0.5874700445053064 0.29165596919127085 0.0013693940431359123 0.0010269576379974327
0 0.5715508387538514 0.2915275994865212 0.002396439575487847 0.0007702182284980744
0 0.04501882916809312 0.2915275994865212 0.0010270455323519343 0.0007702182284980744
0 0.6109209174940089 0.2912708600770218 0.0010270455323519343 0.0007702182284980744
0 0.5891817870592263 0.2912708600770218 0.0006846970215679561 0.0007702182284980744
0 0.5845600821636426 0.29114249037227213 0.0010270455323519343 0.0005134788189987163
0 0.5633344744950359 0.29101412066752247 0.0010270455323519343 0.0007702182284980744
0 0.16347141389934955 0.2912708600770218 0.0010270455323519343 0.0012836970474967907
0 0.02139678192399863 0.2908857509627728 0.0010270455323519343 0.0005134788189987163
0 0.6001369394043136 0.2906290115532734 0.0006846970215679561 0.0005134788189987163
0 0.5564875042793563 0.2906290115532734 0.0010270455323519343 0.0005134788189987163
0 0.18058883943854845 0.2913992297817715 0.0017117425539198905 0.0020539152759948653
0 0.1484080794248545 0.29050064184852376 0.00034234851078397807 0.00025673940949935817
0 0.0017117425539198905 0.2906290115532734 0.0006846970215679561 0.0005134788189987163
0 0.023622047244094488 0.2906290115532734 0.0006846970215679561 0.0010269576379974327
0 0.3500513522766176 0.28998716302952504 0.00034234851078397807 0.00025673940949935817
0 0.1502909962341664 0.2898587933247754 0.0006846970215679561 0.0005134788189987163
0 0.0421088668264293 0.28998716302952504 0.0006846970215679561 0.0007702182284980744
0 0.028072577884286205 0.28998716302952504 0.0013693940431359123 0.0007702182284980744
0 0.5859294762067785 0.289602053915276 0.0010270455323519343 0.0005134788189987163
0 0.5744608010955152 0.2901155327342747 0.0013693940431359123 0.0015404364569961489
0 0.004792879150975694 0.289602053915276 0.0006846970215679561 0.0005134788189987163
0 0.33926737418692227 0.2907573812580231 0.009585758301951387 0.003337612323491656
0 0.042622389592605274 0.28921694480102694 0.00034234851078397807 0.00025673940949935817
0 0.6011639849366656 0.2889602053915276 0.0006846970215679561 0.00025673940949935817
0 0.3545018829168093 0.28934531450577666 0.002396439575487847 0.0010269576379974327
0 0.17921944539541254 0.2889602053915276 0.00034234851078397807 0.00025673940949935817
0 0.011639849366655255 0.289602053915276 0.004108182129407737 0.0015404364569961489
0 0.15662444368366998 0.2890885750962773 0.0010270455323519343 0.0010269576379974327
0 0.5570010270455323 0.2888318356867779 0.0027387880862718246 0.0010269576379974327
0 0.3348168435467306 0.28857509627727856 0.0006846970215679561 0.0005134788189987163
0 0.1862375898664841 0.2889602053915276 0.004792879150975694 0.0012836970474967907
0 0.1453269428277987 0.28857509627727856 0.00034234851078397807 0.0005134788189987163
0 0.0017117425539198905 0.28857509627727856 0.0006846970215679561 0.0005134788189987163
0 0.6073262581307771 0.2888318356867779 0.0027387880862718246 0.0015404364569961489
0 0.16672372475179734 0.28857509627727856 0.0013693940431359123 0.0010269576379974327
0 0.5643615200273879 0.2879332477535302 0.00034234851078397807 0.00025673940949935817
0 0.015576857240671003 0.28934531450577666 0.003765833618623759 0.0030808729139922978
0 0.1983909619993153 0.2879332477535302 0.0010270455323519343 0.0007702182284980744
0 0.14344402601848683 0.28780487804878047 0.0006846970215679561 0.0005134788189987163
0 0.02516261554262239 0.2879332477535302 0.0010270455323519343 0.0007702182284980744
0 0.34628551865799384 0.28921694480102694 0.008558712769599451 0.0038510911424903724
0 0.5903800068469702 0.28754813863928114 0.0010270455323519343 0.0010269576379974327
0 0.5854159534406025 0.28729139922978175 0.0006846970215679561 0.0005134788189987163
0 0.10510099281068128 0.28729139922978175 0.0006846970215679561 0.0005134788189987163
0 0.012153372132831223 0.28729139922978175 0.0010270455323519343 0.0005134788189987163
0 0.5994522423827456 0.2871630295250321 0.0013693940431359123 0.0007702182284980744
0 0.00907223553577542 0.2871630295250321 0.0030811365970558027 0.0007702182284980744
0 0.3409791167408422 0.2870346598202824 0.0027387880862718246 0.0010269576379974327
0 0.09910989387196166 0.2866495507060334 0.00034234851078397807 0.00025673940949935817
0 0.5528928449161246 0.28754813863928114 0.0027387880862718246 0.0030808729139922978
0 0.3346456692913386 0.2865211810012837 0.0010270455323519343 0.0010269576379974327
0 0.18076001369394043 0.28690629011553276 0.0013693940431359123 0.001797175866495507
0 0.562992125984252 0.28613607188703466 0.0010270455323519343 0.0007702182284980744
0 0.5587127695994523 0.286007702182285 0.0027387880862718246 0.0010269576379974327
0 0.5546045874700445 0.2857509627727856 0.0013693940431359123 0.0005134788189987163
0 0.3498801780212256 0.2858793324775353 0.0020540910647038686 0.0007702182284980744
0 0.34491612461485793 0.2862644415917843 0.0017117425539198905 0.0015404364569961489
0 0.33361862375898665 0.28536585365853656 0.00034234851078397807 0.00025673940949935817
0 0.18692228688805204 0.2862644415917843 0.004108182129407737 0.0020539152759948653
0 0.5837042108866827 0.2852374839537869 0.0006846970215679561 0.0005134788189987163
0 0.5720643615200274 0.2852374839537869 0.0006846970215679561 0.0005134788189987163
0 0.5578568983224923 0.2852374839537869 0.0010270455323519343 0.0010269576379974327
0 0.33721328312221843 0.28639281129653404 0.003423485107839781 0.003337612323491656
0 0.16963368709346113 0.2858793324775353 0.005135227661759671 0.0023106546854942235
0 0.0124957206436152 0.28498074454428757 0.0010270455323519343 0.0005134788189987163
0 0.5619650804519001 0.28446726572528885 0.0010270455323519343 0.0005134788189987163
0 0.1966792194453954 0.28446726572528885 0.0010270455323519343 0.0005134788189987163
0 0.18247175624786033 0.28485237483953785 0.0013693940431359123 0.0012836970474967907
0 0.1704895583704211 0.28446726572528885 0.0020540910647038686 0.0010269576379974327
0 0.15525504964053408 0.28421052631578947 0.0010270455323519343 0.0005134788189987163
0 0.01437863745292708 0.2854942233632863 0.0020540910647038686 0.0030808729139922978
0 0.5888394385484423 0.2852374839537869 0.008216364258815475 0.0030808729139922978
0 0.19907565902088326 0.28510911424903723 0.002396439575487847 0.0028241335044929395
0 0.019171516603902775 0.28433889602053913 0.0020540910647038686 0.0012836970474967907
0 0.5682985279014037 0.2834403080872914 0.0013693940431359123 0.0010269576379974327
0 0.5645326942827799 0.28369704749679076 0.0013693940431359123 0.0015404364569961489
0 0.5599109893871962 0.2840821566110398 0.002396439575487847 0.0023106546854942235
0 0.15148921602191032 0.28318356867779204 0.00034234851078397807 0.0005134788189987163
0 0.0008558712769599452 0.2835686777920411 0.0017117425539198905 0.0012836970474967907
0 0.15867853474837385 0.2826700898587933 0.00034234851078397807 0.0005134788189987163
0 0.16792194453954126 0.28292682926829266 0.0017117425539198905 0.0015404364569961489
0 0.02516261554262239 0.28241335044929394 0.00034234851078397807 0.0005134788189987163
0 0.012324546388223211 0.2826700898587933 0.0020540910647038686 0.0010269576379974327
0 0.17271482369051694 0.282798459563543 0.0017117425539198905 0.001797175866495507
0 0.0061622731941116055 0.28510911424903723 0.007531667237247518 0.006418485237483954
0 0.578055460458747 0.28677792041078304 0.01266689489900719 0.010269576379974325
0 0.33841150290996236 0.28369704749679076 0.009928106812735364 0.004107830551989731
0 0.33224922971585075 0.2822849807445443 0.0010270455323519343 0.0012836970474967907
0 0.0020540910647038686 0.28177150192554556 0.0006846970215679561 0.00025673940949935817
0 0.5724067100308113 0.28177150192554556 0.0006846970215679561 0.0007702182284980744
0 0.5693255734337556 0.2816431322207959 0.0006846970215679561 0.0005134788189987163
0 0.5671003081136597 0.28177150192554556 0.0010270455323519343 0.0007702182284980744
0 0.1749400890106128 0.2866495507060334 0.01437863745292708 0.010526315789473684
0 0.044505306401917154 0.2816431322207959 0.0006846970215679561 0.0005134788189987163
0 0.17545361177678878 0.2813863928112965 0.0010270455323519343 0.0005134788189987163
0 0.1607326258130777 0.28125802310654685 0.00034234851078397807 0.00025673940949935817
0 0.34474495035946595 0.2811296534017972 0.0006846970215679561 0.0005134788189987163
0 0.16347141389934955 0.2811296534017972 0.0010270455323519343 0.0005134788189987163
0 0.031324888736733995 0.28151476251604624 0.0010270455323519343 0.0012836970474967907
0 0.00034234851078397807 0.2811296534017972 0.0006846970215679561 0.0005134788189987163
0 0.18332762752482026 0.2816431322207959 0.0010270455323519343 0.0020539152759948653
0 0.16963368709346113 0.2808729139922978 0.0017117425539198905 0.0010269576379974327
0 0.1670660732625813 0.2808729139922978 0.0013693940431359123 0.0010269576379974327
0 0.07326258130777132 0.28061617458279847 0.0006846970215679561 0.0005134788189987163
0 0.025676138308798356 0.28074454428754814 0.0006846970215679561 0.0007702182284980744
0 0.008558712769599451 0.28074454428754814 0.0006846970215679561 0.0007702182284980744
0 0.17168777815816502 0.28061617458279847 0.0010270455323519343 0.0010269576379974327
0 0.3423485107839781 0.2808729139922978 0.0027387880862718246 0.0020539152759948653
0 0.3382403286545704 0.2803594351732991 0.0020540910647038686 0.0010269576379974327
0 0.19821978774392332 0.27997432605905004 0.0006846970215679561 0.00025673940949935817
0 0.04142416980486135 0.2802310654685494 0.0006846970215679561 0.0007702182284980744
0 0.033207805546045875 0.28010269576379976 0.0006846970215679561 0.0005134788189987163
0 0.038000684697021565 0.27958921694480104 0.0006846970215679561 0.0005134788189987163
0 0.17716535433070865 0.2794608472400513 0.0010270455323519343 0.0007702182284980744
0 0.10818212940773708 0.2794608472400513 0.0006846970215679561 0.0007702182284980744
0 0.1656966792194454 0.279204107830552 0.0006846970215679561 0.0007702182284980744
0 0.5503252310852448 0.27881899871630295 0.0017117425539198905 0.0005134788189987163
0 0.3411502909962342 0.27907573812580233 0.0010270455323519343 0.0010269576379974327
0 0.4596028757274906 0.27830551989730423 0.0010270455323519343 0.0005134788189987163
0 0.17939061965080452 0.27830551989730423 0.0013693940431359123 0.0005134788189987163
0 0.1045874700445053 0.2786906290115533 0.0017117425539198905 0.0012836970474967907
0 0.024135570010270457 0.27830551989730423 0.00034234851078397807 0.0005134788189987163
0 0.018829168093118794 0.27830551989730423 0.0013693940431359123 0.0010269576379974327
0 0.18555289284491613 0.27830551989730423 0.0020540910647038686 0.0015404364569961489
0 0.1295789113317357 0.2779204107830552 0.0010270455323519343 0.0007702182284980744
0 0.03782951044162958 0.2780487804878049 0.0010270455323519343 0.0010269576379974327
0 0.010612803834303321 0.2780487804878049 0.0006846970215679561 0.0010269576379974327
0 0.007702841492639507 0.2780487804878049 0.002396439575487847 0.0015404364569961489
0 0.343717904827114 0.2772785622593068 0.0006846970215679561 0.0005134788189987163
0 0.1732283464566929 0.2784338896020539 0.0013693940431359123 0.0028241335044929395
0 0.16757959602875727 0.2777920410783055 0.0010270455323519343 0.0015404364569961489
0 0.15833618623758985 0.27740693196405647 0.0010270455323519343 0.0007702182284980744
0 0.45549469359808287 0.27740693196405647 0.0017117425539198905 0.0012836970474967907
0 0.023108524477918523 0.27689345314505776 0.00034234851078397807 0.00025673940949935817
0 0.0020540910647038686 0.2772785622593068 0.0020540910647038686 0.0010269576379974327
0 0.5037658336186237 0.27689345314505776 0.0010270455323519343 0.0007702182284980744
0 0.1047586442998973 0.2770218228498074 0.0013693940431359123 0.0010269576379974327
0 0.07891133173570695 0.27689345314505776 0.0010270455323519343 0.0007702182284980744
0 0.016603902773022938 0.2766367137355584 0.0010270455323519343 0.0007702182284980744
0 0.3394385484423143 0.2762516046213094 0.00034234851078397807 0.0005134788189987163
0 0.038000684697021565 0.2762516046213094 0.0013693940431359123 0.0010269576379974327
0 0.018829168093118794 0.27599486521181 0.0006846970215679561 0.0005134788189987163
0 0.19650804519000342 0.2758664955070603 0.0013693940431359123 0.0007702182284980744
0 0.026018486819582336 0.27573812580231066 0.0006846970215679561 0.0005134788189987163
0 0.3849709003765834 0.2765083440308087 0.003765833618623759 0.0025673940949935813
0 0.18349880178021225 0.2758664955070603 0.0020540910647038686 0.0012836970474967907
0 0.10732625813077713 0.2753530166880616 0.00034234851078397807 0.00025673940949935817
0 0.08387538514207463 0.2753530166880616 0.0006846970215679561 0.00025673940949935817
0 0.02858610065046217 0.2754813863928113 0.0010270455323519343 0.0005134788189987163
0 0.02156795617939062 0.2754813863928113 0.0013693940431359123 0.0005134788189987163
0 0.468846285518658 0.2750962772785623 0.00034234851078397807 0.00025673940949935817
0 0.1295789113317357 0.2754813863928113 0.0010270455323519343 0.0010269576379974327
0 0.0013693940431359123 0.2753530166880616 0.0006846970215679561 0.0007702182284980744
0 0.4623416638137624 0.27522464698331195 0.0010270455323519343 0.0010269576379974327
0 0.343889079082506 0.2754813863928113 0.0030811365970558027 0.0015404364569961489
0 0.16655255049640533 0.27573812580231066 0.0017117425539198905 0.0020539152759948653
0 0.08096542280041082 0.27496790757381256 0.0010270455323519343 0.0005134788189987163
0 0.3390961999315303 0.27471116816431324 0.00034234851078397807 0.0005134788189987163
0 0.16193084560082163 0.2748395378690629 0.0013693940431359123 0.0012836970474967907
0 0.1266689489900719 0.2743260590500642 0.0006846970215679561 0.00025673940949935817
0 0.07240671003081137 0.2743260590500642 0.00034234851078397807 0.00025673940949935817
0 0.39575487846627866 0.2740693196405648 0.0006846970215679561 0.00025673940949935817
0 0.34833960972269773 0.2741976893453145 0.0010270455323519343 0.0005134788189987163
0 0.010955152345087298 0.2741976893453145 0.0006846970215679561 0.0005134788189987163
0 0.4669633687093461 0.2740693196405648 0.0006846970215679561 0.0007702182284980744
0 0.1766518315645327 0.27394094993581514 0.0006846970215679561 0.0005134788189987163
0 0.12273194111605615 0.27381258023106547 0.00034234851078397807 0.00025673940949935817
0 0.038171858952413554 0.27394094993581514 0.0010270455323519343 0.0005134788189987163
0 0.01985621362547073 0.2736842105263158 0.0006846970215679561 0.0005134788189987163
0 0.3450872988702499 0.27381258023106547 0.0020540910647038686 0.0012836970474967907
0 0.1749400890106128 0.2734274711168164 0.0006846970215679561 0.0005134788189987163
0 0.12564190345771997 0.27329910141206676 0.0006846970215679561 0.00025673940949935817
0 0.15867853474837385 0.2730423620025674 0.00034234851078397807 0.00025673940949935817
0 0.4032865457035262 0.2730423620025674 0.0013693940431359123 0.0007702182284980744
0 0.19770626497774735 0.27278562259306804 0.00034234851078397807 0.00025673940949935817
0 0.18007531667237248 0.27278562259306804 0.0006846970215679561 0.00025673940949935817
0 0.17083190688120506 0.2730423620025674 0.0013693940431359123 0.0007702182284980744
0 0.20027387880862718 0.2730423620025674 0.0013693940431359123 0.0012836970474967907
0 0.1956521739130435 0.2729139922978177 0.0010270455323519343 0.0010269576379974327
0 0.4099623416638138 0.27227214377406933 0.00034234851078397807 0.00025673940949935817
0 0.07600136939404313 0.27227214377406933 0.0006846970215679561 0.00025673940949935817
0 0.34697021567956177 0.27252888318356866 0.0010270455323519343 0.0012836970474967907
0 0.2047244094488189 0.27227214377406933 0.0013693940431359123 0.0007702182284980744
0 0.1858952413557001 0.27381258023106547 0.0027387880862718246 0.0038510911424903724
0 0.1453269428277987 0.27227214377406933 0.0010270455323519343 0.0007702182284980744
0 0.04946935980828483 0.27214377406931967 0.0010270455323519343 0.0005134788189987163
0 0.47175624786032183 0.2718870346598203 0.0006846970215679561 0.0005134788189987163
0 0.3402944197192742 0.27252888318356866 0.0020540910647038686 0.0028241335044929395
0 0.19154399178363574 0.2712451861360719 0.00034234851078397807 0.00025673940949935817
0 0.4796302636083533 0.2711168164313222 0.0006846970215679561 0.0005134788189987163
0 0.18914755220814788 0.2712451861360719 0.0010270455323519343 0.0007702182284980744
0 0.17168777815816502 0.2709884467265725 0.00034234851078397807 0.00025673940949935817
0 0.15508387538514207 0.27137355584082157 0.0027387880862718246 0.0010269576379974327
0 0.09089352961314619 0.2709884467265725 0.00034234851078397807 0.00025673940949935817
0 0.49058541595344063 0.2707317073170732 0.0006846970215679561 0.0007702182284980744
0 0.4149263950701814 0.2707317073170732 0.0020540910647038686 0.0007702182284980744
0 0.0018829168093118796 0.2707317073170732 0.0017117425539198905 0.0007702182284980744
0 0.023622047244094488 0.2702182284980745 0.0006846970215679561 0.00025673940949935817
0 0.20592262923656282 0.27008985879332476 0.0010270455323519343 0.0005134788189987163
0 0.20130092434097913 0.27060333761232347 0.004108182129407737 0.0015404364569961489
0 0.1935980828483396 0.2702182284980745 0.0010270455323519343 0.0007702182284980744
0 0.008729887024991442 0.27034659820282414 0.0017117425539198905 0.0010269576379974327
0 0.1966792194453954 0.2699614890885751 0.0010270455323519343 0.0007702182284980744
0 0.19496747689147553 0.26970474967907576 0.00034234851078397807 0.00025673940949935817
0 0.1812735364601164 0.27034659820282414 0.002396439575487847 0.0015404364569961489
0 0.37624101335159194 0.26957637997432604 0.0013693940431359123 0.0005134788189987163
0 0.16689489900718932 0.2699614890885751 0.0010270455323519343 0.0012836970474967907
0 0.1295789113317357 0.2694480102695764 0.00034234851078397807 0.00025673940949935817
0 0.040054775761725434 0.2694480102695764 0.0006846970215679561 0.00025673940949935817
0 0.016603902773022938 0.26957637997432604 0.0010270455323519343 0.0005134788189987163
0 0.013522766175967135 0.2694480102695764 0.00034234851078397807 0.00025673940949935817
0 0.3613488531324889 0.2694480102695764 0.0010270455323519343 0.0007702182284980744
0 0.13933584388907908 0.26919127086007705 0.0013693940431359123 0.0007702182284980744
0 0.13317357069496746 0.2690629011553273 0.0006846970215679561 0.0005134788189987163
0 0.36802464909277643 0.268806161745828 0.0006846970215679561 0.0005134788189987163
0 0.34953782951044166 0.2694480102695764 0.003423485107839781 0.001797175866495507
0 0.18521054433413214 0.2699614890885751 0.0027387880862718246 0.0028241335044929395
0 0.171858952413557 0.268806161745828 0.0006846970215679561 0.0005134788189987163
0 0.15063334474495035 0.268806161745828 0.0006846970215679561 0.0005134788189987163
0 0.514549811708319 0.26842105263157895 0.0020540910647038686 0.0007702182284980744
0 0.34423142759328995 0.2702182284980745 0.005135227661759671 0.0043645699614890884
0 0.22389592605272168 0.26842105263157895 0.0006846970215679561 0.0007702182284980744
0 0.022595001711742554 0.26816431322207956 0.0006846970215679561 0.0007702182284980744
0 0.5047928791509757 0.2680359435173299 0.0030811365970558027 0.0010269576379974327
0 0.48801780212256074 0.2680359435173299 0.0017117425539198905 0.0010269576379974327
0 0.343033207805546 0.2680359435173299 0.0020540910647038686 0.0010269576379974327
0 0.17973296816158849 0.2680359435173299 0.0020540910647038686 0.0010269576379974327
0 0.1626155426223896 0.26790757381258024 0.0006846970215679561 0.0007702182284980744
0 0.15833618623758985 0.2694480102695764 0.0030811365970558027 0.0043645699614890884
0 0.4400890106128038 0.26726572528883186 0.0010270455323519343 0.0005134788189987163
0 0.17545361177678878 0.26726572528883186 0.0010270455323519343 0.0005134788189987163
0 0.005306401917151661 0.26790757381258024 0.0010270455323519343 0.001797175866495507
0 0.18024649092776446 0.2668806161745828 0.00034234851078397807 0.00025673940949935817
0 0.3695652173913043 0.26675224646983314 0.00034234851078397807 0.0005134788189987163
0 0.019342690859294763 0.2666238767650834 0.00034234851078397807 0.00025673940949935817
0 0.012324546388223211 0.26675224646983314 0.0006846970215679561 0.0005134788189987163
0 0.500342348510784 0.26623876765083443 0.00034234851078397807 0.0005134788189987163
0 0.4328996918863403 0.2666238767650834 0.0017117425539198905 0.0012836970474967907
0 0.4296473810338925 0.2663671373555841 0.0020540910647038686 0.0007702182284980744
0 0.18760698390962 0.26777920410783057 0.006846970215679562 0.003594351732991014
0 0.15251626155426223 0.2661103979460847 0.00034234851078397807 0.00025673940949935817
0 0.018657993837726806 0.2661103979460847 0.00034234851078397807 0.00025673940949935817
0 0.1903457719958918 0.26598202824133504 0.0006846970215679561 0.0005134788189987163
0 0.5039370078740157 0.26598202824133504 0.0027387880862718246 0.0010269576379974327
0 0.36083533036631293 0.26700898587933247 0.004108182129407737 0.0030808729139922978
0 0.2095172885997946 0.2661103979460847 0.0006846970215679561 0.0012836970474967907
0 0.16501198219787744 0.26598202824133504 0.0006846970215679561 0.0010269576379974327
0 0.1499486477233824 0.2661103979460847 0.0020540910647038686 0.001797175866495507
0 0.14481342006162273 0.26598202824133504 0.0013693940431359123 0.0015404364569961489
0 0.1701472098596371 0.26534017971758667 0.0006846970215679561 0.0007702182284980744
0 0.43820609380349196 0.2649550706033376 0.0006846970215679561 0.0005134788189987163
0 0.13026360835330367 0.2649550706033376 0.0010270455323519343 0.0005134788189987163
0 0.3700787401574803 0.26482670089858795 0.0006846970215679561 0.0007702182284980744
0 0.1781923998630606 0.26521181001283695 0.002396439575487847 0.0015404364569961489
0 0.16193084560082163 0.265596919127086 0.0027387880862718246 0.0023106546854942235
0 0.36631290653885656 0.2658536585365854 0.0027387880862718246 0.003337612323491656
0 0.3620335501540568 0.26431322207958924 0.0010270455323519343 0.0007702182284980744
0 0.20181444710715507 0.2641848523748395 0.0010270455323519343 0.0005134788189987163
0 0.16929133858267717 0.26405648267008985 0.00034234851078397807 0.00025673940949935817
0 0.1670660732625813 0.26456996148908857 0.0013693940431359123 0.0012836970474967907
0 0.4303320780554605 0.2637997432605905 0.0006846970215679561 0.00025673940949935817
0 0.2141389934953783 0.26405648267008985 0.0010270455323519343 0.0007702182284980744
0 0.15046217048955837 0.26431322207958924 0.0017117425539198905 0.0012836970474967907
0 0.43837726805888394 0.26354300385109114 0.00034234851078397807 0.00025673940949935817
0 0.4359808284833961 0.2637997432605905 0.0010270455323519343 0.0007702182284980744
0 0.36648408079424855 0.2636713735558408 0.0010270455323519343 0.0005134788189987163
0 0.359123587812393 0.26405648267008985 0.003423485107839781 0.0012836970474967907
0 0.010441629578911331 0.26405648267008985 0.0010270455323519343 0.0012836970474967907
0 0.4544676480657309 0.2632862644415918 0.00034234851078397807 0.00025673940949935817
0 0.4455665867853475 0.2634146341463415 0.0010270455323519343 0.0005134788189987163
0 0.4409448818897638 0.2636713735558408 0.0020540910647038686 0.0010269576379974327
0 0.1419034577199589 0.2634146341463415 0.00034234851078397807 0.0005134788189987163
0 0.4796302636083533 0.2631578947368421 0.0006846970215679561 0.0005134788189987163
0 0.17134542964738103 0.2631578947368421 0.00034234851078397807 0.0005134788189987163
0 0.20198562136254708 0.2631578947368421 0.0013693940431359123 0.0010269576379974327
0 0.1937692571037316 0.26290115532734276 0.0006846970215679561 0.0005134788189987163
0 0.17733652858610066 0.2631578947368421 0.0006846970215679561 0.0010269576379974327
0 0.014036288942143102 0.26277278562259304 0.0006846970215679561 0.00025673940949935817
0 0.00017117425539198904 0.26290115532734276 0.00034234851078397807 0.0005134788189987163
0 0.4967476891475522 0.2625160462130937 0.0006846970215679561 0.00025673940949935817
0 0.1906881205066758 0.26277278562259304 0.0006846970215679561 0.0007702182284980744
0 0.3700787401574803 0.26290115532734276 0.0020540910647038686 0.0015404364569961489
0 0.15748031496062992 0.2639281129653402 0.0027387880862718246 0.003594351732991014
0 0.1530297843204382 0.2625160462130937 0.0006846970215679561 0.0007702182284980744
0 0.12786716877781582 0.2625160462130937 0.0017117425539198905 0.0007702182284980744
0 0.12547072920232796 0.2626444159178434 0.0010270455323519343 0.0010269576379974327
0 0.5046217048955837 0.2622593068035943 0.0006846970215679561 0.0007702182284980744
0 0.218760698390962 0.2634146341463415 0.006846970215679562 0.0030808729139922978
0 0.008216364258815475 0.26238767650834405 0.0006846970215679561 0.0010269576379974327
0 0.004621704895583704 0.2632862644415918 0.0010270455323519343 0.0028241335044929395
0 0.0027387880862718246 0.26238767650834405 0.0006846970215679561 0.0010269576379974327
0 0.21499486477233823 0.26187419768934533 0.0006846970215679561 0.0005134788189987163
0 0.15063334474495035 0.2617458279845956 0.0006846970215679561 0.00025673940949935817
0 0.50085587127696 0.26213093709884466 0.0027387880862718246 0.0015404364569961489
0 0.17271482369051694 0.26187419768934533 0.0010270455323519343 0.0010269576379974327
0 0.13077713111947964 0.26277278562259304 0.004108182129407737 0.0028241335044929395
0 0.0124957206436152 0.2617458279845956 0.0010270455323519343 0.0007702182284980744
0 0.3627182471756248 0.262002567394095 0.0017117425539198905 0.001797175866495507
0 0.16484080794248546 0.2612323491655969 0.00034234851078397807 0.00025673940949935817
0 0.22697706264977746 0.2613607188703466 0.0006846970215679561 0.0010269576379974327
0 0.1939404313591236 0.26097560975609757 0.00034234851078397807 0.00025673940949935817
0 0.4544676480657309 0.26097560975609757 0.0017117425539198905 0.0007702182284980744
0 0.2220130092434098 0.26097560975609757 0.0010270455323519343 0.0007702182284980744
0 0.2078055460458747 0.2625160462130937 0.009585758301951387 0.0038510911424903724
0 0.19154399178363574 0.26110397946084724 0.0017117425539198905 0.0010269576379974327
0 0.1283806915439918 0.2607188703465982 0.0006846970215679561 0.00025673940949935817
0 0.4519000342348511 0.2608472400513479 0.0020540910647038686 0.0010269576379974327
0 0.36169120164327284 0.26046213093709886 0.00034234851078397807 0.00025673940949935817
0 0.17528243752139677 0.2608472400513479 0.0013693940431359123 0.0010269576379974327
0 0.4887024991441287 0.26110397946084724 0.0017117425539198905 0.0020539152759948653
0 0.20523793221499487 0.26046213093709886 0.00034234851078397807 0.0007702182284980744
0 0.20267031838411503 0.26046213093709886 0.0006846970215679561 0.0007702182284980744
0 0.18880520369736392 0.2605905006418485 0.002396439575487847 0.0010269576379974327
0 0.17836357411845258 0.2607188703465982 0.0013693940431359123 0.0012836970474967907
0 0.010441629578911331 0.2605905006418485 0.0010270455323519343 0.0010269576379974327
0 0.36768230058199247 0.2612323491655969 0.0027387880862718246 0.0028241335044929395
0 0.16963368709346113 0.26097560975609757 0.0017117425539198905 0.0023106546854942235
0 0.21824717562478604 0.2608472400513479 0.003765833618623759 0.0025673940949935813
0 0.16004792879150975 0.25994865211810014 0.0010270455323519343 0.0007702182284980744
0 0.1388223211229031 0.25994865211810014 0.0010270455323519343 0.0007702182284980744
0 0.006333447449503595 0.25994865211810014 0.0010270455323519343 0.0007702182284980744
0 0.18401232454638822 0.25917843388960204 0.00034234851078397807 0.00025673940949935817
0 0.13197535090722357 0.2598202824133504 0.0010270455323519343 0.0015404364569961489
0 0.01266689489900719 0.25969191270860076 0.0020540910647038686 0.0012836970474967907
0 0.46610749743238616 0.2589216944801027 0.00034234851078397807 0.00025673940949935817
0 0.46319753509072237 0.2590500641848524 0.0013693940431359123 0.0005134788189987163
0 0.45378295104416294 0.25917843388960204 0.0010270455323519343 0.0007702182284980744
0 0.22440944881889763 0.2595635430038511 0.0017117425539198905 0.0015404364569961489
0 0.4611434440260185 0.25866495507060333 0.0006846970215679561 0.00025673940949935817
0 0.23331051009928105 0.2590500641848524 0.0010270455323519343 0.0010269576379974327
0 0.2139678192399863 0.258793324775353 0.0006846970215679561 0.0005134788189987163
0 0.17596713454296473 0.258793324775353 0.0006846970215679561 0.0005134788189987163
0 0.4934953782951044 0.258408215661104 0.00034234851078397807 0.00025673940949935817
0 0.2360492981855529 0.2589216944801027 0.0030811365970558027 0.0012836970474967907
0 0.1294077370763437 0.25866495507060333 0.0013693940431359123 0.0007702182284980744
0 0.36323176994180073 0.2590500641848524 0.0013693940431359123 0.0020539152759948653
0 0.003252310852447792 0.25866495507060333 0.002396439575487847 0.0012836970474967907
0 0.484251968503937 0.2581514762516046 0.0017117425539198905 0.0007702182284980744
0 0.3671687778158165 0.258408215661104 0.0017117425539198905 0.0012836970474967907
0 0.19941800753166725 0.2600770218228498 0.005819924683327628 0.004621309370988447
0 0.16312906538856556 0.25802310654685495 0.0010270455323519343 0.0005134788189987163
0 0.2283464566929134 0.25802310654685495 0.003423485107839781 0.0010269576379974327
0 0.20660732625813077 0.25776636713735557 0.00034234851078397807 0.0005134788189987163
0 0.34919548099965764 0.25776636713735557 0.0013693940431359123 0.0010269576379974327
0 0.14019171516603904 0.25750962772785624 0.0010270455323519343 0.0005134788189987163
0 0.01420746319753509 0.2576379974326059 0.0010270455323519343 0.0007702182284980744
0 0.2252653200958576 0.25750962772785624 0.0020540910647038686 0.0010269576379974327
0 0.1579938377268059 0.2578947368421053 0.0010270455323519343 0.001797175866495507
0 0.13077713111947964 0.25725288831835685 0.0013693940431359123 0.0005134788189987163
0 0.4623416638137624 0.2568677792041078 0.00034234851078397807 0.00025673940949935817
0 0.156110920917494 0.2571245186136072 0.0006846970215679561 0.0007702182284980744
0 0.36785347483738445 0.2569961489088575 0.0010270455323519343 0.0010269576379974327
0 0.2091749400890106 0.2566110397946085 0.0006846970215679561 0.00025673940949935817
0 0.10338925025676138 0.25673940949935814 0.0006846970215679561 0.0005134788189987163
0 0.2404998288257446 0.2571245186136072 0.0030811365970558027 0.001797175866495507
0 0.22680588839438548 0.2566110397946085 0.0010270455323519343 0.0007702182284980744
0 0.20249914412872305 0.2576379974326059 0.0030811365970558027 0.0028241335044929395
0 0.12375898664840808 0.2563543003851091 0.00034234851078397807 0.00025673940949935817
0 0.024649092776446422 0.2566110397946085 0.0006846970215679561 0.0007702182284980744
0 0.004964053406367682 0.2564826700898588 0.0010270455323519343 0.0005134788189987163
0 0.00017117425539198904 0.2563543003851091 0.00034234851078397807 0.00025673940949935817
0 0.3527901403628894 0.2569961489088575 0.003765833618623759 0.0020539152759948653
0 0.3471413899349538 0.2571245186136072 0.0020540910647038686 0.0023106546854942235
0 0.2074631975350907 0.2562259306803594 0.0006846970215679561 0.0005134788189987163
0 0.16655255049640533 0.2563543003851091 0.0010270455323519343 0.0007702182284980744
0 0.011639849366655255 0.25609756097560976 0.0013693940431359123 0.0007702182284980744
0 0.22149948647723383 0.2559691912708601 0.004108182129407737 0.0015404364569961489
0 0.21157137966449846 0.25558408215661105 0.0006846970215679561 0.0007702182284980744
0 0.12923656282095172 0.2562259306803594 0.004450530640191715 0.0020539152759948653
0 0.1766518315645327 0.255198973042362 0.0013693940431359123 0.0005134788189987163
0 0.15200273878808626 0.2554557124518614 0.0013693940431359123 0.0010269576379974327
0 0.14036288942143102 0.2558408215661104 0.0020540910647038686 0.001797175866495507
0 0.2533378979801438 0.25532734274711166 0.003423485107839781 0.0012836970474967907
0 0.21619308456008215 0.2546854942233633 0.00034234851078397807 0.0005134788189987163
0 0.1701472098596371 0.2546854942233633 0.0006846970215679561 0.0005134788189987163
0 0.3584388907908251 0.25725288831835685 0.008216364258815475 0.0061617458279845955
0 0.3471413899349538 0.2546854942233633 0.0013693940431359123 0.0010269576379974327
0 0.23485107839780897 0.2559691912708601 0.007531667237247518 0.003594351732991014
0 0.16227319411160562 0.25430038510911424 0.0006846970215679561 0.00025673940949935817
0 0.15593974666210203 0.2546854942233633 0.0010270455323519343 0.0010269576379974327
0 0.24614857925368025 0.25430038510911424 0.0013693940431359123 0.0007702182284980744
0 0.17939061965080452 0.25417201540436457 0.0006846970215679561 0.0005134788189987163
0 0.16775077028414925 0.2545571245186136 0.0027387880862718246 0.0012836970474967907
0 0.13557001027045532 0.25776636713735557 0.0061622731941116055 0.007702182284980745
0 0.13094830537487162 0.2540436456996149 0.00034234851078397807 0.00025673940949935817
0 0.34269085929476206 0.2546854942233633 0.0013693940431359123 0.0020539152759948653
0 0.009585758301951387 0.2539152759948652 0.0006846970215679561 0.0005134788189987163
0 0.3312221841834988 0.2535301668806162 0.00034234851078397807 0.00025673940949935817
0 0.24392331393358438 0.25417201540436457 0.002396439575487847 0.0015404364569961489
0 0.17442656624443684 0.2540436456996149 0.0017117425539198905 0.0012836970474967907
0 0.12529955494693598 0.25365853658536586 0.0006846970215679561 0.0005134788189987163
0 0.004964053406367682 0.2535301668806162 0.0010270455323519343 0.00025673940949935817
0 0.3348168435467306 0.25365853658536586 0.0020540910647038686 0.0010269576379974327
0 0.23091407052379323 0.25481386392811295 0.005819924683327628 0.003337612323491656
0 0.22423827456350565 0.2540436456996149 0.0020540910647038686 0.001797175866495507
0 0.19257103731598768 0.25365853658536586 0.0010270455323519343 0.0010269576379974327
0 0.014036288942143102 0.2530166880616175 0.0006846970215679561 0.00025673940949935817
0 0.2266347141389935 0.25365853658536586 0.0013693940431359123 0.0020539152759948653
0 0.2172201300924341 0.25288831835686776 0.0010270455323519343 0.0005134788189987163
0 0.156282095172886 0.25288831835686776 0.0010270455323519343 0.0005134788189987163
0 0.33995207120849025 0.25314505776636714 0.0020540910647038686 0.0015404364569961489
0 0.15884970900376583 0.25263157894736843 0.0013693940431359123 0.0005134788189987163
0 0.35244779185210545 0.25237483953786904 0.0010270455323519343 0.0005134788189987163
0 0.17305717220130093 0.2522464698331194 0.00034234851078397807 0.00025673940949935817
0 0.3457719958918179 0.2522464698331194 0.0013693940431359123 0.0007702182284980744
0 0.24974323861691203 0.25340179717586647 0.004450530640191715 0.0030808729139922978
0 0.20061622731941117 0.2522464698331194 0.0013693940431359123 0.0007702182284980744
0 0.15251626155426223 0.25237483953786904 0.0017117425539198905 0.0010269576379974327
0 0.13847997261211914 0.2532734274711168 0.0017117425539198905 0.0028241335044929395
0 0.13368709346114344 0.25250320924261876 0.002396439575487847 0.0012836970474967907
0 0.3325915782266347 0.25198973042362005 0.002396439575487847 0.0007702182284980744
0 0.2357069496747689 0.25288831835686776 0.00718931872646354 0.0030808729139922978
0 0.19753509072235537 0.25173299101412067 0.0020540910647038686 0.0007702182284980744
0 0.09808284833960973 0.25147625160462134 0.00034234851078397807 0.00025673940949935817
0 0.1311194796302636 0.25147625160462134 0.0013693940431359123 0.0007702182284980744
0 0.016603902773022938 0.25121951219512195 0.00034234851078397807 0.00025673940949935817
0 0.3421773365285861 0.2513478818998716 0.0010270455323519343 0.0010269576379974327
0 0.22132831222184182 0.25186136071887033 0.002396439575487847 0.0020539152759948653
0 0.21653543307086615 0.25121951219512195 0.0017117425539198905 0.0007702182284980744
0 0.42006162273194114 0.2510911424903723 0.0006846970215679561 0.0010269576379974327
0 0.13574118452584732 0.25070603337612324 0.00034234851078397807 0.00025673940949935817
0 0.10201985621362547 0.2508344030808729 0.0013693940431359123 0.0005134788189987163
0 0.34953782951044166 0.251604621309371 0.0027387880862718246 0.0025673940949935813
0 0.23005819924683327 0.25096277278562257 0.0013693940431359123 0.0012836970474967907
0 0.22749058541595343 0.25070603337612324 0.0017117425539198905 0.0007702182284980744
0 0.22423827456350565 0.25070603337612324 0.0013693940431359123 0.0007702182284980744
0 0.21482369051694625 0.2505776636713736 0.0010270455323519343 0.0005134788189987163
0 0.16295789113317358 0.2505776636713736 0.0020540910647038686 0.0010269576379974327
0 0.33652858610065045 0.25044929396662385 0.0020540910647038686 0.0012836970474967907
0 0.2047244094488189 0.25044929396662385 0.0020540910647038686 0.0012836970474967907
0 0.21037315987675453 0.2496790757381258 0.00034234851078397807 0.00025673940949935817
0 0.12290311537144813 0.24993581514762517 0.0006846970215679561 0.0007702182284980744
0 0.19753509072235537 0.24955070603337612 0.0006846970215679561 0.0005134788189987163
0 0.010612803834303321 0.24942233632862645 0.0006846970215679561 0.00025673940949935817
0 0.34286203355015404 0.2496790757381258 0.002396439575487847 0.0012836970474967907
0 0.23673399520712085 0.24942233632862645 0.0010270455323519343 0.0007702182284980744
0 0.34970900376583364 0.24890885750962774 0.00034234851078397807 0.00025673940949935817
0 0.20044505306401916 0.2491655969191271 0.0010270455323519343 0.0007702182284980744
0 0.13334474495035947 0.2491655969191271 0.002396439575487847 0.0007702182284980744
0 0.09465936323176995 0.24890885750962774 0.00034234851078397807 0.00025673940949935817
0 0.3531324888736734 0.24878048780487805 0.00034234851078397807 0.0005134788189987163
0 0.24940089010612804 0.24890885750962774 0.0030811365970558027 0.0007702182284980744
0 0.22115713796644984 0.24865211810012838 0.0006846970215679561 0.00025673940949935817
0 0.002396439575487847 0.2490372272143774 0.0013693940431359123 0.0010269576379974327
0 0.33515919205751454 0.2490372272143774 0.0013693940431359123 0.0015404364569961489
0 0.21961656966792195 0.2485237483953787 0.0010270455323519343 0.0005134788189987163
0 0.23091407052379323 0.24826700898587933 0.00034234851078397807 0.0005134788189987163
0 0.22560766860664155 0.2490372272143774 0.005477576172543649 0.0020539152759948653
0 0.15833618623758985 0.2491655969191271 0.0017117425539198905 0.0023106546854942235
0 0.008216364258815475 0.24826700898587933 0.0006846970215679561 0.0005134788189987163
0 0.21653543307086615 0.248395378690629 0.0017117425539198905 0.0012836970474967907
0 0.2124272509414584 0.24788189987163028 0.0010270455323519343 0.0007702182284980744
0 0.24272509414584045 0.248395378690629 0.006846970215679562 0.0023106546854942235
0 0.1372817528243752 0.24801026957637998 0.0027387880862718246 0.0015404364569961489
0 0.34012324546388223 0.24775353016688062 0.002396439575487847 0.0020539152759948653
0 0.15713796644984596 0.24698331193838255 0.0006846970215679561 0.0005134788189987163
0 0.11947963026360835 0.24685494223363286 0.0006846970215679561 0.00025673940949935817
0 0.23005819924683327 0.24698331193838255 0.0013693940431359123 0.0010269576379974327
0 0.1607326258130777 0.24685494223363286 0.0010270455323519343 0.0007702182284980744
0 0.11468675111263266 0.2465982028241335 0.0006846970215679561 0.00025673940949935817
0 0.11006504621704896 0.24775353016688062 0.0030811365970558027 0.0025673940949935813
0 0.3375556316330024 0.2471116816431322 0.003423485107839781 0.001797175866495507
0 0.1311194796302636 0.24634146341463414 0.0006846970215679561 0.00025673940949935817
0 0.5054775761725436 0.24634146341463414 0.0010270455323519343 0.0007702182284980744
0 0.24888736733995206 0.24698331193838255 0.005477576172543649 0.0020539152759948653
0 0.19907565902088326 0.24646983311938384 0.0017117425539198905 0.0010269576379974327
0 0.1359123587812393 0.2460847240051348 0.0006846970215679561 0.00025673940949935817
0 0.25761725436494354 0.2460847240051348 0.0010270455323519343 0.0007702182284980744
0 0.2422115713796645 0.2460847240051348 0.0010270455323519343 0.0007702182284980744
0 0.19513865114686751 0.24621309370988448 0.0027387880862718246 0.0010269576379974327
0 0.3409791167408422 0.24557124518613607 0.0020540910647038686 0.0007702182284980744
0 0.3305374871619308 0.24685494223363286 0.005819924683327628 0.003337612323491656
0 0.14121876069839095 0.24544287548138638 0.0010270455323519343 0.0005134788189987163
0 0.25059910989387196 0.24544287548138638 0.0020540910647038686 0.0010269576379974327
0 0.21054433413214652 0.24557124518613607 0.0013693940431359123 0.0012836970474967907
0 0.24323861691201643 0.24492939666238767 0.00034234851078397807 0.0005134788189987163
0 0.1045874700445053 0.244801026957638 0.00034234851078397807 0.00025673940949935817
0 0.5282437521396782 0.244801026957638 0.0006846970215679561 0.0007702182284980744
0 0.1841834988017802 0.244801026957638 0.0013693940431359123 0.0007702182284980744
0 0.21619308456008215 0.244801026957638 0.002396439575487847 0.0012836970474967907
0 0.1799041424169805 0.24441591784338895 0.00034234851078397807 0.0005134788189987163
0 0.1377952755905512 0.24454428754813864 0.0010270455323519343 0.0007702182284980744
0 0.11725436494351249 0.24454428754813864 0.0010270455323519343 0.0007702182284980744
0 0.10783978089695309 0.2442875481386393 0.0006846970215679561 0.00025673940949935817
0 0.3536460116398494 0.2446726572528883 0.0020540910647038686 0.0015404364569961489
0 0.32865457035261897 0.244801026957638 0.0020540910647038686 0.001797175866495507
0 0.20575145498117084 0.24441591784338895 0.0013693940431359123 0.0010269576379974327
0 0.19496747689147553 0.2441591784338896 0.0010270455323519343 0.0005134788189987163
0 0.13094830537487162 0.2441591784338896 0.0010270455323519343 0.0005134788189987163
0 0.12153372132831222 0.2442875481386393 0.0013693940431359123 0.0007702182284980744
0 0.08541595344060253 0.24403080872913993 0.00034234851078397807 0.00025673940949935817
0 0.2391304347826087 0.24505776636713736 0.003765833618623759 0.0028241335044929395
0 0.2141389934953783 0.24364569961489088 0.0010270455323519343 0.0005134788189987163
0 0.21157137966449846 0.24364569961489088 0.0006846970215679561 0.0005134788189987163
0 0.22372475179732967 0.24454428754813864 0.003765833618623759 0.0028241335044929395
0 0.11656966792194454 0.24338896020539152 0.00034234851078397807 0.0005134788189987163
0 0.2203012666894899 0.24364569961489088 0.003765833618623759 0.0015404364569961489
0 0.1639849366655255 0.24326059050064186 0.0006846970215679561 0.0007702182284980744
0 0.3606641561109209 0.24351732991014122 0.0030811365970558027 0.001797175866495507
0 0.3570694967476892 0.2428754813863928 0.0006846970215679561 0.0005134788189987163
0 0.2281752824375214 0.2430038510911425 0.0010270455323519343 0.0007702182284980744
0 0.19085929476206778 0.24326059050064186 0.002396439575487847 0.0012836970474967907
0 0.18058883943854845 0.24274711168164312 0.00034234851078397807 0.00025673940949935817
0 0.13625470729202327 0.2428754813863928 0.0013693940431359123 0.0005134788189987163
0 0.1266689489900719 0.2428754813863928 0.0006846970215679561 0.0005134788189987163
0 0.2562478603218076 0.24274711168164312 0.0010270455323519343 0.0007702182284980744
0 0.2454638822321123 0.2430038510911425 0.0013693940431359123 0.0012836970474967907
0 0.20968846285518658 0.24274711168164312 0.0010270455323519343 0.0007702182284980744
0 0.19496747689147553 0.24261874197689345 0.0010270455323519343 0.0005134788189987163
0 0.12273194111605615 0.24249037227214376 0.00034234851078397807 0.00025673940949935817
0 0.36306059568640875 0.24274711168164312 0.0017117425539198905 0.0012836970474967907
0 0.6196508045190003 0.24197689345314505 0.0006846970215679561 0.00025673940949935817
0 0.4938377268058884 0.24441591784338895 0.011297500855871277 0.005134788189987163
0 0.35381718589524136 0.2423620025673941 0.0017117425539198905 0.0010269576379974327
0 0.2511126326600479 0.24313222079589217 0.003765833618623759 0.0025673940949935813
0 0.24358096542280042 0.24197689345314505 0.00034234851078397807 0.00025673940949935817
0 0.1987333105100993 0.24210526315789474 0.0010270455323519343 0.0005134788189987163
0 0.4958918178705923 0.24197689345314505 0.0017117425539198905 0.0007702182284980744
0 0.2391304347826087 0.24274711168164312 0.004450530640191715 0.0023106546854942235
0 0.6167408421773365 0.24184852374839538 0.0017117425539198905 0.0010269576379974327
0 0.21995891817870591 0.24184852374839538 0.0017117425539198905 0.0010269576379974327
0 0.1674084217733653 0.24120667522464698 0.0006846970215679561 0.00025673940949935817
0 0.109380349195481 0.24146341463414633 0.0010270455323519343 0.0007702182284980744
0 0.2588154741526874 0.2410783055198973 0.0006846970215679561 0.0005134788189987163
0 0.20558028072577883 0.24094993581514762 0.0017117425539198905 0.00025673940949935817
0 0.20061622731941117 0.2410783055198973 0.0006846970215679561 0.0005134788189987163
0 0.36169120164327284 0.24094993581514762 0.0017117425539198905 0.0007702182284980744
0 0.3348168435467306 0.2430038510911425 0.010270455323519343 0.004878048780487805
0 0.19120164327285177 0.24069319640564826 0.00034234851078397807 0.00025673940949935817
0 0.11451557685724068 0.24120667522464698 0.00034234851078397807 0.0012836970474967907
0 0.499315302978432 0.2405648267008986 0.0010270455323519343 0.0005134788189987163
0 0.22440944881889763 0.2410783055198973 0.004450530640191715 0.0015404364569961489
0 0.16484080794248546 0.2404364569961489 0.0010270455323519343 0.00025673940949935817
0 0.328312221841835 0.24159178433889603 0.004792879150975694 0.0030808729139922978
0 0.18606641561109208 0.2405648267008986 0.0010270455323519343 0.0010269576379974327
0 0.6374529270797672 0.24159178433889603 0.0020540910647038686 0.003594351732991014
0 0.20044505306401916 0.2399229781771502 0.0010270455323519343 0.00025673940949935817
0 0.18195823348168436 0.24030808729139924 0.0010270455323519343 0.0010269576379974327
0 0.13334474495035947 0.24094993581514762 0.003765833618623759 0.0023106546854942235
0 0.12153372132831222 0.2404364569961489 0.0020540910647038686 0.0012836970474967907
0 0.21773365285861007 0.24005134788189988 0.0013693940431359123 0.0010269576379974327
0 0.1578226634714139 0.2399229781771502 0.0006846970215679561 0.0007702182284980744
0 0.11314618281410475 0.2399229781771502 0.0010270455323519343 0.0007702182284980744
0 0.002909962341663814 0.2399229781771502 0.0010270455323519343 0.0007702182284980744
0 0.17939061965080452 0.23940949935815148 0.0006846970215679561 0.00025673940949935817
0 0.1701472098596371 0.23953786906290114 0.0006846970215679561 0.0010269576379974327
0 0.4958918178705923 0.23915275994865212 0.0017117425539198905 0.0007702182284980744
0 0.21003081136597057 0.23915275994865212 0.0017117425539198905 0.0007702182284980744
0 0.1377952755905512 0.23902439024390243 0.0017117425539198905 0.0005134788189987163
0 0.1109209174940089 0.23902439024390243 0.0006846970215679561 0.0005134788189987163
0 0.21431016775077028 0.24017971758664955 0.0061622731941116055 0.003337612323491656
0 0.17733652858610066 0.23915275994865212 0.0013693940431359123 0.0012836970474967907
0 0.15422800410818213 0.23889602053915276 0.0010270455323519343 0.0007702182284980744
0 0.203355015405683 0.23915275994865212 0.0027387880862718246 0.001797175866495507
0 0.19188634029441973 0.23851091142490372 0.0010270455323519343 0.0005134788189987163
0 0.12410133515919206 0.23825417201540436 0.0010270455323519343 0.0005134788189987163
0 0.19856213625470728 0.237997432605905 0.0006846970215679561 0.0005134788189987163
0 0.1294077370763437 0.2381258023106547 0.0006846970215679561 0.0007702182284980744
0 0.609893871961657 0.23786906290115534 0.0010270455323519343 0.0007702182284980744
0 0.2122560766860664 0.23774069319640564 0.0013693940431359123 0.0005134788189987163
0 0.3344744950359466 0.23876765083440307 0.0027387880862718246 0.0030808729139922978
0 0.22372475179732967 0.23786906290115534 0.0017117425539198905 0.0012836970474967907
0 0.2203012666894899 0.23876765083440307 0.004450530640191715 0.0030808729139922978
0 0.1314618281410476 0.23825417201540436 0.0013693940431359123 0.0020539152759948653
0 0.6076686066415611 0.23722721437740693 0.0006846970215679561 0.0005134788189987163
0 0.23930160903800068 0.23722721437740693 0.0027387880862718246 0.0005134788189987163
0 0.14412872304005478 0.23722721437740693 0.0006846970215679561 0.0005134788189987163
0 0.1220472440944882 0.23735558408215662 0.0010270455323519343 0.0007702182284980744
0 0.1109209174940089 0.2374839537869063 0.0006846970215679561 0.0010269576379974327
0 0.4950359465936323 0.23722721437740693 0.0006846970215679561 0.0010269576379974327
0 0.33070866141732286 0.23761232349165598 0.0013693940431359123 0.001797175866495507
0 0.21431016775077028 0.23697047496790757 0.0006846970215679561 0.0005134788189987163
0 0.12050667579596029 0.23722721437740693 0.0006846970215679561 0.0010269576379974327
0 0.19428277986990758 0.23825417201540436 0.0030811365970558027 0.003594351732991014
0 0.13984936665525505 0.23684210526315788 0.0010270455323519343 0.0007702182284980744
0 0.2451215337213283 0.23645699614890886 0.0013693940431359123 0.0005134788189987163
0 0.24135570010270455 0.23658536585365852 0.0006846970215679561 0.0007702182284980744
0 0.11622731941116056 0.23632862644415917 0.00034234851078397807 0.00025673940949935817
0 0.11451557685724068 0.23697047496790757 0.002396439575487847 0.0015404364569961489
0 0.2464909277644642 0.2362002567394095 0.0006846970215679561 0.0005134788189987163
0 0.22081478945566588 0.2360718870346598 0.0006846970215679561 0.0007702182284980744
0 0.1826429305032523 0.2360718870346598 0.0010270455323519343 0.0007702182284980744
0 0.11913728175282437 0.2362002567394095 0.0006846970215679561 0.0010269576379974327
0 0.49315302978432046 0.23581514762516045 0.0010270455323519343 0.0007702182284980744
0 0.33635741184525847 0.23632862644415917 0.0030811365970558027 0.001797175866495507
0 0.22766175967134544 0.23774069319640564 0.004792879150975694 0.004621309370988447
0 0.17887709688462855 0.2362002567394095 0.002396439575487847 0.0015404364569961489
0 0.1422458062307429 0.23594351732991015 0.0010270455323519343 0.0010269576379974327
0 0.13505648750427934 0.23709884467265727 0.002396439575487847 0.003337612323491656
0 0.1545703526189661 0.2356867779204108 0.0010270455323519343 0.0010269576379974327
0 0.5068469702156796 0.23504492939666238 0.00034234851078397807 0.00025673940949935817
0 0.3346456692913386 0.23517329910141208 0.0010270455323519343 0.0005134788189987163
0 0.328312221841835 0.23504492939666238 0.0006846970215679561 0.00025673940949935817
0 0.21756247860321806 0.23504492939666238 0.00034234851078397807 0.00025673940949935817
0 0.140534063676823 0.2355584082156611 0.0010270455323519343 0.0012836970474967907
0 0.23861691201643273 0.2355584082156611 0.0020540910647038686 0.001797175866495507
0 0.2158507360492982 0.23517329910141208 0.0010270455323519343 0.0010269576379974327
0 0.20968846285518658 0.23517329910141208 0.0010270455323519343 0.0010269576379974327
0 0.1621020198562136 0.23478818998716303 0.00034234851078397807 0.00025673940949935817
0 0.12718247175624786 0.23530166880616174 0.0017117425539198905 0.0012836970474967907
0 0.22406710030811366 0.23465982028241336 0.0010270455323519343 0.0005134788189987163
0 0.13060595686408763 0.23465982028241336 0.0010270455323519343 0.0005134788189987163
0 0.24255391989044847 0.23530166880616174 0.0030811365970558027 0.0023106546854942235
0 0.23176994180075317 0.23517329910141208 0.0020540910647038686 0.0020539152759948653
0 0.14772338240328656 0.2342747111681643 0.0010270455323519343 0.00025673940949935817
0 0.32677165354330706 0.23414634146341465 0.0010270455323519343 0.0005134788189987163
0 0.22646353988360152 0.23478818998716303 0.002396439575487847 0.001797175866495507
0 0.14584046559397468 0.234403080872914 0.0013693940431359123 0.0010269576379974327
0 0.3402944197192742 0.234403080872914 0.0013693940431359123 0.0015404364569961489
0 0.33669976035604243 0.23414634146341465 0.0017117425539198905 0.0010269576379974327
0 0.5065046217048956 0.23350449293966624 0.0010270455323519343 0.00025673940949935817
0 0.33515919205751454 0.2337612323491656 0.0006846970215679561 0.0007702182284980744
0 0.33207805546045877 0.23401797175866496 0.0020540910647038686 0.0012836970474967907
0 0.1858952413557001 0.23324775353016688 0.0006846970215679561 0.0007702182284980744
0 0.17921944539541254 0.2331193838254172 0.00034234851078397807 0.0005134788189987163
0 0.16004792879150975 0.2331193838254172 0.0010270455323519343 0.0005134788189987163
0 0.12273194111605615 0.23324775353016688 0.0017117425539198905 0.0007702182284980744
0 0.1141732283464567 0.2331193838254172 0.0010270455323519343 0.0005134788189987163
0 0.42245806230742894 0.23286264441591784 0.0006846970215679561 0.0005134788189987163
0 0.21739130434782608 0.23286264441591784 0.0013693940431359123 0.0005134788189987163
0 0.19890448476549127 0.23299101412066753 0.0020540910647038686 0.0007702182284980744
0 0.3389250256761383 0.23260590500641848 0.0006846970215679561 0.0005134788189987163
0 0.32454638822321125 0.2331193838254172 0.0006846970215679561 0.0015404364569961489
0 0.1502909962341664 0.23247753530166881 0.0006846970215679561 0.00025673940949935817
0 0.38805203697363916 0.23247753530166881 0.0010270455323519343 0.0007702182284980744
0 0.2235535775419377 0.23247753530166881 0.0013693940431359123 0.0007702182284980744
0 0.14447107155083874 0.23234916559691912 0.0006846970215679561 0.0005134788189987163
0 0.140534063676823 0.2331193838254172 0.0017117425539198905 0.0020539152759948653
0 0.1311194796302636 0.23247753530166881 0.0006846970215679561 0.0007702182284980744
0 0.3361862375898665 0.23234916559691912 0.0013693940431359123 0.0010269576379974327
0 0.22749058541595343 0.23247753530166881 0.0017117425539198905 0.0012836970474967907
0 0.21995891817870591 0.23222079589216946 0.0010270455323519343 0.0007702182284980744
0 0.1266689489900719 0.23247753530166881 0.0020540910647038686 0.001797175866495507
0 0.2220130092434098 0.2319640564826701 0.0010270455323519343 0.0012836970474967907
0 0.14772338240328656 0.2318356867779204 0.0017117425539198905 0.0010269576379974327
0 0.42091749400890105 0.2313222079589217 0.0010270455323519343 0.0005134788189987163
0 0.19085929476206778 0.23247753530166881 0.002396439575487847 0.0028241335044929395
0 0.20712084902430675 0.23106546854942234 0.0006846970215679561 0.0005134788189987163
0 0.20044505306401916 0.23093709884467264 0.00034234851078397807 0.00025673940949935817
0 0.14275932899691887 0.23106546854942234 0.0006846970215679561 0.0005134788189987163
0 0.2312564190345772 0.23940949935815148 0.017459774049982883 0.017715019255455714
0 0.22903115371448135 0.23080872913992298 0.0006846970215679561 0.0005134788189987163
0 0.18349880178021225 0.2306803594351733 0.0006846970215679561 0.00025673940949935817
0 0.1812735364601164 0.23093709884467264 0.00034234851078397807 0.0007702182284980744
0 0.12992125984251968 0.23170731707317074 0.002396439575487847 0.0023106546854942235
0 0.5102704553235193 0.23042362002567393 0.00034234851078397807 0.00025673940949935817
0 0.23844573776104075 0.23080872913992298 0.0017117425539198905 0.0010269576379974327
0 0.18640876412187607 0.23080872913992298 0.004450530640191715 0.0010269576379974327
0 0.1232454638822321 0.23080872913992298 0.0006846970215679561 0.0010269576379974327
0 0.19188634029441973 0.23016688061617457 0.00034234851078397807 0.00025673940949935817
0 0.17545361177678878 0.22991014120667522 0.00034234851078397807 0.00025673940949935817
0 0.34611434440260186 0.2300385109114249 0.0013693940431359123 0.0010269576379974327
0 0.3242040397124272 0.23016688061617457 0.0006846970215679561 0.0012836970474967907
0 0.31838411502909963 0.2300385109114249 0.0020540910647038686 0.0010269576379974327
0 0.23861691201643273 0.22978177150192555 0.0006846970215679561 0.0005134788189987163
0 0.23005819924683327 0.22991014120667522 0.0006846970215679561 0.0007702182284980744
0 0.22458062307428964 0.22991014120667522 0.0013693940431359123 0.0012836970474967907
0 0.23587812393016092 0.22991014120667522 0.0027387880862718246 0.001797175866495507
0 0.19411160561451557 0.22926829268292684 0.0006846970215679561 0.0005134788189987163
0 0.1328312221841835 0.22926829268292684 0.0006846970215679561 0.0005134788189987163
0 0.3214652516261554 0.22901155327342748 0.0027387880862718246 0.0005134788189987163
0 0.19000342348510785 0.22926829268292684 0.0020540910647038686 0.0010269576379974327
0 0.1778500513522766 0.22913992297817715 0.0010270455323519343 0.0007702182284980744
0 0.14327285176309484 0.22901155327342748 0.0010270455323519343 0.0005134788189987163
0 0.12735364601163984 0.2288831835686778 0.0006846970215679561 0.00025673940949935817
0 0.3329339267374187 0.23016688061617457 0.002396439575487847 0.0038510911424903724
0 0.2327969873331051 0.22849807445442877 0.0006846970215679561 0.0005134788189987163
0 0.14121876069839095 0.22849807445442877 0.0010270455323519343 0.0005134788189987163
0 0.20729202327969873 0.22836970474967908 0.0010270455323519343 0.0007702182284980744
0 0.3918178705922629 0.22798459563543003 0.0010270455323519343 0.0005134788189987163
0 0.3266004792879151 0.22849807445442877 0.0013693940431359123 0.0020539152759948653
0 0.23827456350564874 0.22811296534017972 0.0027387880862718246 0.0012836970474967907
0 0.2266347141389935 0.22811296534017972 0.0020540910647038686 0.0012836970474967907
0 0.328483396097227 0.23042362002567393 0.005135227661759671 0.006418485237483954
0 0.2001027045532352 0.22734274711168165 0.00034234851078397807 0.00025673940949935817
0 0.22304005477576172 0.22721437740693196 0.0010270455323519343 0.0005134788189987163
0 0.33669976035604243 0.22785622593068036 0.00718931872646354 0.0023106546854942235
0 0.26395070181444713 0.2269576379974326 0.0013693940431359123 0.0005134788189987163
0 0.20831906881205067 0.22721437740693196 0.002396439575487847 0.0010269576379974327
0 0.19274221157137966 0.22721437740693196 0.003423485107839781 0.0010269576379974327
0 0.12102019856213625 0.22670089858793324 0.0010270455323519343 0.0005134788189987163
0 0.34765491270112975 0.22670089858793324 0.0010270455323519343 0.0010269576379974327
0 0.25402259500171176 0.22657252888318358 0.0013693940431359123 0.0007702182284980744
0 0.21345429647381034 0.22631578947368422 0.00034234851078397807 0.00025673940949935817
0 0.1343717904827114 0.22670089858793324 0.002396439575487847 0.0010269576379974327
0 0.3488531324888737 0.22631578947368422 0.0006846970215679561 0.0007702182284980744
0 0.328141047586443 0.22657252888318358 0.0017117425539198905 0.0012836970474967907
0 0.21739130434782608 0.22631578947368422 0.0006846970215679561 0.0007702182284980744
0 0.20352618966107497 0.22734274711168165 0.005135227661759671 0.0028241335044929395
0 0.18760698390962 0.22631578947368422 0.0013693940431359123 0.0007702182284980744
0 0.18349880178021225 0.22631578947368422 0.0013693940431359123 0.0007702182284980744
0 0.15833618623758985 0.22670089858793324 0.0010270455323519343 0.0015404364569961489
0 0.15388565559739814 0.22605905006418486 0.00034234851078397807 0.00025673940949935817
0 0.4775761725436494 0.22670089858793324 0.004108182129407737 0.0020539152759948653
0 0.2377610407394728 0.22631578947368422 0.002396439575487847 0.0012836970474967907
0 0.14515576857240672 0.22657252888318358 0.0020540910647038686 0.001797175866495507
0 0.484251968503937 0.22657252888318358 0.0030811365970558027 0.0023106546854942235
0 0.2329681615884971 0.22567394094993581 0.00034234851078397807 0.0005134788189987163
0 0.3668264293050325 0.22528883183568676 0.00034234851078397807 0.00025673940949935817
0 0.31923998630605954 0.2258023106546855 0.0010270455323519343 0.0012836970474967907
0 0.16997603560424512 0.22567394094993581 0.0010270455323519343 0.0010269576379974327
0 0.36494351249572066 0.22554557124518615 0.0020540910647038686 0.0012836970474967907
0 0.343033207805546 0.22670089858793324 0.0027387880862718246 0.003594351732991014
0 0.33567271482369054 0.22567394094993581 0.0017117425539198905 0.0015404364569961489
0 0.33207805546045877 0.22605905006418486 0.0020540910647038686 0.0023106546854942235
0 0.22372475179732967 0.2258023106546855 0.003765833618623759 0.001797175866495507
0 0.19103046901745976 0.2250320924261874 0.0006846970215679561 0.00025673940949935817
0 0.14002054091064703 0.22605905006418486 0.0020540910647038686 0.0023106546854942235
0 0.13009243409791169 0.22528883183568676 0.0013693940431359123 0.0007702182284980744
0 0.514892160219103 0.22477535301668805 0.0006846970215679561 0.00025673940949935817
0 0.33019513865114686 0.22541720154043646 0.0017117425539198905 0.0015404364569961489
0 0.20438206093803493 0.22528883183568676 0.0020540910647038686 0.0012836970474967907
0 0.3409791167408422 0.2250320924261874 0.0006846970215679561 0.0012836970474967907
0 0.13676823005819924 0.2250320924261874 0.0017117425539198905 0.0012836970474967907
0 0.13214652516261555 0.2246469833119384 0.0006846970215679561 0.0005134788189987163
0 0.3382403286545704 0.2258023106546855 0.0027387880862718246 0.003337612323491656
0 0.32608695652173914 0.22439024390243903 0.0010270455323519343 0.0005134788189987163
0 0.20831906881205067 0.22490372272143774 0.002396439575487847 0.0015404364569961489
0 0.12735364601163984 0.2246469833119384 0.0013693940431359123 0.0010269576379974327
0 0.36922286888052036 0.22426187419768934 0.0010270455323519343 0.0007702182284980744
0 0.23502225265320095 0.2245186136071887 0.0030811365970558027 0.0012836970474967907
0 0.16621020198562136 0.22413350449293967 0.0010270455323519343 0.0005134788189987163
0 0.5119821978774393 0.22387676508344032 0.0017117425539198905 0.0005134788189987163
0 0.3348168435467306 0.22387676508344032 0.0013693940431359123 0.0010269576379974327
0 0.22595001711742554 0.22439024390243903 0.0013693940431359123 0.0020539152759948653
0 0.20112975008558712 0.22400513478818998 0.0017117425539198905 0.0012836970474967907
0 0.14156110920917495 0.22349165596919127 0.00034234851078397807 0.00025673940949935817
0 0.3659705580280726 0.22349165596919127 0.0006846970215679561 0.0007702182284980744
0 0.3473125641903458 0.22439024390243903 0.002396439575487847 0.0025673940949935813
0 0.34200616227319414 0.22349165596919127 0.0006846970215679561 0.0007702182284980744
0 0.3339609722697706 0.2232349165596919 0.00034234851078397807 0.00025673940949935817
0 0.23211229031153716 0.22349165596919127 0.0013693940431359123 0.0007702182284980744
0 0.1627867168777816 0.22362002567394096 0.0017117425539198905 0.0010269576379974327
0 0.3521054433413215 0.2233632862644416 0.0010270455323519343 0.0010269576379974327
0 0.3305374871619308 0.22310654685494224 0.0010270455323519343 0.0010269576379974327
0 0.21858952413557 0.22349165596919127 0.002396439575487847 0.001797175866495507
0 0.1906881205066758 0.22310654685494224 0.0027387880862718246 0.0010269576379974327
0 0.17271482369051694 0.2228498074454429 0.00034234851078397807 0.0005134788189987163
0 0.1593632317699418 0.22310654685494224 0.0017117425539198905 0.0010269576379974327
0 0.1264977747346799 0.2228498074454429 0.00034234851078397807 0.0005134788189987163
0 0.5042793563847997 0.22246469833119384 0.0006846970215679561 0.00025673940949935817
0 0.3269428277986991 0.22297817715019255 0.0020540910647038686 0.0012836970474967907
0 0.35741184525847314 0.22246469833119384 0.0013693940431359123 0.0007702182284980744
0 0.23810338925025676 0.22233632862644415 0.00034234851078397807 0.0005134788189987163
0 0.21140020540910648 0.22310654685494224 0.0017117425539198905 0.0020539152759948653
0 0.13197535090722357 0.22259306803594353 0.0010270455323519343 0.0010269576379974327
0 0.3683669976035604 0.22220795892169448 0.0013693940431359123 0.0007702182284980744
0 0.3613488531324889 0.22400513478818998 0.005135227661759671 0.0043645699614890884
0 0.3142759328996919 0.22259306803594353 0.005477576172543649 0.0015404364569961489
0 0.23057172201300924 0.2220795892169448 0.0017117425539198905 0.0005134788189987163
0 0.18555289284491613 0.22195121951219512 0.0006846970215679561 0.00025673940949935817
0 0.13693940431359122 0.22220795892169448 0.0027387880862718246 0.0007702182284980744
0 0.34457377610407397 0.22246469833119384 0.0030811365970558027 0.001797175866495507
0 0.3216364258815474 0.22490372272143774 0.009243409791167409 0.006675224646983312
0 0.21636425881547416 0.22195121951219512 0.0006846970215679561 0.0007702182284980744
0 0.19411160561451557 0.2220795892169448 0.0020540910647038686 0.0010269576379974327
0 0.218931872646354 0.2214377406931964 0.00034234851078397807 0.00025673940949935817
0 0.19616569667921946 0.22798459563543003 0.006846970215679562 0.013350449293966624
0 0.33789798014378636 0.22130937098844672 0.0006846970215679561 0.0005134788189987163
0 0.22132831222184182 0.22130937098844672 0.0017117425539198905 0.0010269576379974327
0 0.36340294419719277 0.22118100128369705 0.0010270455323519343 0.0012836970474967907
0 0.3300239643957549 0.220795892169448 0.0006846970215679561 0.0005134788189987163
0 0.37521396781924 0.22053915275994865 0.0006846970215679561 0.0005134788189987163
0 0.32540225950017115 0.22182284980744543 0.0030811365970558027 0.0030808729139922978
0 0.22612119137281753 0.22195121951219512 0.005135227661759671 0.003337612323491656
0 0.21020198562136255 0.220795892169448 0.0013693940431359123 0.0010269576379974327
0 0.171858952413557 0.22053915275994865 0.0006846970215679561 0.0005134788189987163
0 0.1266689489900719 0.22053915275994865 0.0006846970215679561 0.0005134788189987163
0 0.3493666552550496 0.22130937098844672 0.003765833618623759 0.0025673940949935813
0 0.5114686751112633 0.2202824133504493 0.0013693940431359123 0.0010269576379974327
0 0.3883943854844231 0.22066752246469834 0.0010270455323519343 0.001797175866495507
0 0.23502225265320095 0.22066752246469834 0.004450530640191715 0.001797175866495507
0 0.19513865114686751 0.22015404364569963 0.0013693940431359123 0.0007702182284980744
0 0.34560082163642586 0.21976893453145058 0.00034234851078397807 0.0005134788189987163
0 0.3416638137624101 0.2202824133504493 0.004792879150975694 0.0015404364569961489
0 0.3235193426908593 0.22002567394094993 0.003423485107839781 0.0010269576379974327
0 0.2233824032865457 0.2202824133504493 0.0010270455323519343 0.0015404364569961489
0 0.5087298870249914 0.21976893453145058 0.0020540910647038686 0.0010269576379974327
0 0.3339609722697706 0.21938382541720153 0.00034234851078397807 0.00025673940949935817
0 0.19000342348510785 0.21951219512195122 0.0006846970215679561 0.0005134788189987163
0 0.18846285518657993 0.21938382541720153 0.00034234851078397807 0.00025673940949935817
0 0.18349880178021225 0.21951219512195122 0.0006846970215679561 0.0005134788189987163
0 0.5027387880862718 0.22002567394094993 0.004450530640191715 0.0020539152759948653
0 0.32112290311537145 0.21912708600770217 0.0006846970215679561 0.00025673940949935817
0 0.1968503937007874 0.21925545571245186 0.0013693940431359123 0.0005134788189987163
0 0.1372817528243752 0.21976893453145058 0.0020540910647038686 0.0015404364569961489
0 0.5136939404313591 0.2189987163029525 0.0010270455323519343 0.0005134788189987163
0 0.1935980828483396 0.21912708600770217 0.0017117425539198905 0.0007702182284980744
0 0.13368709346114344 0.2189987163029525 0.0010270455323519343 0.0005134788189987163
0 0.32882574460801095 0.21874197689345315 0.0017117425539198905 0.0005134788189987163
0 0.4198904484765491 0.2184852374839538 0.0010270455323519343 0.0005134788189987163
0 0.22885997945908934 0.21951219512195122 0.0030811365970558027 0.0025673940949935813
0 0.13009243409791169 0.2183568677792041 0.0006846970215679561 0.00025673940949935817
0 0.35107839780896954 0.2183568677792041 0.0010270455323519343 0.0007702182284980744
0 0.22149948647723383 0.2183568677792041 0.0013693940431359123 0.0007702182284980744
0 0.34611434440260186 0.21810012836970474 0.0020540910647038686 0.0007702182284980744
0 0.34200616227319414 0.21810012836970474 0.0006846970215679561 0.0007702182284980744
0 0.22988702499144129 0.2178433889602054 0.00034234851078397807 0.00025673940949935817
0 0.156282095172886 0.21771501925545572 0.0010270455323519343 0.0005134788189987163
0 0.5102704553235193 0.21732991014120667 0.00034234851078397807 0.00025673940949935817
0 0.5051352276617597 0.21822849807445444 0.002396439575487847 0.0020539152759948653
0 0.38959260527216705 0.21745827984595636 0.0006846970215679561 0.0005134788189987163
0 0.19907565902088326 0.21758664955070603 0.0017117425539198905 0.0007702182284980744
0 0.3486819582334817 0.21810012836970474 0.0017117425539198905 0.0023106546854942235
0 0.23861691201643273 0.21745827984595636 0.0027387880862718246 0.0010269576379974327
0 0.1513180417665183 0.21732991014120667 0.0006846970215679561 0.0007702182284980744
0 0.23228346456692914 0.21822849807445444 0.002396439575487847 0.0030808729139922978
0 0.37418692228688805 0.21694480102695765 0.0020540910647038686 0.0010269576379974327
0 0.33070866141732286 0.21681643132220796 0.0006846970215679561 0.0007702182284980744
0 0.20421088668264292 0.22015404364569963 0.01266689489900719 0.007445442875481386
0 0.20215679561793906 0.21771501925545572 0.0030811365970558027 0.0025673940949935813
0 0.17836357411845258 0.21681643132220796 0.0013693940431359123 0.0007702182284980744
0 0.17613830879835674 0.2165596919127086 0.00034234851078397807 0.00025673940949935817
0 0.1674084217733653 0.21694480102695765 0.0013693940431359123 0.0010269576379974327
0 0.5042793563847997 0.2165596919127086 0.0006846970215679561 0.0007702182284980744
0 0.14635398836015062 0.2165596919127086 0.0010270455323519343 0.0007702182284980744
0 0.13557001027045532 0.21630295250320924 0.0006846970215679561 0.0007702182284980744
0 0.2375898664840808 0.2159178433889602 0.0006846970215679561 0.0005134788189987163
0 0.19821978774392332 0.2159178433889602 0.0013693940431359123 0.0005134788189987163
0 0.5022252653200958 0.2159178433889602 0.0006846970215679561 0.0010269576379974327
0 0.32899691886340293 0.21553273427471117 0.0006846970215679561 0.00025673940949935817
0 0.234679904142417 0.21617458279845955 0.0017117425539198905 0.0015404364569961489
0 0.3798356727148237 0.21514762516046212 0.00034234851078397807 0.0005134788189987163
0 0.37743923313933586 0.21617458279845955 0.0030811365970558027 0.0025673940949935813
0 0.16004792879150975 0.21566110397946084 0.0010270455323519343 0.0015404364569961489
0 0.21704895583704212 0.21489088575096277 0.0006846970215679561 0.0005134788189987163
0 0.3247175624786032 0.2146341463414634 0.002396439575487847 0.0005134788189987163
0 0.21499486477233823 0.2146341463414634 0.0006846970215679561 0.0005134788189987163
0 0.3717904827114002 0.21489088575096277 0.0020540910647038686 0.0015404364569961489
0 0.15593974666210203 0.2146341463414634 0.0017117425539198905 0.0010269576379974327
0 0.484251968503937 0.2142490372272144 0.0010270455323519343 0.0007702182284980744
0 0.2314275932899692 0.21386392811296534 0.0020540910647038686 0.0005134788189987163
0 0.21020198562136255 0.2141206675224647 0.0006846970215679561 0.0010269576379974327
0 0.4965765148921602 0.2202824133504493 0.024306744265662445 0.014377406931964057
0 0.33087983567271484 0.21437740693196405 0.004450530640191715 0.0025673940949935813
0 0.22286888052036974 0.2165596919127086 0.007531667237247518 0.00693196405648267
0 0.17203012666894898 0.21322207958921693 0.0010270455323519343 0.00025673940949935817
0 0.20506675795960289 0.21489088575096277 0.007531667237247518 0.004107830551989731
0 0.24101335159192058 0.2128369704749679 0.0020540910647038686 0.0010269576379974327
0 0.1484080794248545 0.21245186136071886 0.00034234851078397807 0.00025673940949935817
0 0.3255734337555632 0.21309370988446727 0.004108182129407737 0.0020539152759948653
0 0.21516603902773024 0.21258023106546856 0.0010270455323519343 0.0010269576379974327
0 0.21157137966449846 0.21270860077021822 0.0013693940431359123 0.0012836970474967907
0 0.1655255049640534 0.21245186136071886 0.0010270455323519343 0.0007702182284980744
0 0.4929818555289284 0.21193838254172015 0.0013693940431359123 0.0007702182284980744
0 0.3675111263266005 0.21181001283697048 0.0010270455323519343 0.0005134788189987163
0 0.22903115371448135 0.2121951219512195 0.0013693940431359123 0.0012836970474967907
0 0.2204724409448819 0.21129653401797177 0.0006846970215679561 0.0005134788189987163
0 0.19804861348853134 0.2121951219512195 0.002396439575487847 0.0028241335044929395
0 0.13077713111947964 0.21065468549422336 0.0006846970215679561 0.0007702182284980744
0 0.23639164669633686 0.21026957637997432 0.0010270455323519343 0.0005134788189987163
0 0.23502225265320095 0.2123234916559692 0.004450530640191715 0.004621309370988447
0 0.22509414584046558 0.21103979460847241 0.002396439575487847 0.0020539152759948653
0 0.22954467648065732 0.21026957637997432 0.0017117425539198905 0.0010269576379974327
0 0.20421088668264292 0.21052631578947367 0.002396439575487847 0.0015404364569961489
0 0.1953098254022595 0.21052631578947367 0.0010270455323519343 0.0015404364569961489
0 0.4818555289284492 0.2098844672657253 0.0010270455323519343 0.0007702182284980744
0 0.33019513865114686 0.21065468549422336 0.004450530640191715 0.0023106546854942235
0 0.2391304347826087 0.2097560975609756 0.0017117425539198905 0.0010269576379974327
0 0.23194111605614515 0.20937098844672658 0.00034234851078397807 0.00025673940949935817
0 0.13711057856898323 0.20949935815147624 0.0010270455323519343 0.0005134788189987163
0 0.40123245463882234 0.21142490372272144 0.0027387880862718246 0.004878048780487805
0 0.36494351249572066 0.2098844672657253 0.0013693940431359123 0.001797175866495507
0 0.3252310852447792 0.21014120667522465 0.004108182129407737 0.0023106546854942235
0 0.24169804861348854 0.21014120667522465 0.0020540910647038686 0.0028241335044929395
0 0.10698390961999316 0.20885750962772787 0.0010270455323519343 0.0007702182284980744
0 0.33378979801437864 0.20847240051347882 0.0006846970215679561 0.0005134788189987163
0 0.20027387880862718 0.21065468549422336 0.006846970215679562 0.004878048780487805
0 0.16997603560424512 0.20847240051347882 0.00034234851078397807 0.0005134788189987163
0 0.4072235535775419 0.20962772785622594 0.003765833618623759 0.003337612323491656
0 0.281581650119822 0.20847240051347882 0.0010270455323519343 0.0010269576379974327
0 0.19085929476206778 0.20847240051347882 0.00034234851078397807 0.0010269576379974327
0 0.3361862375898665 0.2078305519897304 0.0013693940431359123 0.0007702182284980744
0 0.23964395754878468 0.2078305519897304 0.0006846970215679561 0.0007702182284980744
0 0.21995891817870591 0.2079589216944801 0.0010270455323519343 0.0010269576379974327
0 0.171516603902773 0.20757381258023105 0.0006846970215679561 0.0007702182284980744
0 0.17596713454296473 0.2074454428754814 0.0013693940431359123 0.0010269576379974327
0 0.13847997261211914 0.20706033376123234 0.00034234851078397807 0.00025673940949935817
0 0.2559055118110236 0.20680359435173298 0.0010270455323519343 0.00025673940949935817
0 0.3368709346114344 0.20667522464698332 0.0013693940431359123 0.0005134788189987163
0 0.21790482711400205 0.20641848523748396 0.0010270455323519343 0.0005134788189987163
0 0.3252310852447792 0.20667522464698332 0.0006846970215679561 0.0025673940949935813
0 0.3139335843889079 0.20667522464698332 0.0027387880862718246 0.0030808729139922978
0 0.30982540225950017 0.20654685494223363 0.0027387880862718246 0.0028241335044929395
0 0.19411160561451557 0.20590500641848525 0.0013693940431359123 0.0015404364569961489
0 0.1749400890106128 0.20526315789473684 0.0006846970215679561 0.00025673940949935817
0 0.3396097226977063 0.21181001283697048 0.018486819582334817 0.01386392811296534
0 0.26001369394043133 0.2060333761232349 0.006504621704895584 0.0023106546854942235
0 0.20592262923656282 0.20693196405648268 0.005819924683327628 0.004107830551989731
0 0.3382403286545704 0.20526315789473684 0.0013693940431359123 0.0012836970474967907
0 0.22868880520369736 0.20680359435173298 0.004792879150975694 0.0043645699614890884
0 0.21191372817528245 0.20526315789473684 0.0020540910647038686 0.0012836970474967907
0 0.2389592605272167 0.20423620025673941 0.0006846970215679561 0.00025673940949935817
0 0.19188634029441973 0.20462130937098844 0.0010270455323519343 0.0010269576379974327
0 0.26514892160219106 0.20449293966623877 0.0010270455323519343 0.0012836970474967907
0 0.19890448476549127 0.2056482670089859 0.005477576172543649 0.003594351732991014
0 0.1655255049640534 0.20423620025673941 0.0010270455323519343 0.0007702182284980744
0 0.5268743580965423 0.2037227214377407 0.0006846970215679561 0.00025673940949935817
0 0.20249914412872305 0.20423620025673941 0.0017117425539198905 0.0012836970474967907
0 0.1141732283464567 0.20385109114249036 0.00034234851078397807 0.0005134788189987163
0 0.4337555631633002 0.20385109114249036 0.0020540910647038686 0.0010269576379974327
0 0.31273536460116397 0.2037227214377407 0.0017117425539198905 0.0007702182284980744
0 0.31051009928106815 0.20346598202824134 0.0006846970215679561 0.00025673940949935817
0 0.26309483053748717 0.2037227214377407 0.0010270455323519343 0.0007702182284980744
0 0.2078055460458747 0.203594351732991 0.0013693940431359123 0.0005134788189987163
0 0.2045532351934269 0.203594351732991 0.00034234851078397807 0.0005134788189987163
0 0.30708661417322836 0.2037227214377407 0.0013693940431359123 0.0012836970474967907
0 0.23450872988702498 0.2061617458279846 0.007531667237247518 0.0061617458279845955
0 0.5171174255391989 0.203209242618742 0.0010270455323519343 0.0007702182284980744
0 0.34132146525162615 0.203209242618742 0.0006846970215679561 0.0007702182284980744
0 0.2437521396781924 0.203209242618742 0.0013693940431359123 0.0007702182284980744
0 0.2642930503252311 0.20282413350449294 0.0006846970215679561 0.0005134788189987163
0 0.22235535775419377 0.20629011553273427 0.010612803834303321 0.007445442875481386
0 0.5063334474495036 0.2048780487804878 0.0061622731941116055 0.005134788189987163
0 0.3312221841834988 0.20577663671373556 0.009928106812735364 0.00693196405648267
0 0.36631290653885656 0.20295250320924263 0.003423485107839781 0.001797175866495507
0 0.27233824032865456 0.20243902439024392 0.002396439575487847 0.0007702182284980744
0 0.2360492981855529 0.20243902439024392 0.0010270455323519343 0.0007702182284980744
0 0.22868880520369736 0.20231065468549422 0.0006846970215679561 0.0005134788189987163
0 0.3242040397124272 0.203594351732991 0.003423485107839781 0.003594351732991014
0 0.2391304347826087 0.20243902439024392 0.0017117425539198905 0.0012836970474967907
0 0.2108866826429305 0.20231065468549422 0.0013693940431359123 0.0010269576379974327
0 0.11520027387880863 0.20205391527599487 0.0010270455323519343 0.0005134788189987163
0 0.5061622731941116 0.20218228498074453 0.0017117425539198905 0.0012836970474967907
0 0.21704895583704212 0.20205391527599487 0.0027387880862718246 0.0010269576379974327
0 0.3375556316330024 0.20231065468549422 0.0027387880862718246 0.0020539152759948653
0 0.30862718247175625 0.20154043645699615 0.0010270455323519343 0.0005134788189987163
0 0.1656966792194454 0.20141206675224646 0.0006846970215679561 0.00025673940949935817
0 0.31906881205066756 0.20166880616174582 0.0020540910647038686 0.0012836970474967907
0 0.2719958918178706 0.20102695763799744 0.0010270455323519343 0.0005134788189987163
0 0.20831906881205067 0.20102695763799744 0.00034234851078397807 0.0005134788189987163
0 0.23245463882232112 0.20205391527599487 0.004792879150975694 0.0030808729139922978
0 0.22646353988360152 0.20089858793324775 0.0010270455323519343 0.0007702182284980744
0 0.15388565559739814 0.20077021822849808 0.00034234851078397807 0.0005134788189987163
0 0.12872304005477575 0.20089858793324775 0.0006846970215679561 0.0007702182284980744
0 0.5068469702156796 0.20051347881899872 0.00034234851078397807 0.0005134788189987163
0 0.31359123587812393 0.20154043645699615 0.0027387880862718246 0.0025673940949935813
0 0.22885997945908934 0.20089858793324775 0.002396439575487847 0.0012836970474967907
0 0.22098596371105786 0.20077021822849808 0.0010270455323519343 0.0010269576379974327
0 0.31016775077028413 0.2 0.0006846970215679561 0.0005134788189987163
0 0.24289626840123246 0.20141206675224646 0.005135227661759671 0.003337612323491656
0 0.2329681615884971 0.19987163029525032 0.00034234851078397807 0.00025673940949935817
0 0.20044505306401916 0.20166880616174582 0.0030811365970558027 0.0038510911424903724
0 0.13231769941800753 0.20038510911424903 0.0017117425539198905 0.0012836970474967907
0 0.12992125984251968 0.19987163029525032 0.00034234851078397807 0.00025673940949935817
0 0.3765833618623759 0.19974326059050065 0.0013693940431359123 0.0005134788189987163
0 0.3723040054775762 0.20012836970474968 0.002396439575487847 0.0012836970474967907
0 0.2677165354330709 0.20166880616174582 0.005477576172543649 0.0043645699614890884
0 0.2389592605272167 0.20012836970474968 0.0013693940431359123 0.0012836970474967907
0 0.3074289626840123 0.2 0.0020540910647038686 0.0015404364569961489
0 0.22458062307428964 0.20038510911424903 0.0013693940431359123 0.0023106546854942235
0 0.10030811365970559 0.20038510911424903 0.003423485107839781 0.0023106546854942235
0 0.3841150290996234 0.19897304236200256 0.0006846970215679561 0.0005134788189987163
0 0.3454296473810339 0.19961489088575096 0.0020540910647038686 0.001797175866495507
0 0.2721670660732626 0.1992297817715019 0.0013693940431359123 0.0010269576379974327
0 0.21653543307086615 0.1992297817715019 0.0017117425539198905 0.0010269576379974327
0 0.21140020540910648 0.1992297817715019 0.0010270455323519343 0.0010269576379974327
0 0.15525504964053408 0.19910141206675225 0.0010270455323519343 0.0007702182284980744
0 0.20027387880862718 0.1987163029525032 0.0006846970215679561 0.0005134788189987163
0 0.2547072920232797 0.20231065468549422 0.01780212256076686 0.008215661103979461
0 0.2091749400890106 0.1988446726572529 0.0013693940431359123 0.0012836970474967907
0 0.31359123587812393 0.19845956354300384 0.0013693940431359123 0.0010269576379974327
0 0.23587812393016092 0.1988446726572529 0.0027387880862718246 0.001797175866495507
0 0.21465251626155427 0.19833119383825418 0.0006846970215679561 0.0007702182284980744
0 0.10390277302293735 0.19820282413350448 0.0010270455323519343 0.0005134788189987163
0 0.3767545361177679 0.19820282413350448 0.0017117425539198905 0.0010269576379974327
0 0.22132831222184182 0.19807445442875482 0.0010270455323519343 0.0007702182284980744
0 0.32180760013693943 0.19833119383825418 0.0027387880862718246 0.001797175866495507
0 0.31838411502909963 0.1987163029525032 0.003423485107839781 0.0025673940949935813
0 0.13197535090722357 0.19768934531450577 0.00034234851078397807 0.0005134788189987163
0 0.1513180417665183 0.19743260590500641 0.0006846970215679561 0.0005134788189987163
0 0.5181444710715508 0.19743260590500641 0.0010270455323519343 0.0010269576379974327
0 0.5053064019171517 0.19743260590500641 0.0020540910647038686 0.0010269576379974327
0 0.3257446080109552 0.19910141206675225 0.0030811365970558027 0.0043645699614890884
0 0.16518315645326942 0.19730423620025675 0.0010270455323519343 0.0007702182284980744
0 0.1466963368709346 0.1970474967907574 0.00034234851078397807 0.00025673940949935817
0 0.2622389592605272 0.1970474967907574 0.0020540910647038686 0.0007702182284980744
0 0.22749058541595343 0.19781771501925546 0.00718931872646354 0.0023106546854942235
0 0.19770626497774735 0.19845956354300384 0.0030811365970558027 0.003594351732991014
0 0.26035604245121535 0.1988446726572529 0.006504621704895584 0.004878048780487805
0 0.20198562136254708 0.1969191270860077 0.0013693940431359123 0.0010269576379974327
0 0.09003765833618624 0.19679075738125804 0.0006846970215679561 0.0007702182284980744
0 0.375042793563848 0.19666238767650834 0.0010270455323519343 0.0010269576379974327
0 0.3264293050325231 0.196405648267009 0.0010270455323519343 0.0005134788189987163
0 0.21704895583704212 0.19666238767650834 0.0020540910647038686 0.0010269576379974327
0 0.21071550838753852 0.19666238767650834 0.0017117425539198905 0.0010269576379974327
0 0.391133173570695 0.19614890885750963 0.00034234851078397807 0.0005134788189987163
0 0.2642930503252311 0.19602053915275994 0.0013693940431359123 0.0007702182284980744
0 0.21054433413214652 0.19563543003851092 0.0006846970215679561 0.0005134788189987163
0 0.38822321122903114 0.1962772785622593 0.0006846970215679561 0.0023106546854942235
0 0.3216364258815474 0.19537869062901156 0.0010270455323519343 0.0005134788189987163
0 0.23793221499486478 0.19602053915275994 0.0006846970215679561 0.001797175866495507
0 0.21379664498459433 0.19537869062901156 0.00034234851078397807 0.0005134788189987163
0 0.140534063676823 0.19537869062901156 0.0010270455323519343 0.0005134788189987163
0 0.1376241013351592 0.19576379974326058 0.0013693940431359123 0.0012836970474967907
0 0.38257446080109553 0.1962772785622593 0.003765833618623759 0.0028241335044929395
0 0.37829510441629577 0.19537869062901156 0.0013693940431359123 0.0010269576379974327
0 0.3332762752482027 0.1951219512195122 0.0010270455323519343 0.0005134788189987163
0 0.31787059226292363 0.19563543003851092 0.002396439575487847 0.0015404364569961489
0 0.2591578226634714 0.19537869062901156 0.0013693940431359123 0.0010269576379974327
0 0.2404998288257446 0.19576379974326058 0.0010270455323519343 0.001797175866495507
0 0.22731941116056145 0.19550706033376122 0.003423485107839781 0.0012836970474967907
0 0.2550496405340637 0.19602053915275994 0.0020540910647038686 0.0028241335044929395
0 0.24306744265662444 0.19486521181001284 0.0006846970215679561 0.0005134788189987163
0 0.23416638137624102 0.19525032092426187 0.003423485107839781 0.0012836970474967907
0 0.24734679904142418 0.19679075738125804 0.009928106812735364 0.004878048780487805
0 0.23057172201300924 0.19473684210526315 0.0017117425539198905 0.0007702182284980744
0 0.1422458062307429 0.1949935815147625 0.0017117425539198905 0.0012836970474967907
0 0.40756590208832594 0.19422336328626444 0.00034234851078397807 0.00025673940949935817
0 0.1466963368709346 0.19473684210526315 0.0017117425539198905 0.0012836970474967907
0 0.21345429647381034 0.19422336328626444 0.0017117425539198905 0.0007702182284980744
0 0.3967819239986306 0.1944801026957638 0.0020540910647038686 0.001797175866495507
0 0.2232112290311537 0.1949935815147625 0.003423485107839781 0.0028241335044929395
0 0.34560082163642586 0.19370988446726572 0.0010270455323519343 0.0007702182284980744
0 0.21944539541252994 0.19486521181001284 0.0027387880862718246 0.0030808729139922978
0 0.13933584388907908 0.19358151476251603 0.0006846970215679561 0.0005134788189987163
0 0.3858267716535433 0.19370988446726572 0.0013693940431359123 0.0012836970474967907
0 0.3151318041766518 0.19473684210526315 0.002396439575487847 0.003337612323491656
0 0.2697706264977747 0.19358151476251603 0.0013693940431359123 0.0010269576379974327
0 0.26172543649435126 0.19358151476251603 0.0030811365970558027 0.0010269576379974327
0 0.25231085244779183 0.19370988446726572 0.0013693940431359123 0.0012836970474967907
0 0.1482369051694625 0.193196405648267 0.0013693940431359123 0.00025673940949935817
0 0.3827456350564875 0.19306803594351732 0.0006846970215679561 0.0005134788189987163
0 0.3796644984594317 0.19293966623876765 0.0006846970215679561 0.00025673940949935817
0 0.3777815816501198 0.19332477535301668 0.0017117425539198905 0.0010269576379974327
0 0.2374186922286888 0.19345314505776637 0.0017117425539198905 0.0012836970474967907
0 0.5030811365970558 0.1926829268292683 0.00034234851078397807 0.00025673940949935817
0 0.35587127695994525 0.19370988446726572 0.002396439575487847 0.0023106546854942235
0 0.25419376925710374 0.1926829268292683 0.00034234851078397807 0.00025673940949935817
0 0.3305374871619308 0.1926829268292683 0.00034234851078397807 0.0007702182284980744
0 0.23416638137624102 0.1925545571245186 0.0013693940431359123 0.0005134788189987163
0 0.19958918178705923 0.1926829268292683 0.0013693940431359123 0.0007702182284980744
0 0.3729887024991441 0.19216944801026958 0.00034234851078397807 0.00025673940949935817
0 0.33173570694967475 0.19191270860077023 0.0006846970215679561 0.00025673940949935817
0 0.20575145498117084 0.19216944801026958 0.0013693940431359123 0.0007702182284980744
0 0.3647723382403287 0.1920410783055199 0.0010270455323519343 0.0010269576379974327
0 0.3373844573776104 0.1970474967907574 0.017459774049982883 0.011039794608472401
0 0.3360150633344745 0.19165596919127087 0.00034234851078397807 0.00025673940949935817
0 0.3339609722697706 0.19178433889602053 0.00034234851078397807 0.0005134788189987163
0 0.32865457035261897 0.1920410783055199 0.0013693940431359123 0.0010269576379974327
0 0.3156453269428278 0.1920410783055199 0.0020540910647038686 0.0010269576379974327
0 0.3305374871619308 0.19152759948652118 0.00034234851078397807 0.0005134788189987163
0 0.21465251626155427 0.1913992297817715 0.0006846970215679561 0.00025673940949935817
0 0.5265320095857583 0.1913992297817715 0.0013693940431359123 0.0007702182284980744
0 0.2293735022252653 0.19229781771501925 0.0027387880862718246 0.0025673940949935813
0 0.33567271482369054 0.1908857509627728 0.00034234851078397807 0.00025673940949935817
0 0.3781239301609038 0.19062901155327341 0.0010270455323519343 0.0007702182284980744
0 0.36460116398493664 0.19050064184852375 0.0006846970215679561 0.0005134788189987163
0 0.5251626155426223 0.19037227214377406 0.0013693940431359123 0.0007702182284980744
0 0.5094145840465594 0.19050064184852375 0.0013693940431359123 0.0010269576379974327
0 0.20489558370421088 0.1902439024390244 0.0010270455323519343 0.0005134788189987163
0 0.1999315302978432 0.1907573812580231 0.0027387880862718246 0.0015404364569961489
0 0.3966107497432386 0.1908857509627728 0.0017117425539198905 0.0023106546854942235
0 0.10082163642588154 0.18985879332477534 0.00034234851078397807 0.00025673940949935817
0 0.31975350907223554 0.1920410783055199 0.0061622731941116055 0.005134788189987163
0 0.3329339267374187 0.18985879332477534 0.0017117425539198905 0.0012836970474967907
0 0.2326258130777131 0.19037227214377406 0.003765833618623759 0.0023106546854942235
0 0.13317357069496746 0.18947368421052632 0.0006846970215679561 0.0005134788189987163
0 0.5166039027730229 0.18947368421052632 0.0013693940431359123 0.0010269576379974327
0 0.3683669976035604 0.18921694480102697 0.0006846970215679561 0.0005134788189987163
0 0.24015748031496062 0.18947368421052632 0.0017117425539198905 0.0010269576379974327
0 0.21379664498459433 0.18934531450577663 0.0010270455323519343 0.0007702182284980744
0 0.33635741184525847 0.189602053915276 0.004450530640191715 0.001797175866495507
0 0.14412872304005478 0.18883183568677792 0.0006846970215679561 0.00025673940949935817
0 0.39934953782951044 0.18870346598202825 0.0010270455323519343 0.0005134788189987163
0 0.32745635056487504 0.19281129653401796 0.008558712769599451 0.008729139922978177
0 0.2423827456350565 0.18883183568677792 0.0013693940431359123 0.0007702182284980744
0 0.23861691201643273 0.19101412066752246 0.006846970215679562 0.005134788189987163
0 0.1937692571037316 0.1889602053915276 0.0013693940431359123 0.0010269576379974327
0 0.1389934953782951 0.18870346598202825 0.0006846970215679561 0.0005134788189987163
0 0.1906881205066758 0.18870346598202825 0.0013693940431359123 0.0010269576379974327
0 0.09483053748716193 0.18870346598202825 0.0020540910647038686 0.0010269576379974327
0 0.5135227661759671 0.18934531450577663 0.0027387880862718246 0.0028241335044929395
0 0.4014036288942143 0.1884467265725289 0.0010270455323519343 0.0010269576379974327
0 0.37555631633002395 0.1884467265725289 0.0006846970215679561 0.0010269576379974327
0 0.26805888394385485 0.1884467265725289 0.0013693940431359123 0.0010269576379974327
0 0.2406710030811366 0.18818998716302954 0.0006846970215679561 0.0005134788189987163
0 0.5143786374529271 0.18793324775353018 0.0010270455323519343 0.0005134788189987163
0 0.3669976035604245 0.18921694480102697 0.0020540910647038686 0.0030808729139922978
0 0.36973639164669636 0.18806161745827984 0.0013693940431359123 0.0012836970474967907
0 0.23810338925025676 0.18793324775353018 0.0017117425539198905 0.0010269576379974327
0 0.09671345429647381 0.1876765083440308 0.0010270455323519343 0.0005134788189987163
0 0.20181444710715507 0.1876765083440308 0.0017117425539198905 0.0010269576379974327
0 0.19787743923313933 0.18883183568677792 0.003423485107839781 0.0038510911424903724
0 0.32386169120164326 0.18754813863928113 0.0027387880862718246 0.001797175866495507
0 0.22851763094830538 0.1865211810012837 0.00034234851078397807 0.00025673940949935817
0 0.16638137624101335 0.18664955070603337 0.0006846970215679561 0.0005134788189987163
0 0.3625470729202328 0.18703465982028242 0.0027387880862718246 0.001797175866495507
0 0.09414584046559397 0.1865211810012837 0.0006846970215679561 0.0007702182284980744
0 0.36579938377268056 0.18664955070603337 0.0010270455323519343 0.0015404364569961489
0 0.3368709346114344 0.18664955070603337 0.0027387880862718246 0.0015404364569961489
0 0.22149948647723383 0.186392811296534 0.0013693940431359123 0.0010269576379974327
0 0.21071550838753852 0.1865211810012837 0.0010270455323519343 0.0012836970474967907
0 0.09825402259500171 0.186007702182285 0.0006846970215679561 0.00025673940949935817
0 0.23194111605614515 0.186007702182285 0.0030811365970558027 0.0007702182284980744
0 0.20027387880862718 0.18626444159178435 0.0013693940431359123 0.0012836970474967907
0 0.1893187264635399 0.1858793324775353 0.0013693940431359123 0.0005134788189987163
0 0.16929133858267717 0.186007702182285 0.0017117425539198905 0.0007702182284980744
0 0.1937692571037316 0.1858793324775353 0.0006846970215679561 0.0010269576379974327
0 0.19120164327285177 0.18562259306803594 0.0010270455323519343 0.0005134788189987163
0 0.43700787401574803 0.18549422336328628 0.002396439575487847 0.0007702182284980744
0 0.3729887024991441 0.18536585365853658 0.0010270455323519343 0.0005134788189987163
0 0.2622389592605272 0.18536585365853658 0.0013693940431359123 0.0005134788189987163
0 0.16295789113317358 0.18523748395378692 0.0006846970215679561 0.0007702182284980744
0 0.2233824032865457 0.1889602053915276 0.014036288942143102 0.008729139922978177
0 0.36990756590208834 0.1845956354300385 0.00034234851078397807 0.0005134788189987163
0 0.34440260184868193 0.18433889602053916 0.0013693940431359123 0.0005134788189987163
0 0.22954467648065732 0.18421052631578946 0.00034234851078397807 0.00025673940949935817
0 0.09910989387196166 0.18485237483953787 0.002396439575487847 0.0015404364569961489
0 0.4123587812393016 0.18369704749679075 0.00034234851078397807 0.00025673940949935817
0 0.3459431701472099 0.186392811296534 0.003765833618623759 0.005648267008985879
0 0.34902430674426566 0.18433889602053916 0.003765833618623759 0.0020539152759948653
0 0.3389250256761383 0.18485237483953787 0.0020540910647038686 0.0030808729139922978
0 0.19548099965765148 0.1834403080872914 0.0006846970215679561 0.00025673940949935817
0 0.49828825744608013 0.18318356867779204 0.00034234851078397807 0.00025673940949935817
0 0.2280041081821294 0.1834403080872914 0.0013693940431359123 0.0007702182284980744
0 0.13522766175967135 0.18318356867779204 0.0006846970215679561 0.00025673940949935817
0 0.3355015405682985 0.1840821566110398 0.004108182129407737 0.0025673940949935813
0 0.25077028414926394 0.18318356867779204 0.0010270455323519343 0.0007702182284980744
0 0.22372475179732967 0.1839537869062901 0.0010270455323519343 0.0023106546854942235
0 0.5121533721328312 0.18305519897304237 0.0020540910647038686 0.0010269576379974327
0 0.37761040739472784 0.18279845956354301 0.0006846970215679561 0.0005134788189987163
0 0.3640876412187607 0.18382541720154044 0.0030811365970558027 0.0025673940949935813
0 0.35244779185210545 0.18331193838254173 0.0017117425539198905 0.0015404364569961489
0 0.23502225265320095 0.18267008985879332 0.00034234851078397807 0.00025673940949935817
0 0.22543649435124957 0.18331193838254173 0.0010270455323519343 0.0015404364569961489
0 0.21071550838753852 0.18331193838254173 0.0010270455323519343 0.0015404364569961489
0 0.44162957891133175 0.18267008985879332 0.0006846970215679561 0.0007702182284980744
0 0.36939404313591234 0.18254172015404366 0.0006846970215679561 0.0005134788189987163
0 0.35039370078740156 0.18254172015404366 0.0010270455323519343 0.0005134788189987163
0 0.3584388907908251 0.1834403080872914 0.006846970215679562 0.0028241335044929395
0 0.2374186922286888 0.18241335044929397 0.0010270455323519343 0.0007702182284980744
0 0.18794933242040396 0.1822849807445443 0.0006846970215679561 0.0005134788189987163
0 0.5046217048955837 0.18189987163029525 0.0006846970215679561 0.0007702182284980744
0 0.4128723040054776 0.18241335044929397 0.0013693940431359123 0.001797175866495507
0 0.3702499144128723 0.18177150192554556 0.00034234851078397807 0.0005134788189987163
0 0.23313933584388907 0.18177150192554556 0.0006846970215679561 0.0005134788189987163
0 0.41800753166723725 0.1816431322207959 0.0013693940431359123 0.0007702182284980744
0 0.34491612461485793 0.18202824133504492 0.0017117425539198905 0.0015404364569961489
0 0.3467990414241698 0.1815147625160462 0.0013693940431359123 0.0010269576379974327
0 0.33806915439917834 0.18112965340179718 0.00034234851078397807 0.00025673940949935817
0 0.37401574803149606 0.18061617458279847 0.00034234851078397807 0.00025673940949935817
0 0.36015063334474495 0.1810012836970475 0.0013693940431359123 0.0010269576379974327
0 0.32403286545703525 0.18061617458279847 0.00034234851078397807 0.00025673940949935817
0 0.1937692571037316 0.18061617458279847 0.0006846970215679561 0.00025673940949935817
0 0.171858952413557 0.18087291399229782 0.0006846970215679561 0.0007702182284980744
0 0.23656282095172887 0.18048780487804877 0.0006846970215679561 0.0005134788189987163
0 0.5077028414926396 0.18023106546854942 0.0006846970215679561 0.0005134788189987163
0 0.42074631975350907 0.18048780487804877 0.0013693940431359123 0.0010269576379974327
0 0.22868880520369736 0.18010269576379975 0.0006846970215679561 0.00025673940949935817
0 0.22149948647723383 0.1803594351732991 0.0006846970215679561 0.0007702182284980744
0 0.21619308456008215 0.1798459563543004 0.00034234851078397807 0.00025673940949935817
0 0.12889421431016776 0.18010269576379975 0.0017117425539198905 0.0007702182284980744
0 0.375042793563848 0.17958921694480104 0.00034234851078397807 0.00025673940949935817
0 0.3575830195138651 0.1797175866495507 0.002396439575487847 0.0005134788189987163
0 0.22595001711742554 0.1797175866495507 0.0006846970215679561 0.0005134788189987163
0 0.20540910647038685 0.1797175866495507 0.0006846970215679561 0.0005134788189987163
0 0.3764121876069839 0.18048780487804877 0.0030811365970558027 0.0025673940949935813
0 0.36323176994180073 0.1797175866495507 0.0013693940431359123 0.0010269576379974327
0 0.3486819582334817 0.1797175866495507 0.0010270455323519343 0.0010269576379974327
0 0.12598425196850394 0.1798459563543004 0.0013693940431359123 0.0012836970474967907
0 0.5065046217048956 0.17933247753530168 0.0010270455323519343 0.0007702182284980744
0 0.36169120164327284 0.17946084724005135 0.0010270455323519343 0.0010269576379974327
0 0.35193426908592945 0.1798459563543004 0.004108182129407737 0.001797175866495507
0 0.36511468675111264 0.17933247753530168 0.0010270455323519343 0.0012836970474967907
0 0.25710373159876754 0.17933247753530168 0.0013693940431359123 0.0012836970474967907
0 0.1593632317699418 0.179204107830552 0.0010270455323519343 0.0010269576379974327
0 0.12923656282095172 0.17881899871630294 0.00034234851078397807 0.00025673940949935817
0 0.3733310510099281 0.1790757381258023 0.002396439575487847 0.0012836970474967907
0 0.3806915439917836 0.17869062901155328 0.0006846970215679561 0.0010269576379974327
0 0.13180417665183156 0.17856225930680358 0.0013693940431359123 0.0007702182284980744
0 0.12769599452242383 0.17843388960205392 0.0006846970215679561 0.0005134788189987163
0 0.24922971585073606 0.18613607188703465 0.02533378979801438 0.016431322207958923
0 0.24186922286888052 0.17869062901155328 0.002396439575487847 0.0015404364569961489
0 0.2204724409448819 0.17804878048780487 0.0006846970215679561 0.00025673940949935817
0 0.19907565902088326 0.17804878048780487 0.0010270455323519343 0.0007702182284980744
0 0.3493666552550496 0.1777920410783055 0.0017117425539198905 0.0012836970474967907
0 0.25368024649092774 0.1779204107830552 0.0027387880862718246 0.0015404364569961489
0 0.2293735022252653 0.1772785622593068 0.0006846970215679561 0.00025673940949935817
0 0.16141732283464566 0.1772785622593068 0.00034234851078397807 0.00025673940949935817
0 0.36374529270797673 0.1772785622593068 0.0010270455323519343 0.0007702182284980744
0 0.24957206436152002 0.17702182284980744 0.0006846970215679561 0.00025673940949935817
0 0.359123587812393 0.17766367137355585 0.0027387880862718246 0.0020539152759948653
0 0.34149263950701814 0.18023106546854942 0.005135227661759671 0.007188703465982028
0 0.21653543307086615 0.17676508344030809 0.00034234851078397807 0.00025673940949935817
0 0.14036288942143102 0.17702182284980744 0.0013693940431359123 0.0007702182284980744
0 0.42297158507360494 0.21951219512195122 0.1735706949674769 0.08626444159178434
0 0.2622389592605272 0.17689345314505778 0.0020540910647038686 0.0010269576379974327
0 0.24340979116740843 0.17702182284980744 0.0020540910647038686 0.0012836970474967907
0 0.15183156453269428 0.17676508344030809 0.0010270455323519343 0.0007702182284980744
0 0.1372817528243752 0.1772785622593068 0.003423485107839781 0.001797175866495507
0 0.49623416638137624 0.17766367137355585 0.005819924683327628 0.0030808729139922978
0 0.16227319411160562 0.17637997432605906 0.0006846970215679561 0.0005134788189987163
0 0.15713796644984596 0.17625160462130937 0.0006846970215679561 0.00025673940949935817
0 0.38188976377952755 0.17573812580231066 0.00034234851078397807 0.00025673940949935817
0 0.24751797329681616 0.17612323491655968 0.0020540910647038686 0.0010269576379974327
0 0.23622047244094488 0.17586649550706032 0.0006846970215679561 0.0005134788189987163
0 0.2310852447791852 0.17637997432605906 0.0006846970215679561 0.0015404364569961489
0 0.19120164327285177 0.17612323491655968 0.0010270455323519343 0.0010269576379974327
0 0.37401574803149606 0.17612323491655968 0.0010270455323519343 0.0015404364569961489
0 0.3081136597055803 0.17560975609756097 0.0006846970215679561 0.0005134788189987163
0 0.35946593632317697 0.1753530166880616 0.0006846970215679561 0.0005134788189987163
0 0.3166723724751797 0.17522464698331194 0.0013693940431359123 0.0007702182284980744
0 0.265491270112975 0.17509627727856225 0.00034234851078397807 0.0005134788189987163
0 0.24392331393358438 0.17509627727856225 0.0010270455323519343 0.0005134788189987163
0 0.22509414584046558 0.17522464698331194 0.0017117425539198905 0.0007702182284980744
0 0.1502909962341664 0.17509627727856225 0.0006846970215679561 0.0005134788189987163
0 0.13385826771653545 0.1754813863928113 0.0020540910647038686 0.0012836970474967907
0 0.13077713111947964 0.17599486521181001 0.0013693940431359123 0.0023106546854942235
0 0.2266347141389935 0.17471116816431323 0.0006846970215679561 0.00025673940949935817
0 0.35381718589524136 0.17637997432605906 0.006504621704895584 0.004107830551989731
0 0.28688805203697365 0.17471116816431323 0.0006846970215679561 0.0007702182284980744
0 0.2577884286203355 0.17509627727856225 0.0020540910647038686 0.0015404364569961489
0 0.3669976035604245 0.17432605905006418 0.0006846970215679561 0.0005134788189987163
0 0.2218418349880178 0.17432605905006418 0.0006846970215679561 0.0005134788189987163
0 0.3675111263266005 0.1772785622593068 0.009243409791167409 0.00693196405648267
0 0.2483738445737761 0.17419768934531452 0.0030811365970558027 0.0007702182284980744
0 0.3091407052379322 0.17445442875481387 0.0027387880862718246 0.001797175866495507
0 0.17203012666894898 0.17381258023106547 0.0017117425539198905 0.0005134788189987163
0 0.19188634029441973 0.17342747111681645 0.00034234851078397807 0.00025673940949935817
0 0.375042793563848 0.1748395378690629 0.00718931872646354 0.004107830551989731
0 0.24957206436152002 0.17317073170731706 0.0013693940431359123 0.0007702182284980744
0 0.3659705580280726 0.17265725288831835 0.0006846970215679561 0.00025673940949935817
0 0.34697021567956177 0.17471116816431323 0.011297500855871277 0.0043645699614890884
0 0.33567271482369054 0.17663671373555842 0.011297500855871277 0.008215661103979461
0 0.23553577541937692 0.1730423620025674 0.0027387880862718246 0.0010269576379974327
0 0.22680588839438548 0.1730423620025674 0.0017117425539198905 0.0010269576379974327
0 0.26959945224238274 0.1749679075738126 0.005135227661759671 0.005391527599486521
0 0.2468332762752482 0.17265725288831835 0.004108182129407737 0.0012836970474967907
0 0.23074289626840122 0.1735558408215661 0.003423485107839781 0.0030808729139922978
0 0.2774734679904142 0.172400513478819 0.0017117425539198905 0.0012836970474967907
0 0.17100308113659707 0.17214377406931963 0.0010270455323519343 0.0007702182284980744
0 0.3765833618623759 0.17201540436456997 0.0006846970215679561 0.0010269576379974327
0 0.2846627867168778 0.17252888318356868 0.003765833618623759 0.0025673940949935813
0 0.2377610407394728 0.17150192554557125 0.0010270455323519343 0.0005134788189987163
0 0.3500513522766176 0.17163029525032092 0.0010270455323519343 0.0012836970474967907
0 0.2803834303320781 0.1717586649550706 0.0013693940431359123 0.0015404364569961489
0 0.2423827456350565 0.17150192554557125 0.0013693940431359123 0.0010269576379974327
0 0.4274221157137966 0.17098844672657254 0.0010270455323519343 0.0005134788189987163
0 0.3647723382403287 0.17098844672657254 0.0010270455323519343 0.0005134788189987163
0 0.3557001027045532 0.17098844672657254 0.0006846970215679561 0.0005134788189987163
0 0.22885997945908934 0.1712451861360719 0.002396439575487847 0.0010269576379974327
0 0.5171174255391989 0.1706033376123235 0.00034234851078397807 0.00025673940949935817
0 0.36768230058199247 0.17073170731707318 0.0006846970215679561 0.0005134788189987163
0 0.23502225265320095 0.17073170731707318 0.00034234851078397807 0.0005134788189987163
0 0.2232112290311537 0.17201540436456997 0.004792879150975694 0.003594351732991014
0 0.27148236905169465 0.17073170731707318 0.0027387880862718246 0.0015404364569961489
0 0.25419376925710374 0.17227214377406933 0.005819924683327628 0.004621309370988447
0 0.23245463882232112 0.17086007702182285 0.0020540910647038686 0.001797175866495507
0 0.1655255049640534 0.17008985879332478 0.00034234851078397807 0.00025673940949935817
0 0.34697021567956177 0.16996148908857509 0.00034234851078397807 0.0005134788189987163
0 0.3319068812050668 0.17073170731707318 0.002396439575487847 0.0020539152759948653
0 0.30366312906538856 0.1706033376123235 0.0020540910647038686 0.001797175866495507
0 0.2865457035261897 0.17034659820282413 0.0027387880862718246 0.0012836970474967907
0 0.29031153714481345 0.17137355584082156 0.003423485107839781 0.0038510911424903724
0 0.2420403971242725 0.16996148908857509 0.0013693940431359123 0.0010269576379974327
0 0.15559739815131804 0.16957637997432606 0.00034234851078397807 0.00025673940949935817
0 0.5111263266004793 0.16957637997432606 0.0013693940431359123 0.0007702182284980744
0 0.38052036973639164 0.16996148908857509 0.002396439575487847 0.0015404364569961489
0 0.28825744608010956 0.16944801026957637 0.0006846970215679561 0.0005134788189987163
0 0.2740499828825745 0.17073170731707318 0.002396439575487847 0.0030808729139922978
0 0.2564190345771996 0.17008985879332478 0.0013693940431359123 0.001797175866495507
0 0.359294762067785 0.17008985879332478 0.002396439575487847 0.0023106546854942235
0 0.5142074631975351 0.16957637997432606 0.0020540910647038686 0.001797175866495507
0 0.3681958233481684 0.168806161745828 0.00034234851078397807 0.00025673940949935817
0 0.3300239643957549 0.1693196405648267 0.0027387880862718246 0.0012836970474967907
0 0.43529613146182816 0.16854942233632864 0.00034234851078397807 0.00025673940949935817
0 0.36648408079424855 0.168806161745828 0.0010270455323519343 0.0007702182284980744
0 0.3332762752482027 0.1686777920410783 0.00034234851078397807 0.0005134788189987163
0 0.28209517288599795 0.16906290115532735 0.004792879150975694 0.0012836970474967907
0 0.24803149606299213 0.16919127086007701 0.002396439575487847 0.0015404364569961489
0 0.23485107839780897 0.16893453145057766 0.0013693940431359123 0.0010269576379974327
0 0.23057172201300924 0.1686777920410783 0.0010270455323519343 0.0005134788189987163
0 0.2262923656282095 0.1693196405648267 0.0027387880862718246 0.001797175866495507
0 0.13351591920575145 0.16854942233632864 0.0006846970215679561 0.00025673940949935817
0 0.27867168777815815 0.16842105263157894 0.0006846970215679561 0.0005134788189987163
0 0.2762752482026703 0.16829268292682928 0.0006846970215679561 0.00025673940949935817
0 0.2204724409448819 0.168806161745828 0.003423485107839781 0.0012836970474967907
0 0.11074974323861692 0.16829268292682928 0.00034234851078397807 0.00025673940949935817
0 0.5116398493666553 0.16829268292682928 0.0010270455323519343 0.0007702182284980744
0 0.3716193084560082 0.16829268292682928 0.0017117425539198905 0.0007702182284980744
0 0.29732968161588497 0.17034659820282413 0.00718931872646354 0.004878048780487805
0 0.36357411845258475 0.16777920410783057 0.0006846970215679561 0.00025673940949935817
0 0.2572749058541595 0.16790757381258023 0.0010270455323519343 0.0005134788189987163
0 0.250085587127696 0.1693196405648267 0.003765833618623759 0.003337612323491656
0 0.1484080794248545 0.16842105263157894 0.0010270455323519343 0.0015404364569961489
0 0.3731598767545361 0.16777920410783057 0.0006846970215679561 0.0007702182284980744
0 0.34012324546388223 0.16919127086007701 0.006504621704895584 0.003594351732991014
0 0.2894556658678535 0.16803594351732992 0.002396439575487847 0.0012836970474967907
0 0.27079767203012667 0.16777920410783057 0.0006846970215679561 0.0007702182284980744
0 0.2637795275590551 0.1706033376123235 0.011982197877439232 0.006418485237483954
0 0.16141732283464566 0.16906290115532735 0.0030811365970558027 0.003337612323491656
0 0.2858610065046217 0.16739409499358152 0.0027387880862718246 0.0005134788189987163
0 0.27918521054433415 0.16739409499358152 0.0010270455323519343 0.0005134788189987163
0 0.25419376925710374 0.16842105263157894 0.0017117425539198905 0.0025673940949935813
0 0.35587127695994525 0.16713735558408216 0.00034234851078397807 0.0005134788189987163
0 0.296987333105101 0.16752246469833118 0.0017117425539198905 0.0012836970474967907
0 0.24289626840123246 0.16752246469833118 0.0010270455323519343 0.0012836970474967907
0 0.2297158507360493 0.16726572528883182 0.0006846970215679561 0.0007702182284980744
0 0.13642588154741528 0.16713735558408216 0.0010270455323519343 0.0005134788189987163
0 0.1220472440944882 0.16713735558408216 0.00034234851078397807 0.0005134788189987163
0 0.4435124957206436 0.16700898587933247 0.0010270455323519343 0.0007702182284980744
0 0.3341321465251626 0.16713735558408216 0.004108182129407737 0.0010269576379974327
0 0.32882574460801095 0.16752246469833118 0.002396439575487847 0.001797175866495507
0 0.30571722013009245 0.16726572528883182 0.0020540910647038686 0.0012836970474967907
0 0.24974323861691203 0.1667522464698331 0.00034234851078397807 0.00025673940949935817
0 0.3724751797329682 0.16662387676508345 0.0006846970215679561 0.0005134788189987163
0 0.3673399520712085 0.1667522464698331 0.0006846970215679561 0.0007702182284980744
0 0.3416638137624101 0.1668806161745828 0.003423485107839781 0.0010269576379974327
0 0.16039027730229374 0.1667522464698331 0.0017117425539198905 0.0007702182284980744
0 0.35244779185210545 0.16611039794608473 0.00034234851078397807 0.0005134788189987163
0 0.2697706264977747 0.1662387676508344 0.0006846970215679561 0.0007702182284980744
0 0.26651831564532696 0.16611039794608473 0.0030811365970558027 0.0010269576379974327
0 0.25830195138651146 0.1667522464698331 0.00718931872646354 0.0023106546854942235
0 0.15268743580965422 0.16739409499358152 0.005477576172543649 0.003594351732991014
0 0.36579938377268056 0.16572528883183568 0.0010270455323519343 0.0007702182284980744
0 0.3360150633344745 0.16572528883183568 0.0017117425539198905 0.0007702182284980744
0 0.3298527901403629 0.16585365853658537 0.002396439575487847 0.0010269576379974327
0 0.29938377268058886 0.16585365853658537 0.002396439575487847 0.0010269576379974327
0 0.22081478945566588 0.16585365853658537 0.0006846970215679561 0.0010269576379974327
0 0.4512153372132831 0.16546854942233633 0.0013693940431359123 0.0007702182284980744
0 0.33310510099281065 0.16559691912708602 0.0013693940431359123 0.0010269576379974327
0 0.2923656282095173 0.1667522464698331 0.007531667237247518 0.003337612323491656
0 0.2627524820267032 0.16585365853658537 0.0030811365970558027 0.0015404364569961489
0 0.3271140020540911 0.16534017971758666 0.0017117425539198905 0.0010269576379974327
0 0.14892160219103046 0.16585365853658537 0.0020540910647038686 0.0020539152759948653
0 0.13557001027045532 0.1649550706033376 0.0006846970215679561 0.00025673940949935817
0 0.35604245121533723 0.1649550706033376 0.0006846970215679561 0.0007702182284980744
0 0.25059910989387196 0.1649550706033376 0.0006846970215679561 0.0007702182284980744
0 0.22389592605272168 0.16559691912708602 0.0013693940431359123 0.0020539152759948653
0 0.36015063334474495 0.16456996148908856 0.0006846970215679561 0.0005134788189987163
0 0.30588839438548443 0.16469833119383825 0.0010270455323519343 0.0007702182284980744
0 0.3028072577884286 0.16572528883183568 0.002396439575487847 0.0028241335044929395
0 0.16090380006846972 0.16482670089858795 0.0020540910647038686 0.0010269576379974327
0 0.23690516946251283 0.1644415917843389 0.0013693940431359123 0.0007702182284980744
0 0.4510441629578911 0.16405648267008985 0.00034234851078397807 0.0005134788189987163
0 0.3010955152345087 0.16405648267008985 0.0010270455323519343 0.0005134788189987163
0 0.2776446422458062 0.16482670089858795 0.0061622731941116055 0.0020539152759948653
0 0.15217391304347827 0.16469833119383825 0.0030811365970558027 0.001797175866495507
0 0.1324888736733995 0.16405648267008985 0.0006846970215679561 0.0005134788189987163
0 0.47381033892502566 0.16405648267008985 0.0013693940431359123 0.0010269576379974327
0 0.3402944197192742 0.1644415917843389 0.0013693940431359123 0.001797175866495507
0 0.2942485450188292 0.16405648267008985 0.0017117425539198905 0.0010269576379974327
0 0.29116740842177335 0.16405648267008985 0.0017117425539198905 0.0010269576379974327
0 0.26651831564532696 0.16405648267008985 0.0030811365970558027 0.0010269576379974327
0 0.25402259500171176 0.16469833119383825 0.003423485107839781 0.0023106546854942235
0 0.3719616569667922 0.16405648267008985 0.0030811365970558027 0.0015404364569961489
0 0.2560766860664156 0.16341463414634147 0.0006846970215679561 0.00025673940949935817
0 0.3004108182129408 0.1631578947368421 0.0010270455323519343 0.0007702182284980744
0 0.29664498459431704 0.16392811296534018 0.002396439575487847 0.0023106546854942235
0 0.2293735022252653 0.16302952503209242 0.0006846970215679561 0.0005134788189987163
0 0.2262923656282095 0.16302952503209242 0.0006846970215679561 0.0005134788189987163
0 0.37470044505306405 0.1643132220795892 0.0030811365970558027 0.003594351732991014
0 0.3389250256761383 0.16302952503209242 0.0006846970215679561 0.0010269576379974327
0 0.33567271482369054 0.16277278562259306 0.0017117425539198905 0.0005134788189987163
0 0.21910304690174598 0.1625160462130937 0.0006846970215679561 0.0005134788189987163
0 0.21431016775077028 0.1625160462130937 0.0006846970215679561 0.0005134788189987163
0 0.16124614857925368 0.1625160462130937 0.0006846970215679561 0.0005134788189987163
0 0.14173228346456693 0.17073170731707318 0.028072577884286205 0.016944801026957636
0 0.37213283122218416 0.16225930680359435 0.0013693940431359123 0.0005134788189987163
0 0.34560082163642586 0.16225930680359435 0.0010270455323519343 0.0005134788189987163
0 0.28209517288599795 0.16238767650834404 0.0020540910647038686 0.0007702182284980744
0 0.15593974666210203 0.16341463414634147 0.0030811365970558027 0.0028241335044929395
0 0.3079424854501883 0.16187419768934533 0.00034234851078397807 0.00025673940949935817
0 0.2933926737418692 0.16225930680359435 0.0013693940431359123 0.0010269576379974327
0 0.2860321807600137 0.1631578947368421 0.005135227661759671 0.0028241335044929395
0 0.2769599452242383 0.16225930680359435 0.0013693940431359123 0.0010269576379974327
0 0.2699418007531667 0.16187419768934533 0.00034234851078397807 0.00025673940949935817
0 0.3779527559055118 0.16213093709884469 0.003423485107839781 0.0012836970474967907
0 0.3493666552550496 0.1625160462130937 0.002396439575487847 0.0020539152759948653
0 0.33224922971585075 0.16213093709884469 0.0017117425539198905 0.0012836970474967907
0 0.17408421773365285 0.162002567394095 0.0010270455323519343 0.0010269576379974327
0 0.15405682985279015 0.16161745827984594 0.0006846970215679561 0.00025673940949935817
0 0.15011982197877438 0.16213093709884469 0.002396439575487847 0.0012836970474967907
0 0.4979459089352961 0.16174582798459564 0.0017117425539198905 0.0010269576379974327
0 0.3702499144128723 0.16148908857509628 0.00034234851078397807 0.0005134788189987163
0 0.26189661074974324 0.16290115532734276 0.010270455323519343 0.003337612323491656
0 0.4471071550838754 0.1790757381258023 0.12393016090380007 0.0362002567394095
0 0.31633002396439575 0.16123234916559692 0.0013693940431359123 0.0005134788189987163
0 0.2906538856555974 0.16161745827984594 0.0013693940431359123 0.0012836970474967907
0 0.48356727148236905 0.16097560975609757 0.00034234851078397807 0.0005134788189987163
0 0.359637110578569 0.16084724005134787 0.00034234851078397807 0.00025673940949935817
0 0.3396097226977063 0.16110397946084723 0.0006846970215679561 0.0007702182284980744
0 0.2997261211913728 0.16161745827984594 0.003765833618623759 0.001797175866495507
0 0.11605614515576858 0.16097560975609757 0.0020540910647038686 0.0005134788189987163
0 0.3298527901403629 0.16084724005134787 0.0010270455323519343 0.0007702182284980744
0 0.2957891133173571 0.1607188703465982 0.0013693940431359123 0.0005134788189987163
0 0.27422115713796646 0.16110397946084723 0.0020540910647038686 0.0012836970474967907
0 0.48784662786716876 0.16033376123234916 0.0006846970215679561 0.0007702182284980744
0 0.25556316330023965 0.1613607188703466 0.003765833618623759 0.0028241335044929395
0 0.16090380006846972 0.16046213093709885 0.0020540910647038686 0.0010269576379974327
0 0.1124614857925368 0.1600770218228498 0.00034234851078397807 0.00025673940949935817
0 0.38103389250256764 0.1600770218228498 0.0013693940431359123 0.0007702182284980744
0 0.5 0.5798459563543004 1.0 0.8403080872913993
0 0.23005819924683327 0.1600770218228498 0.0013693940431359123 0.0007702182284980744
0 0.11057856898322492 0.15994865211810014 0.0006846970215679561 0.0005134788189987163
0 0.34765491270112975 0.1600770218228498 0.0017117425539198905 0.0012836970474967907
0 0.28774392331393356 0.1600770218228498 0.002396439575487847 0.0012836970474967907
0 0.281581650119822 0.15994865211810014 0.0017117425539198905 0.0010269576379974327
0 0.3767545361177679 0.1595635430038511 0.0017117425539198905 0.0012836970474967907
0 0.3729887024991441 0.15917843388960207 0.00034234851078397807 0.0005134788189987163
0 0.37213283122218416 0.15917843388960207 0.0006846970215679561 0.0005134788189987163
0 0.36785347483738445 0.15943517329910142 0.0030811365970558027 0.0010269576379974327
0 0.35946593632317697 0.15879332477535302 0.0006846970215679561 0.00025673940949935817
0 0.32728517630948306 0.15892169448010268 0.0013693940431359123 0.0005134788189987163
0 0.31290653885655595 0.1600770218228498 0.003423485107839781 0.0028241335044929395
0 0.30588839438548443 0.15930680359435173 0.0017117425539198905 0.0012836970474967907
0 0.30075316672372476 0.15905006418485237 0.004450530640191715 0.0007702182284980744
0 0.2935638479972612 0.15917843388960207 0.004450530640191715 0.0015404364569961489
0 0.2670318384115029 0.15879332477535302 0.0013693940431359123 0.0007702182284980744
0 0.2636083533036631 0.15853658536585366 0.0006846970215679561 0.00025673940949935817
0 0.2622389592605272 0.1595635430038511 0.0027387880862718246 0.0023106546854942235
0 0.4625128380691544 0.15840821566110397 0.0006846970215679561 0.0005134788189987163
0 0.46011639849366653 0.15853658536585366 0.0013693940431359123 0.0007702182284980744
0 0.3087983567271482 0.15917843388960207 0.0020540910647038686 0.0020539152759948653
0 0.16090380006846972 0.15840821566110397 0.0006846970215679561 0.0005134788189987163
0 0.3844573776104074 0.1581514762516046 0.0006846970215679561 0.0005134788189987163
0 0.2901403628894214 0.1581514762516046 0.0010270455323519343 0.0005134788189987163
0 0.25231085244779183 0.15853658536585366 0.0013693940431359123 0.0012836970474967907
0 0.4589181787059226 0.1577663671373556 0.00034234851078397807 0.00025673940949935817
0 0.3418349880178021 0.15840821566110397 0.0030811365970558027 0.0015404364569961489
0 0.3332762752482027 0.15930680359435173 0.005135227661759671 0.003337612323491656
0 0.31769941800753165 0.15866495507060333 0.004792879150975694 0.0020539152759948653
0 0.2762752482026703 0.1582798459563543 0.0027387880862718246 0.0012836970474967907
0 0.27302293735022254 0.1581514762516046 0.0017117425539198905 0.0010269576379974327
0 0.4659363231769942 0.15853658536585366 0.0020540910647038686 0.0023106546854942235
0 0.36990756590208834 0.15789473684210525 0.0010270455323519343 0.0010269576379974327
0 0.2879150975693256 0.1576379974326059 0.0013693940431359123 0.0005134788189987163
0 0.280896953098254 0.1577663671373556 0.0010270455323519343 0.0007702182284980744
0 0.3738445737761041 0.15738125802310654 0.0006846970215679561 0.0005134788189987163
0 0.3242040397124272 0.1582798459563543 0.003423485107839781 0.0023106546854942235
0 0.2851763094830537 0.15789473684210525 0.003423485107839781 0.0015404364569961489
0 0.37555631633002395 0.15725288831835688 0.0006846970215679561 0.0007702182284980744
0 0.1641561109209175 0.15725288831835688 0.0010270455323519343 0.0007702182284980744
0 0.4517288599794591 0.15699614890885752 0.002396439575487847 0.0007702182284980744
0 0.3800068469702157 0.15712451861360718 0.0006846970215679561 0.0010269576379974327
0 0.3045190003423485 0.15686777920410783 0.0010270455323519343 0.0005134788189987163
0 0.2564190345771996 0.15789473684210525 0.004792879150975694 0.0025673940949935813
0 0.2511126326600479 0.15673940949935816 0.00034234851078397807 0.00025673940949935817
0 0.3521054433413215 0.15686777920410783 0.0017117425539198905 0.0010269576379974327
0 0.3467990414241698 0.1564826700898588 0.0013693940431359123 0.0007702182284980744
0 0.296302636083533 0.15686777920410783 0.005819924683327628 0.0015404364569961489
0 0.29168093118794935 0.15686777920410783 0.0020540910647038686 0.0015404364569961489
0 0.2865457035261897 0.15622593068035945 0.0006846970215679561 0.00025673940949935817
0 0.27850051352276617 0.15686777920410783 0.0017117425539198905 0.0015404364569961489
0 0.2615542622389593 0.15661103979460847 0.0013693940431359123 0.0010269576379974327
0 0.25487846627867167 0.1564826700898588 0.0010270455323519343 0.0007702182284980744
0 0.46473810338925026 0.15622593068035945 0.0010270455323519343 0.0007702182284980744
0 0.46011639849366653 0.15609756097560976 0.0006846970215679561 0.0005134788189987163
0 0.3675111263266005 0.15596919127086006 0.00034234851078397807 0.00025673940949935817
0 0.2879150975693256 0.15596919127086006 0.0006846970215679561 0.00025673940949935817
0 0.45703526189661076 0.15609756097560976 0.0020540910647038686 0.0010269576379974327
0 0.3481684354673057 0.15609756097560976 0.0013693940431359123 0.0010269576379974327
0 0.34337555631633004 0.15596919127086006 0.0013693940431359123 0.0007702182284980744
0 0.33721328312221843 0.15673940949935816 0.004792879150975694 0.0023106546854942235
0 0.32129407737076343 0.15622593068035945 0.002396439575487847 0.0012836970474967907
0 0.2764464224580623 0.1558408215661104 0.0010270455323519343 0.0005134788189987163
0 0.2672030126668949 0.1558408215661104 0.0030811365970558027 0.0010269576379974327
0 0.4609722697706265 0.155198973042362 0.0010270455323519343 0.0007702182284980744
0 0.45908935296131465 0.15494223363286264 0.0006846970215679561 0.00025673940949935817
0 0.3079424854501883 0.1558408215661104 0.0017117425539198905 0.0025673940949935813
0 0.29476206778500513 0.15532734274711169 0.0020540910647038686 0.0015404364569961489
0 0.2831222184183499 0.155198973042362 0.0013693940431359123 0.0012836970474967907
0 0.28141047586442997 0.15507060333761233 0.0006846970215679561 0.0010269576379974327
0 0.2923656282095173 0.15468549422336328 0.0006846970215679561 0.0007702182284980744
0 0.2685724067100308 0.15455712451861361 0.0010270455323519343 0.0005134788189987163
0 0.3368709346114344 0.15417201540436457 0.0006846970215679561 0.00025673940949935817
0 0.28996918863402943 0.15417201540436457 0.0006846970215679561 0.00025673940949935817
0 0.2567613830879836 0.15442875481386392 0.0006846970215679561 0.0007702182284980744
0 0.469359808284834 0.155198973042362 0.003423485107839781 0.0028241335044929395
0 0.3459431701472099 0.15417201540436457 0.0010270455323519343 0.0007702182284980744
0 0.27302293735022254 0.15417201540436457 0.0017117425539198905 0.0007702182284980744
0 0.26343717904827113 0.1540436456996149 0.0017117425539198905 0.0005134788189987163
0 0.296302636083533 0.15378690629011554 0.0010270455323519343 0.0005134788189987163
0 0.37709688462855184 0.15365853658536585 0.0010270455323519343 0.0007702182284980744
0 0.3171858952413557 0.15532734274711169 0.003765833618623759 0.004107830551989731
0 0.31359123587812393 0.15430038510911426 0.0027387880862718246 0.0020539152759948653
0 0.46490927764464224 0.1539152759948652 0.003423485107839781 0.0023106546854942235
0 0.32180760013693943 0.1535301668806162 0.0013693940431359123 0.0015404364569961489
0 0.3034919548099966 0.15314505776636714 0.0010270455323519343 0.0007702182284980744
0 0.4732968161588497 0.1527599486521181 0.00034234851078397807 0.0005134788189987163
0 0.34423142759328995 0.15288831835686778 0.0010270455323519343 0.0007702182284980744
0 0.30212256076686067 0.15263157894736842 0.0010270455323519343 0.00025673940949935817
0 0.2762752482026703 0.15365853658536585 0.0027387880862718246 0.0023106546854942235
0 0.26805888394385485 0.1527599486521181 0.0006846970215679561 0.0005134788189987163
0 0.2921944539541253 0.15237483953786907 0.00034234851078397807 0.00025673940949935817
0 0.484423142759329 0.15224646983311937 0.0006846970215679561 0.0005134788189987163
0 0.2885997945908935 0.15301668806161745 0.004108182129407737 0.0020539152759948653
0 0.2636083533036631 0.15198973042362002 0.0006846970215679561 0.0005134788189987163
0 0.26172543649435126 0.1521181001283697 0.0010270455323519343 0.0007702182284980744
0 0.30571722013009245 0.15173299101412066 0.0006846970215679561 0.0005134788189987163
0 0.28414926395070184 0.1521181001283697 0.0006846970215679561 0.0012836970474967907
0 0.16518315645326942 0.15173299101412066 0.00034234851078397807 0.0005134788189987163
0 0.3236905169462513 0.1521181001283697 0.002396439575487847 0.001797175866495507
0 0.31684354673057175 0.15186136071887035 0.0010270455323519343 0.0012836970474967907
0 0.4852790140362889 0.15121951219512195 0.0010270455323519343 0.0005134788189987163
0 0.31958233481684356 0.15121951219512195 0.0010270455323519343 0.0010269576379974327
0 0.3108524477918521 0.1509627727856226 0.0006846970215679561 0.0005134788189987163
0 0.2875727490585416 0.15109114249037228 0.0006846970215679561 0.0007702182284980744
0 0.2761040739472783 0.1514762516046213 0.002396439575487847 0.0015404364569961489
0 0.3221499486477234 0.1509627727856226 0.0006846970215679561 0.0010269576379974327
0 0.31359123587812393 0.1509627727856226 0.0013693940431359123 0.0015404364569961489
0 0.34491612461485793 0.15083440308087293 0.002396439575487847 0.001797175866495507
0 0.296816158849709 0.15083440308087293 0.0013693940431359123 0.001797175866495507
0 0.3000684697021568 0.15006418485237483 0.0010270455323519343 0.0007702182284980744
0 0.28534748373844576 0.15006418485237483 0.0010270455323519343 0.0007702182284980744
0 0.08541595344060253 0.14929396662387676 0.00034234851078397807 0.00025673940949935817
0 0.3019513865114687 0.14942233632862645 0.0013693940431359123 0.0010269576379974327
0 0.3613488531324889 0.14890885750962773 0.00034234851078397807 0.0005134788189987163
0 0.32403286545703525 0.1496790757381258 0.0030811365970558027 0.0020539152759948653
0 0.35689832249229714 0.14865211810012838 0.00034234851078397807 0.0005134788189987163
0 0.2923656282095173 0.14878048780487804 0.0013693940431359123 0.0007702182284980744
0 0.37915097569325573 0.14865211810012838 0.0010270455323519343 0.0010269576379974327
0 0.32745635056487504 0.14980744544287547 0.0030811365970558027 0.003337612323491656
0 0.3000684697021568 0.14839537869062902 0.00034234851078397807 0.0005134788189987163
0 0.4967476891475522 0.14749679075738126 0.0013693940431359123 0.0007702182284980744
0 0.3266004792879151 0.14685494223363285 0.0006846970215679561 0.0005134788189987163
0 0.27285176309483056 0.14685494223363285 0.0006846970215679561 0.0005134788189987163
0 0.2762752482026703 0.1472400513478819 0.003423485107839781 0.001797175866495507
0 0.31923998630605954 0.14775353016688061 0.0017117425539198905 0.003337612323491656
0 0.3562136254707292 0.14569961489088576 0.00034234851078397807 0.00025673940949935817
0 0.30212256076686067 0.1454428754813864 0.00034234851078397807 0.00025673940949935817
0 0.32591578226634715 0.1453145057766367 0.0006846970215679561 0.0005134788189987163
0 0.328312221841835 0.15109114249037228 0.010955152345087298 0.013093709884467265
0 0.3233481684354673 0.144801026957638 0.00034234851078397807 0.0005134788189987163
0 0.31838411502909963 0.14505776636713735 0.0006846970215679561 0.0010269576379974327
0 0.40961999315302977 0.14441591784338895 0.00034234851078397807 0.00025673940949935817
0 0.3794933242040397 0.144801026957638 0.0010270455323519343 0.0010269576379974327
0 0.3729887024991441 0.144801026957638 0.0017117425539198905 0.0015404364569961489
0 0.3355015405682985 0.14377406931964057 0.0013693940431359123 0.0005134788189987163
0 0.2992125984251969 0.14390243902439023 0.0013693940431359123 0.0007702182284980744
0 0.3974666210201986 0.1435173299101412 0.0006846970215679561 0.0005134788189987163
0 0.327627524820267 0.14326059050064185 0.0006846970215679561 0.0005134788189987163
0 0.35861006504621706 0.1423620025673941 0.0010270455323519343 0.0007702182284980744
0 0.33498801780212256 0.14210526315789473 0.00034234851078397807 0.00025673940949935817
0 0.4168093118794933 0.14210526315789473 0.0010270455323519343 0.0007702182284980744
0 0.3618623758986648 0.14210526315789473 0.0027387880862718246 0.001797175866495507
0 0.34440260184868193 0.1478818998716303 0.021910304690174597 0.013350449293966624
0 0.281752824375214 0.1417201540436457 0.0013693940431359123 0.0010269576379974327
0 0.3233481684354673 0.1410783055198973 0.0010270455323519343 0.0007702182284980744
0 0.40619650804519003 0.1405648267008986 0.00034234851078397807 0.00025673940949935817
0 0.35587127695994525 0.14120667522464697 0.0030811365970558027 0.0015404364569961489
0 0.34560082163642586 0.1410783055198973 0.0010270455323519343 0.0012836970474967907
0 0.34833960972269773 0.1405648267008986 0.0010270455323519343 0.0007702182284980744
0 0.327798699075659 0.14030808729139924 0.00034234851078397807 0.00025673940949935817
0 0.3668264293050325 0.14069319640564826 0.003765833618623759 0.0015404364569961489
0 0.34337555631633004 0.1392811296534018 0.0006846970215679561 0.00025673940949935817
0 0.3096542280041082 0.13902439024390245 0.00034234851078397807 0.00025673940949935817
0 0.3235193426908593 0.13902439024390245 0.0013693940431359123 0.0012836970474967907
0 0.3613488531324889 0.13966623876765083 0.008558712769599451 0.004107830551989731
0 0.33789798014378636 0.13709884467265726 0.0020540910647038686 0.0010269576379974327
0 0.32540225950017115 0.137997432605905 0.006504621704895584 0.003337612323491656
0 0.05700102704553235 0.13478818998716302 0.00034234851078397807 0.0005134788189987163
0 0.3418349880178021 0.1342747111681643 0.0010270455323519343 0.0005134788189987163
0 0.35997945908935297 0.1337612323491656 0.00034234851078397807 0.0005134788189987163
0 0.3883943854844231 0.13337612323491657 0.00034234851078397807 0.00025673940949935817
0 0.3545018829168093 0.13324775353016688 0.0010270455323519343 0.0005134788189987163
0 0.31633002396439575 0.13273427471116817 0.0006846970215679561 0.0005134788189987163
0 0.38103389250256764 0.1324775353016688 0.0006846970215679561 0.0005134788189987163
0 0.29750085587127695 0.13209242618741976 0.0006846970215679561 0.00025673940949935817
0 0.3081136597055803 0.13157894736842105 0.0006846970215679561 0.0007702182284980744
0 0.3623758986648408 0.13106546854942233 0.0010270455323519343 0.0007702182284980744
0 0.3185552892844916 0.1306803594351733 0.0010270455323519343 0.0005134788189987163
0 0.3870249914412872 0.13029525032092426 0.00034234851078397807 0.00025673940949935817
0 0.3724751797329682 0.12901155327342748 0.0006846970215679561 0.00025673940949935817
0 0.3642588154741527 0.12849807445442876 0.0006846970215679561 0.00025673940949935817
0 0.32129407737076343 0.12862644415917843 0.0030811365970558027 0.0010269576379974327
0 0.05717220130092434 0.12836970474967907 0.0006846970215679561 0.0005134788189987163
0 0.5107839780896953 0.12605905006418486 0.003423485107839781 0.0025673940949935813
0 0.32043820609380347 0.1245186136071887 0.0006846970215679561 0.0005134788189987163
0 0.3390961999315303 0.12272143774069319 0.0010270455323519343 0.0010269576379974327
0 0.25710373159876754 0.1214377406931964 0.0006846970215679561 0.0005134788189987163
0 0.3230058199246833 0.11912708600770218 0.0017117425539198905 0.0010269576379974327
0 0.343033207805546 0.11848523748395379 0.0006846970215679561 0.00025673940949935817
0 0.2451215337213283 0.11553273427471117 0.0006846970215679561 0.0005134788189987163
0 0.0017117425539198905 0.11437740693196406 0.0006846970215679561 0.0007702182284980744
0 0.012838069154399178 0.11258023106546855 0.0010270455323519343 0.00025673940949935817
0 0.009414584046559397 0.11193838254172016 0.00034234851078397807 0.0005134788189987163
0 0.017459774049982883 0.11091142490372272 0.0013693940431359123 0.0005134788189987163
0 0.01985621362547073 0.10988446726572529 0.0006846970215679561 0.0005134788189987163
0 0.27165354330708663 0.10898587933247754 0.00034234851078397807 0.00025673940949935817
0 0.01437863745292708 0.10847240051347883 0.0006846970215679561 0.0007702182284980744
0 0.018657993837726806 0.1079589216944801 0.0010270455323519343 0.0007702182284980744
0 0.009414584046559397 0.10706033376123235 0.0017117425539198905 0.0010269576379974327
0 0.03834303320780555 0.10629011553273428 0.0006846970215679561 0.0005134788189987163
0 0.2360492981855529 0.10577663671373556 0.00034234851078397807 0.0005134788189987163
0 0.013009243409791168 0.10551989730423621 0.0013693940431359123 0.0005134788189987163
0 0.23690516946251283 0.10115532734274711 0.0006846970215679561 0.0005134788189987163
0 0.04673057172201301 0.09910141206675224 0.0010270455323519343 0.0010269576379974327
0 0.03577541937692571 0.09589216944801027 0.00034234851078397807 0.00025673940949935817
0 0.052892844916124615 0.09306803594351733 0.0010270455323519343 0.00025673940949935817
0 0.04022595001711743 0.09332477535301668 0.0010270455323519343 0.0007702182284980744
0 0.056487504279356386 0.09268292682926829 0.0006846970215679561 0.0005134788189987163
0 0.04707292023279699 0.09268292682926829 0.003765833618623759 0.0010269576379974327
0 0.044334132146525165 0.09165596919127086 0.0010270455323519343 0.0015404364569961489
0 0.040568298527901406 0.0907573812580231 0.00034234851078397807 0.00025673940949935817
0 0.051181102362204724 0.09101412066752246 0.0010270455323519343 0.0012836970474967907
0 0.047415268743580964 0.0907573812580231 0.0017117425539198905 0.0007702182284980744
0 0.0421088668264293 0.08947368421052632 0.0013693940431359123 0.0023106546854942235
0 0.04964053406367682 0.08844672657252889 0.0013693940431359123 0.0012836970474967907
0 0.045361177678877096 0.08793324775353016 0.0017117425539198905 0.0012836970474967907
0 0.040054775761725434 0.0858793324775353 0.0006846970215679561 0.00025673940949935817
0 0.04416295789113318 0.08600770218228498 0.0006846970215679561 0.0010269576379974327
0 0.03765833618623759 0.0852374839537869 0.0006846970215679561 0.0005134788189987163
0 0.2454638822321123 0.08459563543003851 0.0006846970215679561 0.00025673940949935817
0 0.05888394385484423 0.08356867779204108 0.0006846970215679561 0.0007702182284980744
0 0.05511811023622047 0.08177150192554557 0.0006846970215679561 0.0007702182284980744
0 0.05888394385484423 0.0810012836970475 0.0006846970215679561 0.00025673940949935817
0 0.05135227661759671 0.08202824133504492 0.005477576172543649 0.0038510911424903724
0 0.054775761725436495 0.08010269576379975 0.0006846970215679561 0.0005134788189987163
0 0.23057172201300924 0.07843388960205391 0.00034234851078397807 0.00025673940949935817
0 0.07531667237247518 0.07843388960205391 0.0006846970215679561 0.00025673940949935817
0 0.05802807257788429 0.0790757381258023 0.0017117425539198905 0.0015404364569961489
0 0.07428962684012325 0.07753530166880616 0.0006846970215679561 0.0005134788189987163
0 0.07685724067100308 0.07727856225930681 0.0017117425539198905 0.0010269576379974327
0 0.06932557343375556 0.07727856225930681 0.0010270455323519343 0.0015404364569961489
0 0.0688120506675796 0.0735558408215661 0.0013693940431359123 0.0007702182284980744
0 0.06436152002738788 0.0735558408215661 0.0006846970215679561 0.0007702182284980744
0 0.07155083875385142 0.07317073170731707 0.0006846970215679561 0.0005134788189987163
0 0.06624443683669975 0.072400513478819 0.0010270455323519343 0.0015404364569961489
0 0.02721670660732626 0.07150192554557125 0.00034234851078397807 0.00025673940949935817
0 0.06949674768914756 0.07163029525032093 0.0013693940431359123 0.0010269576379974327
0 0.0688120506675796 0.0699614890885751 0.0013693940431359123 0.0007702182284980744
0 0.29253680246490926 0.06123234916559692 0.0017117425539198905 0.0007702182284980744
0 0.046217048955837045 0.06020539152759949 0.0006846970215679561 0.00025673940949935817
0 0.26395070181444713 0.05943517329910141 0.0006846970215679561 0.00025673940949935817
0 0.05528928449161246 0.05109114249037227 0.00034234851078397807 0.0005134788189987163
0 0.30845600821636426 0.042875481386392814 0.0006846970215679561 0.0005134788189987163
0 0.14464224580623075 0.026957637997432605 0.00034234851078397807 0.0005134788189987163
0 0.00034234851078397807 0.0061617458279845955 0.0006846970215679561 0.0010269576379974327
0 0.015405682985279013 0.005006418485237484 0.0006846970215679561 0.00025673940949935817
0 0.04861348853132489 0.003594351732991014 0.0006846970215679561 0.0005134788189987163
0 0.01591920575145498 0.001668806161745828 0.00034234851078397807 0.00025673940949935817