2 0.42984126984126986 0.9992857142857143 0.0012698412698412698 0.0014285714285714286
2 0.3279365079365079 0.9992857142857143 0.0019047619047619048 0.0014285714285714286
2 0.3238095238095238 0.9992857142857143 0.0025396825396825397 0.0014285714285714286
2 0.011111111111111112 0.9992857142857143 0.0031746031746031746 0.0014285714285714286
2 0.0009523809523809524 0.9992857142857143 0.0019047619047619048 0.0014285714285714286
2 0.8539682539682539 0.9990476190476191 0.0012698412698412698 0.0019047619047619048
2 0.019365079365079366 0.9988095238095238 0.005714285714285714 0.002380952380952381
2 0.005714285714285714 0.9988095238095238 0.0038095238095238095 0.002380952380952381
2 0.9107936507936508 0.9978571428571429 0.0019047619047619048 0.002380952380952381
2 0.9495238095238095 0.9961904761904762 0.0019047619047619048 0.0019047619047619048
2 0.7746031746031746 0.9976190476190476 0.007619047619047619 0.004761904761904762
2 0.5377777777777778 0.995 0.0038095238095238095 0.0033333333333333335
2 0.6142857142857143 0.9964285714285714 0.006984126984126984 0.007142857142857143
2 0.009206349206349206 0.9945238095238095 0.005714285714285714 0.004285714285714286
2 0.6546031746031746 0.991904761904762 0.0012698412698412698 0.0009523809523809524
2 0.007619047619047619 0.9909523809523809 0.0025396825396825397 0.0019047619047619048
2 0.9717460317460317 0.9911904761904762 0.008253968253968255 0.006190476190476191
2 0.4568253968253968 0.9888095238095238 0.0019047619047619048 0.0014285714285714286
2 0.4558730158730159 0.9938095238095238 0.045714285714285714 0.012380952380952381
2 0.8371428571428572 0.9876190476190476 0.0006349206349206349 0.0009523809523809524
2 0.9158730158730158 0.9878571428571429 0.0031746031746031746 0.002380952380952381
2 0.9866666666666667 0.9907142857142858 0.010158730158730159 0.009047619047619047
2 0.9206349206349206 0.986904761904762 0.0025396825396825397 0.002380952380952381
2 0.9879365079365079 0.9840476190476191 0.0025396825396825397 0.0014285714285714286
2 0.8041269841269841 0.9830952380952381 0.0031746031746031746 0.002380952380952381
2 0.7882539682539682 0.9821428571428571 0.0019047619047619048 0.0014285714285714286
2 0.016825396825396827 0.9816666666666667 0.0031746031746031746 0.002380952380952381
2 0.9812698412698413 0.9809523809523809 0.0019047619047619048 0.0019047619047619048
2 0.4780952380952381 0.9809523809523809 0.0038095238095238095 0.002857142857142857
2 0.014285714285714285 0.9797619047619047 0.0019047619047619048 0.0014285714285714286
2 0.9650793650793651 0.9830952380952381 0.017777777777777778 0.009047619047619047
2 0.6034920634920635 0.9892857142857143 0.009523809523809525 0.02142857142857143
2 0.8873015873015873 0.9778571428571429 0.0019047619047619048 0.0014285714285714286
2 0.8996825396825396 0.9776190476190476 0.0025396825396825397 0.0019047619047619048
2 0.8285714285714286 0.9783333333333334 0.005079365079365079 0.0033333333333333335
2 0.9847619047619047 0.9773809523809524 0.0025396825396825397 0.0033333333333333335
2 0.9234920634920635 0.9771428571428571 0.0044444444444444444 0.002857142857142857
2 0.6298412698412699 0.9766666666666667 0.0025396825396825397 0.0019047619047619048
2 0.9965079365079365 0.9785714285714285 0.005714285714285714 0.006666666666666667
2 0.46476190476190476 0.975 0.0012698412698412698 0.0004761904761904762
2 0.7034920634920635 0.9747619047619047 0.0012698412698412698 0.0009523809523809524
2 0.7025396825396826 0.9735714285714285 0.0006349206349206349 0.0004761904761904762
2 0.9514285714285714 0.9752380952380952 0.02095238095238095 0.004761904761904762
2 0.7098412698412698 0.9733333333333334 0.0012698412698412698 0.0009523809523809524
2 0.49587301587301585 0.9735714285714285 0.0025396825396825397 0.0014285714285714286
2 0.9685714285714285 0.9752380952380952 0.0044444444444444444 0.006666666666666667
2 0.8533333333333334 0.9721428571428572 0.0038095238095238095 0.002380952380952381
2 0.5057142857142857 0.9716666666666667 0.0019047619047619048 0.0014285714285714286
2 0.6923809523809524 0.9721428571428572 0.005714285714285714 0.0033333333333333335
2 0.4612698412698413 0.9719047619047619 0.0044444444444444444 0.0038095238095238095
2 0.8574603174603175 0.9697619047619047 0.0031746031746031746 0.0014285714285714286
2 0.4812698412698413 0.97 0.0025396825396825397 0.0019047619047619048
2 0.8980952380952381 0.969047619047619 0.0019047619047619048 0.0009523809523809524
2 0.84 0.9697619047619047 0.0025396825396825397 0.002380952380952381
2 0.680952380952381 0.9702380952380952 0.0044444444444444444 0.0033333333333333335
2 0.473015873015873 0.9680952380952381 0.0025396825396825397 0.002857142857142857
2 0.4492063492063492 0.9678571428571429 0.0031746031746031746 0.0033333333333333335
2 0.0015873015873015873 0.9666666666666667 0.0006349206349206349 0.0009523809523809524
2 0.9276190476190476 0.9666666666666667 0.0025396825396825397 0.002857142857142857
2 0.993015873015873 0.9664285714285714 0.0038095238095238095 0.0033333333333333335
2 0.4857142857142857 0.9647619047619047 0.0025396825396825397 0.0009523809523809524
2 0.5907936507936508 0.9647619047619047 0.0019047619047619048 0.0019047619047619048
2 0.8269841269841269 0.9635714285714285 0.0019047619047619048 0.0014285714285714286
2 0.4892063492063492 0.9635714285714285 0.0019047619047619048 0.0014285714285714286
2 0.8555555555555555 0.964047619047619 0.0031746031746031746 0.0033333333333333335
2 0.8434920634920635 0.9630952380952381 0.0019047619047619048 0.0014285714285714286
2 0.5882539682539683 0.9626190476190476 0.0006349206349206349 0.0004761904761904762
2 0.6326984126984126 0.9628571428571429 0.0019047619047619048 0.0019047619047619048
2 0.6238095238095238 0.9611904761904762 0.0031746031746031746 0.0014285714285714286
2 0.6958730158730159 0.9619047619047619 0.006349206349206349 0.0038095238095238095
2 0.8755555555555555 0.960952380952381 0.005079365079365079 0.004761904761904762
2 0.44825396825396824 0.9611904761904762 0.0025396825396825397 0.005238095238095238
2 0.9193650793650794 0.9633333333333334 0.007619047619047619 0.010476190476190476
2 0.6301587301587301 0.9576190476190476 0.0019047619047619048 0.0019047619047619048
2 0.986031746031746 0.9564285714285714 0.0025396825396825397 0.0004761904761904762
2 0.4895238095238095 0.9576190476190476 0.007619047619047619 0.002857142857142857
2 0.7885714285714286 0.9569047619047619 0.0025396825396825397 0.002380952380952381
2 0.8577777777777778 0.9576190476190476 0.005079365079365079 0.004761904761904762
2 0.9231746031746032 0.9557142857142857 0.006349206349206349 0.002857142857142857
2 0.9796825396825397 0.9538095238095238 0.0025396825396825397 0.0019047619047619048
2 0.8380952380952381 0.9535714285714286 0.0038095238095238095 0.002380952380952381
2 0.6438095238095238 0.9535714285714286 0.0025396825396825397 0.002380952380952381
2 0.4577777777777778 0.9538095238095238 0.0025396825396825397 0.002857142857142857
2 0.42317460317460315 0.9571428571428572 0.008253968253968255 0.012380952380952381
2 0.9653968253968254 0.9521428571428572 0.0044444444444444444 0.005238095238095238
2 0.8726984126984128 0.9511904761904761 0.005714285714285714 0.004285714285714286
2 0.6215873015873016 0.95 0.005079365079365079 0.0019047619047619048
2 0.6349206349206349 0.9497619047619048 0.0025396825396825397 0.002380952380952381
2 0.4450793650793651 0.9488095238095238 0.0012698412698412698 0.0004761904761904762
2 0.9396825396825397 0.95 0.005079365079365079 0.0038095238095238095
2 0.7050793650793651 0.9485714285714286 0.0031746031746031746 0.0019047619047619048
2 0.6384126984126984 0.9480952380952381 0.0031746031746031746 0.0019047619047619048
2 0.6288888888888889 0.9488095238095238 0.0044444444444444444 0.0033333333333333335
2 0.8857142857142857 0.9469047619047619 0.0012698412698412698 0.0004761904761904762
2 0.8536507936507937 0.9466666666666667 0.0019047619047619048 0.0019047619047619048
2 0.8044444444444444 0.9457142857142857 0.0012698412698412698 0.0009523809523809524
2 0.633968253968254 0.9454761904761905 0.0006349206349206349 0.0004761904761904762
2 0.9666666666666667 0.945 0.0031746031746031746 0.002380952380952381
2 0.8755555555555555 0.9447619047619048 0.0025396825396825397 0.0019047619047619048
2 0.8241269841269842 0.9480952380952381 0.015238095238095238 0.008571428571428572
2 0.7622222222222222 0.9473809523809524 0.02349206349206349 0.007142857142857143
2 0.6885714285714286 0.9442857142857143 0.0006349206349206349 0.0009523809523809524
2 0.646984126984127 0.9461904761904761 0.007619047619047619 0.004761904761904762
2 0.8993650793650794 0.9447619047619048 0.0044444444444444444 0.0038095238095238095
2 0.9314285714285714 0.9433333333333334 0.0025396825396825397 0.0019047619047619048
2 0.6215873015873016 0.9428571428571428 0.0012698412698412698 0.0009523809523809524
2 0.5761904761904761 0.9428571428571428 0.0019047619047619048 0.0009523809523809524
2 0.7288888888888889 0.9419047619047619 0.0012698412698412698 0.0009523809523809524
2 0.6304761904761905 0.9423809523809524 0.0038095238095238095 0.0019047619047619048
2 0.9752380952380952 0.9433333333333334 0.007619047619047619 0.004761904761904762
2 0.9276190476190476 0.9421428571428572 0.0038095238095238095 0.002380952380952381
2 0.7161904761904762 0.9414285714285714 0.0012698412698412698 0.0009523809523809524
2 0.6428571428571429 0.9421428571428572 0.0019047619047619048 0.002380952380952381
2 0.6612698412698412 0.9426190476190476 0.006984126984126984 0.004285714285714286
2 0.7434920634920635 0.9407142857142857 0.0025396825396825397 0.002380952380952381
2 0.6476190476190476 0.9395238095238095 0.0038095238095238095 0.0019047619047619048
2 0.6031746031746031 0.9383333333333334 0.0012698412698412698 0.0004761904761904762
2 0.9746031746031746 0.9373809523809524 0.0012698412698412698 0.0014285714285714286
2 0.7904761904761904 0.9376190476190476 0.0025396825396825397 0.0019047619047619048
2 0.6266666666666667 0.9385714285714286 0.0025396825396825397 0.0038095238095238095
2 0.6180952380952381 0.9364285714285714 0.0031746031746031746 0.002380952380952381
2 0.5828571428571429 0.9369047619047619 0.0038095238095238095 0.0033333333333333335
2 0.932063492063492 0.9352380952380952 0.0012698412698412698 0.0009523809523809524
2 0.7565079365079365 0.935 0.0019047619047619048 0.0014285714285714286
2 0.5901587301587301 0.9342857142857143 0.0019047619047619048 0.0009523809523809524
2 0.9663492063492064 0.9357142857142857 0.0025396825396825397 0.004761904761904762
2 0.6133333333333333 0.9330952380952381 0.0012698412698412698 0.0004761904761904762
2 0.726984126984127 0.9330952380952381 0.0025396825396825397 0.0014285714285714286
2 0.7222222222222222 0.9335714285714286 0.0031746031746031746 0.002380952380952381
2 0.6384126984126984 0.9326190476190476 0.0044444444444444444 0.0014285714285714286
2 0.9250793650793651 0.9330952380952381 0.0038095238095238095 0.0033333333333333335
2 0.6266666666666667 0.9321428571428572 0.0012698412698412698 0.0014285714285714286
2 0.6460317460317461 0.9314285714285714 0.0019047619047619048 0.0009523809523809524
2 0.74 0.9335714285714286 0.005714285714285714 0.006190476190476191
2 0.7279365079365079 0.9307142857142857 0.0006349206349206349 0.0004761904761904762
2 0.6250793650793651 0.9297619047619048 0.0006349206349206349 0.0004761904761904762
2 0.8993650793650794 0.9307142857142857 0.0031746031746031746 0.0033333333333333335
2 0.8365079365079365 0.9302380952380952 0.0031746031746031746 0.002380952380952381
2 0.6993650793650794 0.9304761904761905 0.0044444444444444444 0.002857142857142857
2 0.6876190476190476 0.9297619047619048 0.0025396825396825397 0.0014285714285714286
2 0.5955555555555555 0.9297619047619048 0.0025396825396825397 0.0014285714285714286
2 0.7247619047619047 0.9292857142857143 0.0044444444444444444 0.0033333333333333335
2 0.7641269841269841 0.9319047619047619 0.005714285714285714 0.009523809523809525
2 0.7755555555555556 0.9269047619047619 0.0006349206349206349 0.0004761904761904762
2 0.6231746031746032 0.9273809523809524 0.0031746031746031746 0.002380952380952381
2 0.8676190476190476 0.9264285714285714 0.0019047619047619048 0.0014285714285714286
2 0.7726984126984127 0.9271428571428572 0.0038095238095238095 0.002857142857142857
2 0.8977777777777778 0.9261904761904762 0.005079365079365079 0.0038095238095238095
2 0.6641269841269841 0.9242857142857143 0.005079365079365079 0.002857142857142857
2 0.6526984126984127 0.9211904761904762 0.0038095238095238095 0.002380952380952381
2 0.7501587301587301 0.9204761904761904 0.0031746031746031746 0.0019047619047619048
2 0.7612698412698413 0.92 0.0025396825396825397 0.0019047619047619048
2 0.7222222222222222 0.9207142857142857 0.0031746031746031746 0.0033333333333333335
2 0.9933333333333333 0.9226190476190477 0.013333333333333334 0.009047619047619047
2 0.8723809523809524 0.9204761904761904 0.0025396825396825397 0.004761904761904762
2 0.7511111111111111 0.9183333333333333 0.0012698412698412698 0.0004761904761904762
2 0.6660317460317461 0.929047619047619 0.03301587301587302 0.021904761904761906
2 0.8828571428571429 0.9183333333333333 0.0019047619047619048 0.002380952380952381
2 0.24349206349206348 0.9176190476190477 0.0019047619047619048 0.0009523809523809524
2 0.7288888888888889 0.9178571428571428 0.0025396825396825397 0.002380952380952381
2 0.6441269841269841 0.9169047619047619 0.0006349206349206349 0.0004761904761904762
2 0.94 0.9283333333333333 0.024761904761904763 0.024285714285714285
2 0.9171428571428571 0.9183333333333333 0.0044444444444444444 0.004285714285714286
2 0.6688888888888889 0.9171428571428571 0.0031746031746031746 0.0019047619047619048
2 0.9793650793650793 0.9173809523809524 0.005714285714285714 0.008095238095238095
2 0.8831746031746032 0.9142857142857143 0.0038095238095238095 0.002857142857142857
2 0.8165079365079365 0.9133333333333333 0.0012698412698412698 0.0009523809523809524
2 0.8098412698412698 0.9145238095238095 0.0031746031746031746 0.0033333333333333335
2 0.653968253968254 0.9166666666666666 0.027936507936507936 0.008571428571428572
2 0.6003174603174604 0.915 0.02603174603174603 0.006190476190476191
2 0.7596825396825397 0.9128571428571428 0.005714285714285714 0.0038095238095238095
2 0.9850793650793651 0.9116666666666666 0.005714285714285714 0.005238095238095238
2 0.9555555555555556 0.9104761904761904 0.0038095238095238095 0.002857142857142857
2 0.8882539682539683 0.91 0.0025396825396825397 0.002857142857142857
2 0.7571428571428571 0.9069047619047619 0.0044444444444444444 0.002380952380952381
2 0.7695238095238095 0.9076190476190477 0.006349206349206349 0.004761904761904762
2 0.2123809523809524 0.905952380952381 0.0031746031746031746 0.002380952380952381
2 0.7244444444444444 0.9061904761904762 0.007619047619047619 0.0038095238095238095
2 0.8911111111111111 0.9035714285714286 0.0019047619047619048 0.0014285714285714286
2 0.20539682539682538 0.9042857142857142 0.0044444444444444444 0.002857142857142857
2 0.8625396825396825 0.9083333333333333 0.005714285714285714 0.011904761904761904
2 0.7746031746031746 0.9030952380952381 0.0038095238095238095 0.0033333333333333335
2 0.8720634920634921 0.9026190476190477 0.008253968253968255 0.0033333333333333335
2 0.9793650793650793 0.9023809523809524 0.006984126984126984 0.0038095238095238095
2 0.6612698412698412 0.9004761904761904 0.0019047619047619048 0.0009523809523809524
2 0.9647619047619047 0.8988095238095238 0.0044444444444444444 0.002380952380952381
2 0.8787301587301587 0.8983333333333333 0.0025396825396825397 0.0014285714285714286
2 0.19904761904761906 0.8985714285714286 0.0019047619047619048 0.0019047619047619048
2 0.19523809523809524 0.8964285714285715 0.0031746031746031746 0.002380952380952381
2 0.9990476190476191 0.8952380952380953 0.0019047619047619048 0.0009523809523809524
2 0.7663492063492063 0.895952380952381 0.010158730158730159 0.0033333333333333335
2 0.6857142857142857 0.8947619047619048 0.0012698412698412698 0.0009523809523809524
2 0.9225396825396825 0.905 0.031746031746031744 0.023333333333333334
2 0.1746031746031746 0.8933333333333333 0.0012698412698412698 0.0009523809523809524
2 0.7571428571428571 0.8935714285714286 0.0031746031746031746 0.002380952380952381
2 0.7949206349206349 0.8940476190476191 0.005079365079365079 0.004285714285714286
2 0.7393650793650793 0.8933333333333333 0.0044444444444444444 0.002857142857142857
2 0.9019047619047619 0.8923809523809524 0.006984126984126984 0.0019047619047619048
2 0.1907936507936508 0.893095238095238 0.0044444444444444444 0.0033333333333333335
2 0.9612698412698413 0.8923809523809524 0.0038095238095238095 0.002857142857142857
2 0.893015873015873 0.8919047619047619 0.0019047619047619048 0.0019047619047619048
2 0.1819047619047619 0.8907142857142857 0.0031746031746031746 0.002380952380952381
2 0.920952380952381 0.8904761904761904 0.0044444444444444444 0.002857142857142857
2 0.8374603174603175 0.8895238095238095 0.0012698412698412698 0.0009523809523809524
2 0.9111111111111111 0.8907142857142857 0.005079365079365079 0.004285714285714286
2 0.8180952380952381 0.8895238095238095 0.0031746031746031746 0.0019047619047619048
2 0.8126984126984127 0.8892857142857142 0.0038095238095238095 0.002380952380952381
2 0.7447619047619047 0.8885714285714286 0.0012698412698412698 0.0009523809523809524
2 0.6190476190476191 0.89 0.005079365079365079 0.0038095238095238095
2 0.1434920634920635 0.89 0.006349206349206349 0.0038095238095238095
2 0.1384126984126984 0.8885714285714286 0.0025396825396825397 0.0009523809523809524
2 0.8838095238095238 0.8885714285714286 0.0012698412698412698 0.0019047619047619048
2 0.9476190476190476 0.8888095238095238 0.0044444444444444444 0.0033333333333333335
2 0.6580952380952381 0.8890476190476191 0.0044444444444444444 0.0038095238095238095
2 0.6526984126984127 0.8885714285714286 0.005079365079365079 0.0038095238095238095
2 0.17523809523809525 0.8878571428571429 0.0038095238095238095 0.002380952380952381
2 0.8714285714285714 0.8859523809523809 0.0006349206349206349 0.0004761904761904762
2 0.9831746031746031 0.8873809523809524 0.009523809523809525 0.004285714285714286
2 0.9298412698412698 0.8878571428571429 0.0044444444444444444 0.005238095238095238
2 0.9022222222222223 0.8864285714285715 0.0038095238095238095 0.002380952380952381
2 0.17206349206349206 0.8857142857142857 0.0012698412698412698 0.0009523809523809524
2 0.6653968253968254 0.8859523809523809 0.005079365079365079 0.002380952380952381
2 0.893015873015873 0.8869047619047619 0.005714285714285714 0.005238095238095238
2 0.7638095238095238 0.8854761904761905 0.0012698412698412698 0.002380952380952381
2 0.8812698412698413 0.8840476190476191 0.0038095238095238095 0.0014285714285714286
2 0.6895238095238095 0.8873809523809524 0.008888888888888889 0.009047619047619047
2 0.6755555555555556 0.8828571428571429 0.0012698412698412698 0.0009523809523809524
2 0.1634920634920635 0.8866666666666667 0.013333333333333334 0.008571428571428572
2 0.8736507936507937 0.8816666666666667 0.0025396825396825397 0.0014285714285714286
2 0.16380952380952382 0.8809523809523809 0.0012698412698412698 0.0009523809523809524
2 0.9980952380952381 0.8823809523809524 0.0038095238095238095 0.004761904761904762
2 0.133015873015873 0.8814285714285715 0.008253968253968255 0.002857142857142857
2 0.6695238095238095 0.8804761904761905 0.0031746031746031746 0.0019047619047619048
2 0.16793650793650794 0.8807142857142857 0.0031746031746031746 0.002380952380952381
2 0.9117460317460317 0.8821428571428571 0.01904761904761905 0.006190476190476191
2 0.1622222222222222 0.8792857142857143 0.0006349206349206349 0.0004761904761904762
2 0.11142857142857143 0.8797619047619047 0.0031746031746031746 0.0014285714285714286
2 0.8974603174603175 0.8816666666666667 0.0031746031746031746 0.006190476190476191
2 0.8038095238095239 0.8809523809523809 0.0038095238095238095 0.004761904761904762
2 0.16507936507936508 0.8792857142857143 0.0012698412698412698 0.0014285714285714286
2 0.986031746031746 0.8785714285714286 0.0025396825396825397 0.002857142857142857
2 0.8876190476190476 0.8769047619047619 0.0038095238095238095 0.0033333333333333335
2 0.9504761904761905 0.8766666666666667 0.005079365079365079 0.0038095238095238095
2 0.8149206349206349 0.8764285714285714 0.0044444444444444444 0.0033333333333333335
2 0.7911111111111111 0.88 0.012698412698412698 0.012380952380952381
2 0.7361904761904762 0.8745238095238095 0.0019047619047619048 0.0014285714285714286
2 0.8333333333333334 0.8747619047619047 0.005714285714285714 0.005714285714285714
2 0.15714285714285714 0.935952380952381 0.3142857142857143 0.1280952380952381
2 0.839047619047619 0.871904761904762 0.0031746031746031746 0.0019047619047619048
2 0.7609523809523809 0.8714285714285714 0.0006349206349206349 0.0009523809523809524
2 0.13174603174603175 0.8804761904761905 0.06285714285714286 0.02
2 0.8847619047619047 0.8704761904761905 0.0019047619047619048 0.0009523809523809524
2 0.7955555555555556 0.8714285714285714 0.0025396825396825397 0.002857142857142857
2 0.7466666666666667 0.8976190476190476 0.03428571428571429 0.05523809523809524
2 0.7168253968253968 0.8704761904761905 0.0012698412698412698 0.0009523809523809524
2 0.9647619047619047 0.8707142857142857 0.0031746031746031746 0.002380952380952381
2 0.9955555555555555 0.8730952380952381 0.008888888888888889 0.01
2 0.9561904761904761 0.8716666666666667 0.005079365079365079 0.007142857142857143
2 0.6542857142857142 0.8678571428571429 0.0006349206349206349 0.0004761904761904762
2 0.08222222222222222 0.8740476190476191 0.03492063492063492 0.012857142857142857
2 0.9850793650793651 0.8714285714285714 0.009523809523809525 0.008571428571428572
2 0.7520634920634921 0.8673809523809524 0.0019047619047619048 0.0014285714285714286
2 0.8625396825396825 0.8804761904761905 0.02603174603174603 0.02857142857142857
2 0.8031746031746032 0.8685714285714285 0.005079365079365079 0.004761904761904762
2 0.6755555555555556 0.866904761904762 0.006349206349206349 0.004285714285714286
2 0.946031746031746 0.8683333333333333 0.007619047619047619 0.009047619047619047
2 0.9698412698412698 0.8676190476190476 0.006984126984126984 0.009523809523809525
2 0.9365079365079365 0.8642857142857143 0.0038095238095238095 0.002857142857142857
2 0.9342857142857143 0.8716666666666667 0.010793650793650795 0.017619047619047618
2 0.7073015873015873 0.8633333333333333 0.0012698412698412698 0.0009523809523809524
2 0.6923809523809524 0.8747619047619047 0.022222222222222223 0.023809523809523808
2 0.8111111111111111 0.8633333333333333 0.0031746031746031746 0.0019047619047619048
2 0.8653968253968254 0.8645238095238095 0.008888888888888889 0.005238095238095238
2 0.7882539682539682 0.8661904761904762 0.019682539682539683 0.008571428571428572
2 0.6733333333333333 0.8630952380952381 0.0044444444444444444 0.002380952380952381
2 0.1365079365079365 0.8623809523809524 0.0012698412698412698 0.0009523809523809524
2 0.6076190476190476 0.8628571428571429 0.0012698412698412698 0.002857142857142857
2 0.7898412698412698 0.8614285714285714 0.0025396825396825397 0.0019047619047619048
2 0.974920634920635 0.8607142857142858 0.0019047619047619048 0.0014285714285714286
2 0.9511111111111111 0.8585714285714285 0.0012698412698412698 0.0009523809523809524
2 0.9415873015873016 0.8590476190476191 0.008888888888888889 0.0019047619047619048
2 0.8374603174603175 0.8592857142857143 0.0025396825396825397 0.002380952380952381
2 0.9311111111111111 0.8580952380952381 0.0019047619047619048 0.0009523809523809524
2 0.9726984126984127 0.8585714285714285 0.0038095238095238095 0.002857142857142857
2 0.7822222222222223 0.8576190476190476 0.0012698412698412698 0.0009523809523809524
2 0.6841269841269841 0.8580952380952381 0.0019047619047619048 0.0019047619047619048
2 0.6155555555555555 0.8592857142857143 0.0019047619047619048 0.004285714285714286
2 0.9022222222222223 0.8564285714285714 0.0012698412698412698 0.0014285714285714286
2 0.7923809523809524 0.8580952380952381 0.008888888888888889 0.004761904761904762
2 0.1546031746031746 0.856904761904762 0.0031746031746031746 0.0033333333333333335
2 0.04984126984126984 0.8611904761904762 0.03111111111111111 0.011904761904761904
2 0.6298412698412699 0.8552380952380952 0.0038095238095238095 0.002857142857142857
2 0.08857142857142856 0.8547619047619047 0.0044444444444444444 0.0038095238095238095
2 0.7609523809523809 0.8554761904761905 0.0044444444444444444 0.006190476190476191
2 0.14476190476190476 0.8530952380952381 0.0025396825396825397 0.002380952380952381
2 0.9879365079365079 0.8588095238095238 0.020317460317460317 0.015714285714285715
2 0.6165079365079366 0.8514285714285714 0.0025396825396825397 0.0019047619047619048
2 0.9603174603174603 0.8573809523809524 0.013333333333333334 0.014761904761904763
2 0.8419047619047619 0.8526190476190476 0.010158730158730159 0.005238095238095238
2 0.02857142857142857 0.8511904761904762 0.006349206349206349 0.002380952380952381
2 0.9720634920634921 0.8528571428571429 0.008888888888888889 0.006666666666666667
2 0.7977777777777778 0.8519047619047619 0.009523809523809525 0.006666666666666667
2 0.6247619047619047 0.8492857142857143 0.0012698412698412698 0.0014285714285714286
2 0.014285714285714285 0.8507142857142858 0.005714285714285714 0.004285714285714286
2 0.9838095238095238 0.8480952380952381 0.005714285714285714 0.0019047619047619048
2 0.753015873015873 0.8480952380952381 0.0038095238095238095 0.0019047619047619048
2 0.6171428571428571 0.8480952380952381 0.0025396825396825397 0.0019047619047619048
2 0.7673015873015873 0.8640476190476191 0.024761904761904763 0.034761904761904765
2 0.9568253968253968 0.8466666666666667 0.0012698412698412698 0.0009523809523809524
2 0.686984126984127 0.8469047619047619 0.0025396825396825397 0.0014285714285714286
2 0.1288888888888889 0.8471428571428572 0.0025396825396825397 0.002857142857142857
2 0.7885714285714286 0.849047619047619 0.005079365079365079 0.007619047619047619
2 0.6965079365079365 0.8580952380952381 0.011428571428571429 0.025714285714285714
2 0.6247619047619047 0.8459523809523809 0.0025396825396825397 0.002380952380952381
2 0.8673015873015874 0.8445238095238096 0.0012698412698412698 0.0004761904761904762
2 0.746984126984127 0.8464285714285714 0.005714285714285714 0.004285714285714286
2 0.6984126984126984 0.845 0.0012698412698412698 0.0014285714285714286
2 0.6822222222222222 0.8454761904761905 0.0044444444444444444 0.004285714285714286
2 0.005079365079365079 0.8476190476190476 0.010158730158730159 0.008571428571428572
2 0.966031746031746 0.844047619047619 0.005714285714285714 0.002380952380952381
2 0.7980952380952381 0.8459523809523809 0.011428571428571429 0.006190476190476191
2 0.9155555555555556 0.8430952380952381 0.0012698412698412698 0.0014285714285714286
2 0.8498412698412698 0.8457142857142858 0.006984126984126984 0.006666666666666667
2 0.7453968253968254 0.8433333333333334 0.0025396825396825397 0.0019047619047619048
2 0.03650793650793651 0.8433333333333334 0.0019047619047619048 0.0019047619047619048
2 0.834920634920635 0.8438095238095238 0.005079365079365079 0.0038095238095238095
2 0.7606349206349207 0.8447619047619047 0.006349206349206349 0.005714285714285714
2 0.6752380952380952 0.8421428571428572 0.0006349206349206349 0.0004761904761904762
2 0.14222222222222222 0.8442857142857143 0.0038095238095238095 0.004761904761904762
2 0.7930158730158731 0.8414285714285714 0.0038095238095238095 0.002857142857142857
2 0.7847619047619048 0.8402380952380952 0.0012698412698412698 0.0004761904761904762
2 0.6336507936507937 0.8414285714285714 0.0025396825396825397 0.002857142857142857
2 0.9203174603174603 0.84 0.0044444444444444444 0.002857142857142857
2 0.8311111111111111 0.839047619047619 0.0012698412698412698 0.0009523809523809524
2 0.9825396825396825 0.8407142857142857 0.006984126984126984 0.006190476190476191
2 0.7434920634920635 0.8395238095238096 0.010158730158730159 0.0038095238095238095
2 0.7701587301587302 0.8392857142857143 0.005079365079365079 0.004285714285714286
2 0.8695238095238095 0.8378571428571429 0.005714285714285714 0.002380952380952381
2 0.6714285714285714 0.8376190476190476 0.0044444444444444444 0.0019047619047619048
2 0.6374603174603175 0.8428571428571429 0.010158730158730159 0.01619047619047619
2 0.7393650793650793 0.8361904761904762 0.0031746031746031746 0.0038095238095238095
2 0.6463492063492063 0.8352380952380952 0.0038095238095238095 0.002857142857142857
2 0.9933333333333333 0.8392857142857143 0.013333333333333334 0.011904761904761904
2 0.9482539682539682 0.8342857142857143 0.0031746031746031746 0.0019047619047619048
2 0.6222222222222222 0.8345238095238096 0.0012698412698412698 0.002380952380952381
2 0.9622222222222222 0.8330952380952381 0.0019047619047619048 0.0014285714285714286
2 0.9063492063492063 0.8338095238095238 0.0031746031746031746 0.002857142857142857
2 0.84 0.8364285714285714 0.0025396825396825397 0.009047619047619047
2 0.7638095238095238 0.8345238095238096 0.006349206349206349 0.005238095238095238
2 0.9526984126984127 0.834047619047619 0.0044444444444444444 0.005238095238095238
2 0.9123809523809524 0.8307142857142857 0.0025396825396825397 0.0014285714285714286
2 0.8831746031746032 0.8311904761904761 0.0025396825396825397 0.002380952380952381
2 0.6406349206349207 0.8302380952380952 0.0038095238095238095 0.0014285714285714286
2 0.9777777777777777 0.8323809523809523 0.01904761904761905 0.008571428571428572
2 0.7676190476190476 0.83 0.005079365079365079 0.0038095238095238095
2 0.7463492063492063 0.8314285714285714 0.0044444444444444444 0.006666666666666667
2 0.621904761904762 0.829047619047619 0.0019047619047619048 0.0019047619047619048
2 0.9834920634920635 0.83 0.006349206349206349 0.004761904761904762
2 0.653015873015873 0.8285714285714286 0.0031746031746031746 0.0019047619047619048
2 0.7787301587301587 0.835952380952381 0.015873015873015872 0.017619047619047618
2 0.9676190476190476 0.8280952380952381 0.005079365079365079 0.002857142857142857
2 0.9380952380952381 0.8266666666666667 0.0006349206349206349 0.0009523809523809524
2 0.8152380952380952 0.8271428571428572 0.0025396825396825397 0.0019047619047619048
2 0.6774603174603174 0.8280952380952381 0.005079365079365079 0.0038095238095238095
2 0.9568253968253968 0.8278571428571428 0.0038095238095238095 0.004285714285714286
2 0.8552380952380952 0.8316666666666667 0.013968253968253968 0.012857142857142857
2 0.947936507936508 0.8271428571428572 0.007619047619047619 0.004761904761904762
2 0.7476190476190476 0.825952380952381 0.0031746031746031746 0.002380952380952381
2 0.8215873015873015 0.8464285714285714 0.03936507936507937 0.04523809523809524
2 0.6304761904761905 0.8254761904761905 0.005079365079365079 0.0033333333333333335
2 0.09047619047619047 0.8242857142857143 0.0019047619047619048 0.0009523809523809524
2 0.7565079365079365 0.8321428571428572 0.010793650793650795 0.017619047619047618
2 0.13555555555555557 0.824047619047619 0.0019047619047619048 0.0014285714285714286
2 0.9961904761904762 0.8247619047619048 0.0038095238095238095 0.0038095238095238095
2 0.6796825396825397 0.8230952380952381 0.0006349206349206349 0.0004761904761904762
2 0.9882539682539683 0.825952380952381 0.009523809523809525 0.007142857142857143
2 0.7974603174603174 0.8230952380952381 0.0038095238095238095 0.002380952380952381
2 0.7911111111111111 0.8316666666666667 0.01650793650793651 0.019523809523809523
2 0.06952380952380953 0.8233333333333334 0.0031746031746031746 0.002857142857142857
2 0.9088888888888889 0.8264285714285714 0.013333333333333334 0.010952380952380953
2 0.9742857142857143 0.8228571428571428 0.0044444444444444444 0.005714285714285714
2 0.7533333333333333 0.8211904761904761 0.0044444444444444444 0.002380952380952381
2 0.7780952380952381 0.8223809523809524 0.005714285714285714 0.006666666666666667
2 0.9971428571428571 0.819047619047619 0.0019047619047619048 0.0009523809523809524
2 0.9076190476190477 0.8202380952380952 0.0031746031746031746 0.0033333333333333335
2 0.7704761904761904 0.8214285714285714 0.0044444444444444444 0.005714285714285714
2 0.12095238095238095 0.82 0.0031746031746031746 0.002857142857142857
2 0.68 0.819047619047619 0.0025396825396825397 0.0019047619047619048
2 0.6723809523809524 0.8195238095238095 0.0025396825396825397 0.002857142857142857
2 0.626984126984127 0.82 0.0044444444444444444 0.0038095238095238095
2 0.7844444444444445 0.8188095238095238 0.0031746031746031746 0.002380952380952381
2 0.746031746031746 0.819047619047619 0.0038095238095238095 0.0038095238095238095
2 0.699047619047619 0.8702380952380953 0.10666666666666667 0.1061904761904762
2 0.7584126984126984 0.8188095238095238 0.006984126984126984 0.004285714285714286
2 0.9828571428571429 0.8180952380952381 0.005079365079365079 0.0038095238095238095
2 0.8888888888888888 0.8157142857142857 0.0012698412698412698 0.0009523809523809524
2 0.7965079365079365 0.8173809523809524 0.0044444444444444444 0.005238095238095238
2 0.7457142857142857 0.8145238095238095 0.0006349206349206349 0.0004761904761904762
2 0.6638095238095238 0.815 0.0019047619047619048 0.0014285714285714286
2 0.6904761904761905 0.8145238095238095 0.0019047619047619048 0.0014285714285714286
2 0.9234920634920635 0.8145238095238095 0.0044444444444444444 0.002380952380952381
2 0.8336507936507936 0.815952380952381 0.0038095238095238095 0.005238095238095238
2 0.806984126984127 0.8197619047619048 0.010158730158730159 0.012857142857142857
2 0.633015873015873 0.8183333333333334 0.007619047619047619 0.01
2 0.9949206349206349 0.8133333333333334 0.0012698412698412698 0.0009523809523809524
2 0.18285714285714286 0.814047619047619 0.0025396825396825397 0.0033333333333333335
2 0.6825396825396826 0.8135714285714286 0.0038095238095238095 0.0033333333333333335
2 0.9088888888888889 0.8126190476190476 0.0044444444444444444 0.002380952380952381
2 0.726984126984127 0.8133333333333334 0.0038095238095238095 0.0038095238095238095
2 0.9146031746031746 0.8157142857142857 0.0044444444444444444 0.009523809523809525
2 0.8711111111111111 0.8116666666666666 0.0012698412698412698 0.0014285714285714286
2 0.7825396825396825 0.8119047619047619 0.0031746031746031746 0.0019047619047619048
2 0.9606349206349206 0.8183333333333334 0.015238095238095238 0.015714285714285715
2 0.813968253968254 0.8114285714285714 0.0025396825396825397 0.0019047619047619048
2 0.1692063492063492 0.8107142857142857 0.0006349206349206349 0.0004761904761904762
2 0.8266666666666667 0.8123809523809524 0.005079365079365079 0.005714285714285714
2 0.773968253968254 0.8114285714285714 0.005079365079365079 0.0038095238095238095
2 0.900952380952381 0.8121428571428572 0.0038095238095238095 0.006190476190476191
2 0.8438095238095238 0.8095238095238095 0.0012698412698412698 0.0009523809523809524
2 0.7806349206349207 0.8092857142857143 0.0019047619047619048 0.0014285714285714286
2 0.7666666666666667 0.8138095238095238 0.006984126984126984 0.010476190476190476
2 0.6844444444444444 0.809047619047619 0.0012698412698412698 0.0009523809523809524
2 0.6793650793650794 0.8095238095238095 0.0038095238095238095 0.0019047619047619048
2 0.2222222222222222 0.8088095238095238 0.0012698412698412698 0.0004761904761904762
2 0.7292063492063492 0.8083333333333333 0.0006349206349206349 0.0004761904761904762
2 0.7336507936507937 0.8078571428571428 0.0006349206349206349 0.0004761904761904762
2 0.03650793650793651 0.8088095238095238 0.0031746031746031746 0.002380952380952381
2 0.9047619047619048 0.8421428571428572 0.10158730158730159 0.07
2 0.8831746031746032 0.81 0.012698412698412698 0.006666666666666667
2 0.9311111111111111 0.8083333333333333 0.0031746031746031746 0.004285714285714286
2 0.7768253968253969 0.8064285714285714 0.0019047619047619048 0.0014285714285714286
2 0.06222222222222222 0.8066666666666666 0.0025396825396825397 0.0019047619047619048
2 0.07365079365079365 0.8057142857142857 0.0012698412698412698 0.0009523809523809524
2 0.03238095238095238 0.8076190476190476 0.005079365079365079 0.004761904761904762
2 0.7984126984126985 0.805952380952381 0.0031746031746031746 0.002380952380952381
2 0.7317460317460317 0.805 0.0006349206349206349 0.0014285714285714286
2 0.6946031746031746 0.8045238095238095 0.0012698412698412698 0.0014285714285714286
2 0.04698412698412698 0.8061904761904762 0.0025396825396825397 0.004761904761904762
2 0.9822222222222222 0.8061904761904762 0.0025396825396825397 0.005714285714285714
2 0.813015873015873 0.8064285714285714 0.005714285714285714 0.006190476190476191
2 0.7482539682539683 0.8035714285714286 0.0006349206349206349 0.0004761904761904762
2 0.9771428571428571 0.8042857142857143 0.005079365079365079 0.002857142857142857
2 0.6784126984126985 0.804047619047619 0.0031746031746031746 0.002380952380952381
2 0.6403174603174603 0.8038095238095239 0.0031746031746031746 0.0019047619047619048
2 0.08761904761904762 0.8038095238095239 0.0025396825396825397 0.0019047619047619048
2 0.9895238095238095 0.8028571428571428 0.0044444444444444444 0.0009523809523809524
2 0.8834920634920634 0.804047619047619 0.0031746031746031746 0.0033333333333333335
2 0.8590476190476191 0.8061904761904762 0.012698412698412698 0.007619047619047619
2 0.6326984126984126 0.8035714285714286 0.0031746031746031746 0.002380952380952381
2 0.6717460317460318 0.8033333333333333 0.0038095238095238095 0.002857142857142857
2 0.653968253968254 0.8035714285714286 0.0025396825396825397 0.0033333333333333335
2 0.9361904761904762 0.8026190476190476 0.0044444444444444444 0.002380952380952381
2 0.19206349206349208 0.8016666666666666 0.0019047619047619048 0.0014285714285714286
2 0.03333333333333333 0.8026190476190476 0.0031746031746031746 0.004285714285714286
2 0.9987301587301587 0.8016666666666666 0.0025396825396825397 0.0033333333333333335
2 0.9415873015873016 0.8021428571428572 0.006349206349206349 0.004285714285714286
2 0.6447619047619048 0.8004761904761905 0.0019047619047619048 0.0019047619047619048
2 0.7320634920634921 0.8004761904761905 0.005079365079365079 0.002857142857142857
2 0.687936507936508 0.8 0.0031746031746031746 0.0019047619047619048
2 0.9692063492063492 0.8 0.005714285714285714 0.0038095238095238095
2 0.7533333333333333 0.799047619047619 0.0019047619047619048 0.0019047619047619048
2 0.7212698412698413 0.8 0.0025396825396825397 0.0038095238095238095
2 0.12444444444444444 0.799047619047619 0.0025396825396825397 0.0019047619047619048
2 0.8003174603174603 0.8004761904761905 0.005714285714285714 0.005714285714285714
2 0.10031746031746032 0.7983333333333333 0.0012698412698412698 0.0014285714285714286
2 0.846031746031746 0.8019047619047619 0.0044444444444444444 0.009523809523809525
2 0.9711111111111111 0.8071428571428572 0.04380952380952381 0.02095238095238095
2 0.8177777777777778 0.7980952380952381 0.0038095238095238095 0.002857142857142857
2 0.8257142857142857 0.7969047619047619 0.0019047619047619048 0.002380952380952381
2 0.6346031746031746 0.7976190476190477 0.0031746031746031746 0.0038095238095238095
2 0.042222222222222223 0.7978571428571428 0.0031746031746031746 0.004285714285714286
2 0.17777777777777778 0.795952380952381 0.0025396825396825397 0.002380952380952381
2 0.9282539682539682 0.7952380952380952 0.0038095238095238095 0.0019047619047619048
2 0.8812698412698413 0.7954761904761904 0.006349206349206349 0.0033333333333333335
2 0.05206349206349206 0.7947619047619048 0.0025396825396825397 0.0019047619047619048
2 0.9987301587301587 0.7945238095238095 0.0025396825396825397 0.002380952380952381
2 0.7796825396825396 0.795 0.0038095238095238095 0.0033333333333333335
2 0.035555555555555556 0.7947619047619048 0.0038095238095238095 0.002857142857142857
2 0.966984126984127 0.7935714285714286 0.0025396825396825397 0.002380952380952381
2 0.8450793650793651 0.794047619047619 0.006349206349206349 0.0033333333333333335
2 0.06444444444444444 0.7935714285714286 0.0019047619047619048 0.002380952380952381
2 0.9473015873015873 0.7933333333333333 0.005079365079365079 0.002857142857142857
2 0.8250793650793651 0.7926190476190477 0.0019047619047619048 0.0014285714285714286
2 0.7295238095238096 0.7930952380952381 0.0038095238095238095 0.002380952380952381
2 0.8698412698412699 0.7964285714285714 0.007619047619047619 0.01
2 0.19650793650793652 0.7916666666666666 0.0019047619047619048 0.0014285714285714286
2 0.12158730158730159 0.7928571428571428 0.0031746031746031746 0.0038095238095238095
2 0.966031746031746 0.7907142857142857 0.0006349206349206349 0.0004761904761904762
2 0.11238095238095239 0.790952380952381 0.0012698412698412698 0.0009523809523809524
2 0.011111111111111112 0.7933333333333333 0.008253968253968255 0.005714285714285714
2 0.9282539682539682 0.8052380952380952 0.050793650793650794 0.030476190476190476
2 0.0473015873015873 0.7914285714285715 0.0019047619047619048 0.002857142857142857
2 0.9161904761904762 0.7892857142857143 0.0025396825396825397 0.0014285714285714286
2 0.8057142857142857 0.7895238095238095 0.0038095238095238095 0.002857142857142857
2 0.7266666666666667 0.789047619047619 0.0031746031746031746 0.0019047619047619048
2 0.9212698412698412 0.7880952380952381 0.0012698412698412698 0.0009523809523809524
2 0.12349206349206349 0.7883333333333333 0.0019047619047619048 0.0014285714285714286
2 0.9876190476190476 0.7880952380952381 0.0031746031746031746 0.0019047619047619048
2 0.9523809523809523 0.7888095238095238 0.012698412698412698 0.0033333333333333335
2 0.07555555555555556 0.7878571428571428 0.0025396825396825397 0.0014285714285714286
2 0.785079365079365 0.789047619047619 0.0044444444444444444 0.004761904761904762
2 0.7815873015873016 0.7995238095238095 0.027936507936507936 0.025714285714285714
2 0.9968253968253968 0.7864285714285715 0.0038095238095238095 0.002380952380952381
2 0.9393650793650794 0.7866666666666666 0.0044444444444444444 0.002857142857142857
2 0.7361904761904762 0.7861904761904762 0.0019047619047619048 0.0019047619047619048
2 0.1853968253968254 0.7864285714285715 0.0025396825396825397 0.002380952380952381
2 0.054603174603174605 0.785952380952381 0.0025396825396825397 0.0014285714285714286
2 0.013650793650793651 0.7866666666666666 0.0031746031746031746 0.002857142857142857
2 0.17523809523809525 0.7869047619047619 0.006349206349206349 0.004285714285714286
2 0.8584126984126984 0.7854761904761904 0.0038095238095238095 0.002380952380952381
2 0.839047619047619 0.7854761904761904 0.0044444444444444444 0.002380952380952381
2 0.6685714285714286 0.784047619047619 0.0012698412698412698 0.0014285714285714286
2 0.9015873015873016 0.7957142857142857 0.030476190476190476 0.025714285714285714
2 0.9682539682539683 0.7828571428571428 0.0012698412698412698 0.0009523809523809524
2 0.9926984126984127 0.7821428571428571 0.0031746031746031746 0.0014285714285714286
2 0.9307936507936508 0.7823809523809524 0.005079365079365079 0.0038095238095238095
2 0.7673015873015873 0.7819047619047619 0.0031746031746031746 0.002857142857142857
2 0.7926984126984127 0.7842857142857143 0.009523809523809525 0.008571428571428572
2 0.0980952380952381 0.7802380952380953 0.0019047619047619048 0.0014285714285714286
2 0.6676190476190477 0.7804761904761904 0.0044444444444444444 0.002857142857142857
2 0.9904761904761905 0.7788095238095238 0.0012698412698412698 0.0004761904761904762
2 0.8358730158730159 0.780952380952381 0.012063492063492064 0.004761904761904762
2 0.05174603174603175 0.7795238095238095 0.0031746031746031746 0.0019047619047619048
2 0.15015873015873016 0.7785714285714286 0.0031746031746031746 0.0019047619047619048
2 0.9714285714285714 0.7773809523809524 0.0012698412698412698 0.0004761904761904762
2 0.9092063492063492 0.7785714285714286 0.0038095238095238095 0.002857142857142857
2 0.8650793650793651 0.7876190476190477 0.04 0.02095238095238095
2 0.1676190476190476 0.7776190476190477 0.0012698412698412698 0.0009523809523809524
2 0.8831746031746032 0.7788095238095238 0.005079365079365079 0.004285714285714286
2 0.23238095238095238 0.7769047619047619 0.0012698412698412698 0.0004761904761904762
2 0.22825396825396826 0.7769047619047619 0.0031746031746031746 0.0014285714285714286
2 0.17714285714285713 0.7776190476190477 0.0038095238095238095 0.002857142857142857
2 0.13047619047619047 0.7769047619047619 0.0031746031746031746 0.002380952380952381
2 0.8641269841269841 0.7761904761904762 0.0025396825396825397 0.0019047619047619048
2 0.9526984126984127 0.7757142857142857 0.0031746031746031746 0.0019047619047619048
2 0.7958730158730158 0.7769047619047619 0.006984126984126984 0.005238095238095238
2 0.24 0.7754761904761904 0.006349206349206349 0.002380952380952381
2 0.21904761904761905 0.7747619047619048 0.0012698412698412698 0.0009523809523809524
2 0.049206349206349205 0.775 0.0019047619047619048 0.0014285714285714286
2 0.9885714285714285 0.7747619047619048 0.0025396825396825397 0.0019047619047619048
2 0.7853968253968254 0.775952380952381 0.005079365079365079 0.006190476190476191
2 0.9187301587301587 0.7735714285714286 0.0038095238095238095 0.002380952380952381
2 0.06507936507936508 0.7735714285714286 0.0044444444444444444 0.002380952380952381
2 0.8653968253968254 0.7723809523809524 0.0025396825396825397 0.0009523809523809524
2 0.86 0.7721428571428571 0.0019047619047619048 0.0004761904761904762
2 0.2361904761904762 0.7719047619047619 0.0012698412698412698 0.0009523809523809524
2 0.07015873015873016 0.7721428571428571 0.0019047619047619048 0.0014285714285714286
2 0.22031746031746033 0.7711904761904762 0.0012698412698412698 0.0004761904761904762
2 0.027936507936507936 0.7714285714285715 0.0025396825396825397 0.0019047619047619048
2 0.19746031746031745 0.7702380952380953 0.0012698412698412698 0.0004761904761904762
2 0.21365079365079365 0.7697619047619048 0.0006349206349206349 0.0004761904761904762
2 0.9657142857142857 0.77 0.0025396825396825397 0.0019047619047619048
2 0.17238095238095238 0.7695238095238095 0.0019047619047619048 0.0009523809523809524
2 0.20793650793650795 0.7688095238095238 0.0006349206349206349 0.0004761904761904762
2 0.8380952380952381 0.7683333333333333 0.0012698412698412698 0.0014285714285714286
2 0.23714285714285716 0.768095238095238 0.0019047619047619048 0.0009523809523809524
2 0.8974603174603175 0.7678571428571429 0.0019047619047619048 0.0014285714285714286
2 0.018095238095238095 0.7676190476190476 0.0019047619047619048 0.0009523809523809524
2 0.2146031746031746 0.7664285714285715 0.0012698412698412698 0.0004761904761904762
2 0.1568253968253968 0.7673809523809524 0.0025396825396825397 0.002380952380952381
2 0.021904761904761906 0.7666666666666667 0.0019047619047619048 0.0009523809523809524
2 0.9882539682539683 0.768095238095238 0.02349206349206349 0.005714285714285714
2 0.9107936507936508 0.7673809523809524 0.005714285714285714 0.004285714285714286
2 0.19174603174603175 0.7659523809523809 0.0025396825396825397 0.0014285714285714286
2 0.8152380952380952 0.7661904761904762 0.005079365079365079 0.002857142857142857
2 0.20507936507936508 0.7647619047619048 0.0012698412698412698 0.0009523809523809524
2 0.18571428571428572 0.765 0.0031746031746031746 0.0014285714285714286
2 0.06984126984126984 0.7642857142857142 0.0025396825396825397 0.0019047619047619048
2 0.14476190476190476 0.7635714285714286 0.0025396825396825397 0.0014285714285714286
2 0.17714285714285713 0.763095238095238 0.0025396825396825397 0.0014285714285714286
2 0.14126984126984127 0.7626190476190476 0.0006349206349206349 0.0004761904761904762
2 0.03428571428571429 0.7633333333333333 0.0025396825396825397 0.0019047619047619048
2 0.23238095238095238 0.7621428571428571 0.0025396825396825397 0.0014285714285714286
2 0.18603174603174602 0.7626190476190476 0.0025396825396825397 0.002380952380952381
2 0.05650793650793651 0.7614285714285715 0.0025396825396825397 0.0019047619047619048
2 0.08190476190476191 0.7604761904761905 0.0012698412698412698 0.0009523809523809524
2 0.21968253968253967 0.7607142857142857 0.0038095238095238095 0.002380952380952381
2 0.23809523809523808 0.7590476190476191 0.0012698412698412698 0.0009523809523809524
2 0.19714285714285715 0.7607142857142857 0.006984126984126984 0.004285714285714286
2 0.028253968253968254 0.76 0.0031746031746031746 0.002857142857142857
2 0.19142857142857142 0.7588095238095238 0.0031746031746031746 0.002380952380952381
2 0.20222222222222222 0.7573809523809524 0.0006349206349206349 0.0004761904761904762
2 0.07333333333333333 0.7576190476190476 0.0019047619047619048 0.0009523809523809524
2 0.18666666666666668 0.7573809523809524 0.0025396825396825397 0.0014285714285714286
2 0.23904761904761904 0.7564285714285715 0.0006349206349206349 0.0004761904761904762
2 0.018412698412698412 0.7576190476190476 0.0025396825396825397 0.002857142857142857
2 0.17936507936507937 0.7588095238095238 0.009523809523809525 0.006190476190476191
2 0.16031746031746033 0.7569047619047619 0.0031746031746031746 0.002380952380952381
2 0.022222222222222223 0.7571428571428571 0.0025396825396825397 0.002857142857142857
2 0.21206349206349207 0.7566666666666667 0.005079365079365079 0.002857142857142857
2 0.06126984126984127 0.7545238095238095 0.0006349206349206349 0.0004761904761904762
2 0.2653968253968254 0.7542857142857143 0.0012698412698412698 0.0009523809523809524
2 0.06666666666666667 0.7542857142857143 0.0012698412698412698 0.0009523809523809524
2 0.22158730158730158 0.7538095238095238 0.0012698412698412698 0.0009523809523809524
2 0.15746031746031747 0.7542857142857143 0.0025396825396825397 0.0019047619047619048
2 0.03396825396825397 0.7542857142857143 0.0019047619047619048 0.0019047619047619048
2 0.10539682539682539 0.7538095238095238 0.008888888888888889 0.0019047619047619048
2 0.18412698412698414 0.7538095238095238 0.0025396825396825397 0.002857142857142857
2 0.8317460317460318 0.7516666666666667 0.0012698412698412698 0.0004761904761904762
2 0.027936507936507936 0.7516666666666667 0.0012698412698412698 0.0004761904761904762
2 0.22666666666666666 0.7514285714285714 0.0012698412698412698 0.0009523809523809524
2 0.23873015873015874 0.7519047619047619 0.0025396825396825397 0.002857142857142857
2 0.2311111111111111 0.7514285714285714 0.0025396825396825397 0.0019047619047619048
2 0.20317460317460317 0.7509523809523809 0.0012698412698412698 0.0009523809523809524
2 0.18571428571428572 0.7511904761904762 0.0019047619047619048 0.0014285714285714286
2 0.8288888888888889 0.7502380952380953 0.0019047619047619048 0.0004761904761904762
2 0.1742857142857143 0.7516666666666667 0.0031746031746031746 0.0033333333333333335
2 0.10444444444444445 0.7507142857142857 0.0019047619047619048 0.0014285714285714286
2 0.847936507936508 0.7511904761904762 0.0044444444444444444 0.0033333333333333335
2 0.780952380952381 0.75 0.0038095238095238095 0.0019047619047619048
2 0.19650793650793652 0.7528571428571429 0.006984126984126984 0.007619047619047619
2 0.22857142857142856 0.7490476190476191 0.0012698412698412698 0.0009523809523809524
2 0.8168253968253968 0.7478571428571429 0.0019047619047619048 0.0014285714285714286
2 0.2088888888888889 0.7483333333333333 0.0012698412698412698 0.002380952380952381
2 0.8587301587301587 0.7488095238095238 0.005714285714285714 0.004285714285714286
2 0.8453968253968254 0.7464285714285714 0.0006349206349206349 0.0004761904761904762
2 0.8276190476190476 0.746904761904762 0.0019047619047619048 0.0014285714285714286
2 0.21587301587301588 0.746904761904762 0.0012698412698412698 0.0014285714285714286
2 0.19682539682539682 0.746904761904762 0.0025396825396825397 0.002380952380952381
2 0.2419047619047619 0.7457142857142857 0.0012698412698412698 0.0009523809523809524
2 0.17746031746031746 0.7454761904761905 0.0006349206349206349 0.0004761904761904762
2 0.23746031746031745 0.7454761904761905 0.0012698412698412698 0.0014285714285714286
2 0.23142857142857143 0.745 0.0006349206349206349 0.0004761904761904762
2 0.2615873015873016 0.7447619047619047 0.0025396825396825397 0.0019047619047619048
2 0.18285714285714286 0.7445238095238095 0.0025396825396825397 0.0014285714285714286
2 0.1711111111111111 0.7445238095238095 0.0019047619047619048 0.0014285714285714286
2 0.8228571428571428 0.7440476190476191 0.0025396825396825397 0.002380952380952381
2 0.24857142857142858 0.7433333333333333 0.0006349206349206349 0.0009523809523809524
2 0.22285714285714286 0.7433333333333333 0.0012698412698412698 0.0009523809523809524
2 0.8644444444444445 0.7438095238095238 0.005714285714285714 0.002857142857142857
2 0.806984126984127 0.7435714285714285 0.0038095238095238095 0.002380952380952381
2 0.2146031746031746 0.7416666666666667 0.0012698412698412698 0.0014285714285714286
2 0.14666666666666667 0.7411904761904762 0.0012698412698412698 0.0004761904761904762
2 0.939047619047619 0.7414285714285714 0.0025396825396825397 0.0019047619047619048
2 0.8695238095238095 0.7397619047619047 0.0006349206349206349 0.0004761904761904762
2 0.3088888888888889 0.74 0.0019047619047619048 0.0009523809523809524
2 0.19777777777777777 0.7409523809523809 0.0031746031746031746 0.002857142857142857
2 0.8895238095238095 0.7411904761904762 0.007619047619047619 0.005238095238095238
2 0.24444444444444444 0.7388095238095238 0.0025396825396825397 0.0014285714285714286
2 0.10412698412698412 0.7390476190476191 0.0025396825396825397 0.0019047619047619048
2 0.8749206349206349 0.7404761904761905 0.006349206349206349 0.005714285714285714
2 0.19206349206349208 0.7390476190476191 0.0019047619047619048 0.002857142857142857
2 0.7714285714285715 0.7414285714285714 0.012698412698412698 0.008571428571428572
2 0.19714285714285715 0.7373809523809524 0.0006349206349206349 0.0004761904761904762
2 0.833015873015873 0.74 0.010158730158730159 0.006666666666666667
2 0.31682539682539684 0.736904761904762 0.0025396825396825397 0.0004761904761904762
2 0.22253968253968254 0.736904761904762 0.0006349206349206349 0.0004761904761904762
2 0.13587301587301587 0.7376190476190476 0.0025396825396825397 0.0019047619047619048
2 0.2123809523809524 0.7366666666666667 0.0019047619047619048 0.0009523809523809524
2 0.07142857142857142 0.7380952380952381 0.005714285714285714 0.0038095238095238095
2 0.23174603174603176 0.7366666666666667 0.0025396825396825397 0.0019047619047619048
2 0.8622222222222222 0.7361904761904762 0.0025396825396825397 0.0019047619047619048
2 0.8012698412698412 0.7388095238095238 0.007619047619047619 0.007142857142857143
2 0.3368253968253968 0.7357142857142858 0.0006349206349206349 0.0009523809523809524
2 0.27936507936507937 0.7361904761904762 0.0025396825396825397 0.0019047619047619048
2 0.8346031746031746 0.7354761904761905 0.0019047619047619048 0.002380952380952381
2 0.799047619047619 0.7342857142857143 0.0031746031746031746 0.0019047619047619048
2 0.23873015873015874 0.7342857142857143 0.0025396825396825397 0.0019047619047619048
2 0.18349206349206348 0.7340476190476191 0.0012698412698412698 0.0014285714285714286
2 0.11206349206349206 0.7338095238095238 0.0031746031746031746 0.0009523809523809524
2 0.07142857142857142 0.7335714285714285 0.0006349206349206349 0.0004761904761904762
2 0.30412698412698413 0.731904761904762 0.0025396825396825397 0.0009523809523809524
2 0.18761904761904763 0.731904761904762 0.0019047619047619048 0.0009523809523809524
2 0.2615873015873016 0.7311904761904762 0.0012698412698412698 0.0004761904761904762
2 0.0673015873015873 0.7316666666666667 0.0025396825396825397 0.0014285714285714286
2 0.37523809523809526 0.7307142857142858 0.0012698412698412698 0.0004761904761904762
2 0.33174603174603173 0.7314285714285714 0.0031746031746031746 0.0019047619047619048
2 0.30793650793650795 0.7309523809523809 0.0012698412698412698 0.0009523809523809524
2 0.29777777777777775 0.7314285714285714 0.0025396825396825397 0.0019047619047619048
2 0.21968253968253967 0.7304761904761905 0.0012698412698412698 0.0009523809523809524
2 0.8720634920634921 0.7307142857142858 0.0031746031746031746 0.002380952380952381
2 0.1384126984126984 0.73 0.0012698412698412698 0.0009523809523809524
2 0.906984126984127 0.7333333333333333 0.013333333333333334 0.008571428571428572
2 0.19238095238095237 0.7288095238095238 0.0012698412698412698 0.0004761904761904762
2 0.33746031746031746 0.729047619047619 0.0019047619047619048 0.0019047619047619048
2 0.12444444444444444 0.729047619047619 0.0038095238095238095 0.0019047619047619048
2 0.2704761904761905 0.7285714285714285 0.0012698412698412698 0.0019047619047619048
2 0.22857142857142856 0.7278571428571429 0.0012698412698412698 0.0004761904761904762
2 0.8517460317460317 0.7314285714285714 0.010793650793650795 0.008571428571428572
2 0.1784126984126984 0.7276190476190476 0.0012698412698412698 0.0009523809523809524
2 0.33936507936507937 0.7269047619047619 0.0006349206349206349 0.0004761904761904762
2 0.2615873015873016 0.7271428571428571 0.0025396825396825397 0.0009523809523809524
2 0.23365079365079366 0.7271428571428571 0.0012698412698412698 0.0009523809523809524
2 0.8368253968253968 0.7292857142857143 0.005079365079365079 0.006190476190476191
2 0.7892063492063492 0.7307142857142858 0.008888888888888889 0.009047619047619047
2 0.3850793650793651 0.7283333333333334 0.014603174603174604 0.004285714285714286
2 0.3736507936507937 0.7276190476190476 0.005714285714285714 0.0038095238095238095
2 0.3349206349206349 0.7259523809523809 0.0006349206349206349 0.0004761904761904762
2 0.06063492063492063 0.7264285714285714 0.0031746031746031746 0.0014285714285714286
2 0.939047619047619 0.7276190476190476 0.005079365079365079 0.004761904761904762
2 0.893968253968254 0.7269047619047619 0.005079365079365079 0.0033333333333333335
2 0.35555555555555557 0.7321428571428571 0.027936507936507936 0.01380952380952381
2 0.2787301587301587 0.7254761904761905 0.0012698412698412698 0.0004761904761904762
2 0.17238095238095238 0.7259523809523809 0.0019047619047619048 0.0014285714285714286
2 0.812063492063492 0.7295238095238096 0.005079365079365079 0.009523809523809525
2 0.24349206349206348 0.7257142857142858 0.0019047619047619048 0.0019047619047619048
2 0.22920634920634922 0.7252380952380952 0.0012698412698412698 0.0009523809523809524
2 0.9676190476190476 0.725 0.006349206349206349 0.0014285714285714286
2 0.8603174603174604 0.7257142857142858 0.0025396825396825397 0.002857142857142857
2 0.34634920634920635 0.7259523809523809 0.0019047619047619048 0.0033333333333333335
2 0.11047619047619048 0.7252380952380952 0.0025396825396825397 0.0019047619047619048
2 0.9292063492063493 0.7242857142857143 0.0019047619047619048 0.0009523809523809524
2 0.3412698412698413 0.7242857142857143 0.0006349206349206349 0.0009523809523809524
2 0.25936507936507935 0.724047619047619 0.0006349206349206349 0.0004761904761904762
2 0.9482539682539682 0.7242857142857143 0.0031746031746031746 0.0019047619047619048
2 0.7958730158730158 0.724047619047619 0.0019047619047619048 0.0014285714285714286
2 0.21746031746031746 0.7247619047619047 0.0031746031746031746 0.002857142857142857
2 0.14507936507936509 0.7235714285714285 0.0031746031746031746 0.0014285714285714286
2 0.8873015873015873 0.7269047619047619 0.006984126984126984 0.009047619047619047
2 0.846031746031746 0.7235714285714285 0.0019047619047619048 0.002380952380952381
2 0.8333333333333334 0.7230952380952381 0.0019047619047619048 0.0014285714285714286
2 0.39555555555555555 0.7223809523809523 0.0025396825396825397 0.0009523809523809524
2 0.9047619047619048 0.7223809523809523 0.0038095238095238095 0.0019047619047619048
2 0.1819047619047619 0.7223809523809523 0.0019047619047619048 0.0019047619047619048
2 0.38412698412698415 0.7223809523809523 0.005079365079365079 0.0038095238095238095
2 0.8431746031746031 0.7207142857142858 0.0025396825396825397 0.0014285714285714286
2 0.7885714285714286 0.7211904761904762 0.0025396825396825397 0.0033333333333333335
2 0.16444444444444445 0.7209523809523809 0.0038095238095238095 0.002857142857142857
2 0.13523809523809524 0.7211904761904762 0.0025396825396825397 0.0033333333333333335
2 0.0692063492063492 0.7202380952380952 0.0025396825396825397 0.002380952380952381
2 0.9266666666666666 0.72 0.0031746031746031746 0.0038095238095238095
2 0.053015873015873016 0.7183333333333334 0.0006349206349206349 0.0004761904761904762
2 0.04857142857142857 0.7185714285714285 0.0044444444444444444 0.0019047619047619048
2 0.9326984126984127 0.7183333333333334 0.0038095238095238095 0.002380952380952381
2 0.8571428571428571 0.7185714285714285 0.005079365079365079 0.002857142857142857
2 0.9193650793650794 0.7180952380952381 0.0038095238095238095 0.002857142857142857
2 0.7720634920634921 0.7195238095238096 0.012698412698412698 0.005714285714285714
2 0.12285714285714286 0.7176190476190476 0.0031746031746031746 0.0019047619047619048
2 0.9720634920634921 0.7166666666666667 0.0025396825396825397 0.0009523809523809524
2 0.7958730158730158 0.7180952380952381 0.0031746031746031746 0.0038095238095238095
2 0.9768253968253968 0.7161904761904762 0.0031746031746031746 0.0019047619047619048
2 0.17142857142857143 0.715952380952381 0.0025396825396825397 0.0014285714285714286
2 0.1273015873015873 0.715952380952381 0.0031746031746031746 0.002380952380952381
2 0.7815873015873016 0.7147619047619047 0.0012698412698412698 0.0009523809523809524
2 0.7631746031746032 0.715952380952381 0.0025396825396825397 0.0033333333333333335
2 0.8847619047619047 0.714047619047619 0.0006349206349206349 0.0004761904761904762
2 0.7949206349206349 0.7147619047619047 0.0025396825396825397 0.0019047619047619048
2 0.9971428571428571 0.7147619047619047 0.005714285714285714 0.002857142857142857
2 0.18031746031746032 0.7145238095238096 0.0038095238095238095 0.002380952380952381
2 0.04507936507936508 0.7147619047619047 0.005079365079365079 0.002857142857142857
2 0.7501587301587301 0.7157142857142857 0.0031746031746031746 0.006666666666666667
2 0.8304761904761905 0.7123809523809523 0.0012698412698412698 0.0009523809523809524
2 0.74 0.7130952380952381 0.0031746031746031746 0.002380952380952381
2 0.9841269841269841 0.7126190476190476 0.006349206349206349 0.002380952380952381
2 0.9107936507936508 0.7133333333333334 0.014603174603174604 0.0038095238095238095
2 0.9584126984126984 0.7135714285714285 0.005714285714285714 0.006190476190476191
2 0.9380952380952381 0.7130952380952381 0.005714285714285714 0.005238095238095238
2 0.16285714285714287 0.7102380952380952 0.0006349206349206349 0.0004761904761904762
2 0.08 0.71 0.0012698412698412698 0.0009523809523809524
2 0.04 0.71 0.0012698412698412698 0.0009523809523809524
2 0.1384126984126984 0.7080952380952381 0.0012698412698412698 0.0009523809523809524
2 0.13174603174603175 0.7078571428571429 0.0006349206349206349 0.0004761904761904762
2 0.19523809523809524 0.7073809523809523 0.0006349206349206349 0.0004761904761904762
2 0.14761904761904762 0.7073809523809523 0.0006349206349206349 0.0004761904761904762
2 0.09238095238095238 0.7073809523809523 0.0006349206349206349 0.0004761904761904762
2 0.2733333333333333 0.7183333333333334 0.1796825396825397 0.023333333333333334
2 0.9193650793650794 0.7071428571428572 0.006349206349206349 0.0019047619047619048
2 0.8584126984126984 0.7071428571428572 0.0025396825396825397 0.0019047619047619048
2 0.9904761904761905 0.7083333333333334 0.01904761904761905 0.005238095238095238
2 0.7720634920634921 0.709047619047619 0.0038095238095238095 0.006666666666666667
2 0.008571428571428572 0.7071428571428572 0.0044444444444444444 0.002857142857142857
2 0.78 0.7069047619047619 0.0031746031746031746 0.0033333333333333335
2 0.04888888888888889 0.7061904761904761 0.0012698412698412698 0.0019047619047619048
2 0.11841269841269841 0.7052380952380952 0.0006349206349206349 0.0009523809523809524
2 0.10603174603174603 0.705 0.0012698412698412698 0.0004761904761904762
2 0.11174603174603175 0.705 0.0012698412698412698 0.0014285714285714286
2 0.8892063492063492 0.7057142857142857 0.005714285714285714 0.0038095238095238095
2 0.09714285714285714 0.7042857142857143 0.0012698412698412698 0.0009523809523809524
2 0.7479365079365079 0.7045238095238096 0.0038095238095238095 0.002380952380952381
2 0.1523809523809524 0.7038095238095238 0.0025396825396825397 0.0009523809523809524
2 0.14634920634920634 0.7038095238095238 0.0031746031746031746 0.0009523809523809524
2 0.07809523809523809 0.704047619047619 0.0025396825396825397 0.002380952380952381
2 0.8263492063492064 0.7045238095238096 0.005714285714285714 0.004285714285714286
2 0.7866666666666666 0.7033333333333334 0.005079365079365079 0.002857142857142857
2 0.13047619047619047 0.7026190476190476 0.0044444444444444444 0.0014285714285714286
2 0.9663492063492064 0.7016666666666667 0.0025396825396825397 0.0004761904761904762
2 0.0853968253968254 0.7026190476190476 0.010793650793650795 0.002380952380952381
2 0.9288888888888889 0.7023809523809523 0.0025396825396825397 0.002857142857142857
2 0.8 0.7028571428571428 0.0038095238095238095 0.0038095238095238095
2 0.959047619047619 0.7011904761904761 0.0019047619047619048 0.0014285714285714286
2 0.9158730158730158 0.7014285714285714 0.0031746031746031746 0.0019047619047619048
2 0.9114285714285715 0.7014285714285714 0.0031746031746031746 0.0019047619047619048
2 0.8577777777777778 0.7014285714285714 0.0038095238095238095 0.002857142857142857
2 0.8533333333333334 0.7002380952380952 0.0025396825396825397 0.0014285714285714286
2 0.9984126984126984 0.7004761904761905 0.0031746031746031746 0.002857142857142857
2 0.8387301587301588 0.6997619047619048 0.0025396825396825397 0.0014285714285714286
2 0.8288888888888889 0.7 0.0031746031746031746 0.0019047619047619048
2 0.05682539682539683 0.7016666666666667 0.0044444444444444444 0.005238095238095238
2 0.3273015873015873 0.6988095238095238 0.0006349206349206349 0.0004761904761904762
2 0.1073015873015873 0.7002380952380952 0.012698412698412698 0.0033333333333333335
2 0.08571428571428572 0.6992857142857143 0.005079365079365079 0.0014285714285714286
2 0.8174603174603174 0.6985714285714286 0.0019047619047619048 0.0009523809523809524
2 0.04476190476190476 0.6988095238095238 0.015873015873015872 0.002380952380952381
2 0.030793650793650793 0.6978571428571428 0.0031746031746031746 0.0014285714285714286
2 0.09746031746031746 0.6985714285714286 0.005714285714285714 0.004761904761904762
2 0.06952380952380953 0.6978571428571428 0.0031746031746031746 0.005238095238095238
2 0.9203174603174603 0.695 0.0006349206349206349 0.0004761904761904762
2 0.8250793650793651 0.6964285714285714 0.0044444444444444444 0.0033333333333333335
2 0.8336507936507936 0.694047619047619 0.0012698412698412698 0.0004761904761904762
2 0.021904761904761906 0.6942857142857143 0.005714285714285714 0.0009523809523809524
2 0.9673015873015873 0.6952380952380952 0.006984126984126984 0.0038095238095238095
2 0.9403174603174603 0.6938095238095238 0.0025396825396825397 0.0009523809523809524
2 0.8615873015873016 0.6938095238095238 0.0025396825396825397 0.0019047619047619048
2 0.005714285714285714 0.6942857142857143 0.011428571428571429 0.004761904761904762
2 0.9212698412698412 0.6914285714285714 0.0025396825396825397 0.0019047619047619048
2 0.028888888888888888 0.6902380952380952 0.0006349206349206349 0.0004761904761904762
2 0.022857142857142857 0.6902380952380952 0.0012698412698412698 0.0004761904761904762
2 0.9784126984126984 0.6902380952380952 0.0025396825396825397 0.002380952380952381
2 0.7571428571428571 0.69 0.0031746031746031746 0.002857142857142857
2 0.8133333333333334 0.689047619047619 0.0012698412698412698 0.0019047619047619048
2 0.9933333333333333 0.690952380952381 0.013333333333333334 0.006666666666666667
2 0.006666666666666667 0.6878571428571428 0.0006349206349206349 0.0004761904761904762
2 0.9444444444444444 0.6878571428571428 0.0044444444444444444 0.002380952380952381
2 0.7441269841269841 0.6876190476190476 0.0012698412698412698 0.0019047619047619048
2 0.9682539682539683 0.6861904761904762 0.0012698412698412698 0.0019047619047619048
2 0.7492063492063492 0.6916666666666667 0.006349206349206349 0.012857142857142857
2 0.9850793650793651 0.685952380952381 0.0031746031746031746 0.002380952380952381
2 0.7882539682539682 0.685 0.0044444444444444444 0.002380952380952381
2 0.9857142857142858 0.6833333333333333 0.0019047619047619048 0.0009523809523809524
2 0.8311111111111111 0.6830952380952381 0.0012698412698412698 0.0014285714285714286
2 0.7396825396825397 0.6828571428571428 0.0012698412698412698 0.0009523809523809524
2 0.7358730158730159 0.6861904761904762 0.005079365079365079 0.007619047619047619
2 0.9028571428571428 0.6816666666666666 0.005079365079365079 0.0033333333333333335
2 0.8555555555555555 0.6797619047619048 0.0019047619047619048 0.0014285714285714286
2 0.8234920634920635 0.6804761904761905 0.0038095238095238095 0.002857142857142857
2 0.7701587301587302 0.6819047619047619 0.005079365079365079 0.006666666666666667
2 0.7888888888888889 0.6778571428571428 0.0006349206349206349 0.0004761904761904762
2 0.8415873015873016 0.6766666666666666 0.0031746031746031746 0.0019047619047619048
2 0.7568253968253968 0.6785714285714286 0.0025396825396825397 0.006666666666666667
2 0.993015873015873 0.6745238095238095 0.006349206349206349 0.002380952380952381
2 0.9755555555555555 0.6742857142857143 0.0031746031746031746 0.0019047619047619048
2 0.7888888888888889 0.6738095238095239 0.0031746031746031746 0.002857142857142857
2 0.8546031746031746 0.6721428571428572 0.005079365079365079 0.002380952380952381
2 0.9831746031746031 0.6716666666666666 0.0044444444444444444 0.002380952380952381
2 0.9241269841269841 0.670952380952381 0.0006349206349206349 0.0009523809523809524
2 0.8796825396825397 0.6714285714285714 0.005714285714285714 0.0038095238095238095
2 0.8644444444444445 0.6692857142857143 0.0019047619047619048 0.0014285714285714286
2 0.8593650793650793 0.6666666666666666 0.0006349206349206349 0.0009523809523809524
2 0.8434920634920635 0.6642857142857143 0.0031746031746031746 0.0019047619047619048
2 0.9958730158730159 0.6630952380952381 0.0006349206349206349 0.0004761904761904762
2 0.8615873015873016 0.6630952380952381 0.0012698412698412698 0.0004761904761904762
2 0.9777777777777777 0.6642857142857143 0.005079365079365079 0.0038095238095238095
2 0.8485714285714285 0.6633333333333333 0.0019047619047619048 0.0019047619047619048
2 0.792063492063492 0.6626190476190477 0.0019047619047619048 0.0014285714285714286
2 0.927936507936508 0.6616666666666666 0.0031746031746031746 0.002380952380952381
2 0.8123809523809524 0.6619047619047619 0.0044444444444444444 0.002857142857142857
2 0.9825396825396825 0.6602380952380953 0.0031746031746031746 0.002380952380952381
2 0.8019047619047619 0.6592857142857143 0.0025396825396825397 0.0014285714285714286
2 0.8904761904761904 0.659047619047619 0.0031746031746031746 0.0019047619047619048
2 0.8726984126984128 0.6588095238095238 0.0031746031746031746 0.002380952380952381
2 0.9714285714285714 0.6573809523809524 0.005079365079365079 0.0014285714285714286
2 0.8561904761904762 0.6578571428571428 0.0031746031746031746 0.002380952380952381
2 0.8355555555555556 0.6576190476190477 0.0025396825396825397 0.0019047619047619048
2 0.8853968253968254 0.6571428571428571 0.0031746031746031746 0.0019047619047619048
2 0.8787301587301587 0.6561904761904762 0.0025396825396825397 0.0019047619047619048
2 0.8679365079365079 0.6547619047619048 0.0025396825396825397 0.0019047619047619048
2 0.8092063492063492 0.6547619047619048 0.0031746031746031746 0.0019047619047619048
2 0.840952380952381 0.6540476190476191 0.0031746031746031746 0.0014285714285714286
2 0.7733333333333333 0.6530952380952381 0.0025396825396825397 0.0014285714285714286
2 0.9212698412698412 0.6519047619047619 0.0025396825396825397 0.0009523809523809524
2 0.8968253968253969 0.6523809523809524 0.005714285714285714 0.002857142857142857
2 0.8546031746031746 0.6514285714285715 0.0012698412698412698 0.0009523809523809524
2 0.7647619047619048 0.6607142857142857 0.013333333333333334 0.019523809523809523
2 0.7926984126984127 0.6514285714285715 0.0044444444444444444 0.002857142857142857
2 0.9844444444444445 0.6502380952380953 0.0019047619047619048 0.0014285714285714286
2 0.9917460317460317 0.6497619047619048 0.0012698412698412698 0.0014285714285714286
2 0.9673015873015873 0.6495238095238095 0.0031746031746031746 0.0019047619047619048
2 0.9253968253968254 0.6473809523809524 0.0019047619047619048 0.0014285714285714286
2 0.8860317460317461 0.6421428571428571 0.0019047619047619048 0.0014285714285714286
2 0.9447619047619048 0.6411904761904762 0.0012698412698412698 0.0004761904761904762
2 0.9342857142857143 0.6419047619047619 0.0031746031746031746 0.0019047619047619048
2 0.9838095238095238 0.6407142857142857 0.0019047619047619048 0.0014285714285714286
2 0.8793650793650793 0.6421428571428571 0.0038095238095238095 0.004285714285714286
2 0.7644444444444445 0.643095238095238 0.010158730158730159 0.01380952380952381
2 0.7536507936507937 0.638095238095238 0.0025396825396825397 0.0038095238095238095
2 0.8514285714285714 0.6366666666666667 0.0025396825396825397 0.002857142857142857
2 0.8107936507936508 0.6347619047619047 0.0025396825396825397 0.0019047619047619048
2 0.7876190476190477 0.6352380952380953 0.0044444444444444444 0.002857142857142857
2 0.8679365079365079 0.6333333333333333 0.0012698412698412698 0.0009523809523809524
2 0.9212698412698412 0.6326190476190476 0.0012698412698412698 0.0004761904761904762
2 0.8276190476190476 0.6338095238095238 0.0044444444444444444 0.002857142857142857
2 0.9644444444444444 0.6304761904761905 0.0012698412698412698 0.0009523809523809524
2 0.8885714285714286 0.6304761904761905 0.0019047619047619048 0.0009523809523809524
2 0.9742857142857143 0.6311904761904762 0.0044444444444444444 0.004285714285714286
2 0.847936507936508 0.6288095238095238 0.0019047619047619048 0.0014285714285714286
2 0.7946031746031746 0.6288095238095238 0.0019047619047619048 0.0014285714285714286
2 0.9311111111111111 0.6266666666666667 0.0006349206349206349 0.0009523809523809524
2 0.8104761904761905 0.6288095238095238 0.0044444444444444444 0.005238095238095238
2 0.7631746031746032 0.6271428571428571 0.006349206349206349 0.004761904761904762
2 0.9520634920634921 0.625 0.0019047619047619048 0.0014285714285714286
2 0.9898412698412699 0.6242857142857143 0.0012698412698412698 0.0009523809523809524
2 0.8717460317460317 0.6252380952380953 0.0038095238095238095 0.002857142857142857
2 0.8463492063492063 0.6247619047619047 0.0025396825396825397 0.0019047619047619048
2 0.9152380952380952 0.6242857142857143 0.0044444444444444444 0.002857142857142857
2 0.8146031746031746 0.6238095238095238 0.0025396825396825397 0.0019047619047619048
2 0.9955555555555555 0.6233333333333333 0.0025396825396825397 0.0019047619047619048
2 0.9707936507936508 0.6226190476190476 0.0012698412698412698 0.0004761904761904762
2 0.9285714285714286 0.621904761904762 0.0019047619047619048 0.0009523809523809524
2 0.8482539682539683 0.6214285714285714 0.0012698412698412698 0.0009523809523809524
2 0.8012698412698412 0.621904761904762 0.0038095238095238095 0.0019047619047619048
2 0.8219047619047619 0.6211904761904762 0.0031746031746031746 0.002380952380952381
2 0.932063492063492 0.6190476190476191 0.005079365079365079 0.0038095238095238095
2 0.8815873015873016 0.6180952380952381 0.0019047619047619048 0.002857142857142857
2 0.7593650793650794 0.6195238095238095 0.008888888888888889 0.005714285714285714
2 0.7838095238095238 0.6152380952380953 0.0031746031746031746 0.002857142857142857
2 0.8711111111111111 0.6128571428571429 0.0025396825396825397 0.0019047619047619048
2 0.9311111111111111 0.6107142857142858 0.0006349206349206349 0.0004761904761904762
2 0.8936507936507937 0.611904761904762 0.005714285714285714 0.0038095238095238095
2 0.766984126984127 0.6114285714285714 0.0025396825396825397 0.0038095238095238095
2 0.9996825396825397 0.6090476190476191 0.0006349206349206349 0.0009523809523809524
2 0.9415873015873016 0.6085714285714285 0.0025396825396825397 0.002857142857142857
2 0.8387301587301588 0.606904761904762 0.0025396825396825397 0.002380952380952381
2 0.7409523809523809 0.6066666666666667 0.0012698412698412698 0.0019047619047619048
2 0.9628571428571429 0.6071428571428571 0.0031746031746031746 0.0038095238095238095
2 0.9304761904761905 0.6052380952380952 0.0006349206349206349 0.0009523809523809524
2 0.8901587301587301 0.6042857142857143 0.0038095238095238095 0.002857142857142857
2 0.7784126984126984 0.6064285714285714 0.007619047619047619 0.01
2 0.9295238095238095 0.6014285714285714 0.0012698412698412698 0.0009523809523809524
2 0.861904761904762 0.605 0.03492063492063492 0.008095238095238095
2 0.8825396825396825 0.6009523809523809 0.0012698412698412698 0.0009523809523809524
2 0.040317460317460314 0.6007142857142858 0.0006349206349206349 0.0004761904761904762
2 0.9692063492063492 0.6011904761904762 0.0031746031746031746 0.0033333333333333335
2 0.9349206349206349 0.6 0.0019047619047619048 0.0009523809523809524
2 0.9038095238095238 0.5997619047619047 0.0006349206349206349 0.0004761904761904762
2 0.8533333333333334 0.6007142857142858 0.0025396825396825397 0.002380952380952381
2 0.7911111111111111 0.6004761904761905 0.0025396825396825397 0.0019047619047619048
2 0.7974603174603174 0.6 0.0025396825396825397 0.0019047619047619048
2 0.9558730158730159 0.5995238095238096 0.0031746031746031746 0.002857142857142857
2 0.8641269841269841 0.6 0.005079365079365079 0.004761904761904762
2 0.758095238095238 0.6033333333333334 0.012698412698412698 0.012380952380952381
2 0.9685714285714285 0.5945238095238096 0.0006349206349206349 0.0004761904761904762
2 0.7746031746031746 0.5969047619047619 0.005079365079365079 0.006190476190476191
2 0.9238095238095239 0.5961904761904762 0.0038095238095238095 0.005714285714285714
2 0.84 0.5945238095238096 0.0038095238095238095 0.002380952380952381
2 0.8193650793650794 0.5978571428571429 0.005714285714285714 0.01
2 0.7853968253968254 0.5942857142857143 0.006349206349206349 0.0038095238095238095
2 0.7688888888888888 0.5938095238095238 0.0038095238095238095 0.002857142857142857
2 0.08476190476190476 0.5928571428571429 0.0019047619047619048 0.0019047619047619048
2 0.20476190476190476 0.5919047619047619 0.0006349206349206349 0.0009523809523809524
2 0.19111111111111112 0.5921428571428572 0.006349206349206349 0.0014285714285714286
2 0.9450793650793651 0.5914285714285714 0.0006349206349206349 0.0009523809523809524
2 0.8952380952380953 0.5916666666666667 0.0038095238095238095 0.002380952380952381
2 0.9707936507936508 0.5866666666666667 0.0012698412698412698 0.0009523809523809524
2 0.22126984126984128 0.5852380952380952 0.0006349206349206349 0.0009523809523809524
2 0.9634920634920635 0.585 0.0019047619047619048 0.0014285714285714286
2 0.20285714285714285 0.584047619047619 0.0006349206349206349 0.0004761904761904762
2 0.9371428571428572 0.5842857142857143 0.0038095238095238095 0.002857142857142857
2 0.9193650793650794 0.584047619047619 0.0038095238095238095 0.002380952380952381
2 0.8203174603174603 0.584047619047619 0.0038095238095238095 0.004285714285714286
2 0.22317460317460316 0.5826190476190476 0.0019047619047619048 0.0014285714285714286
2 0.9565079365079365 0.5823809523809523 0.0031746031746031746 0.0019047619047619048
2 0.9428571428571428 0.5823809523809523 0.0025396825396825397 0.0019047619047619048
2 0.9682539682539683 0.5816666666666667 0.0025396825396825397 0.0014285714285714286
2 0.7615873015873016 0.5816666666666667 0.0044444444444444444 0.002380952380952381
2 0.8326984126984127 0.5816666666666667 0.005714285714285714 0.0033333333333333335
2 0.1657142857142857 0.5807142857142857 0.0012698412698412698 0.0014285714285714286
2 0.16031746031746033 0.5797619047619048 0.0006349206349206349 0.0004761904761904762
2 0.9203174603174603 0.5795238095238096 0.0019047619047619048 0.0019047619047619048
2 0.7974603174603174 0.5802380952380952 0.0025396825396825397 0.0033333333333333335
2 0.7139682539682539 0.579047619047619 0.0031746031746031746 0.002857142857142857
2 0.2615873015873016 0.5778571428571428 0.0012698412698412698 0.0004761904761904762
2 0.7288888888888889 0.579047619047619 0.0038095238095238095 0.0038095238095238095
2 0.1949206349206349 0.5783333333333334 0.007619047619047619 0.0033333333333333335
2 0.8958730158730158 0.5761904761904761 0.005079365079365079 0.0038095238095238095
2 0.6866666666666666 0.5745238095238095 0.0006349206349206349 0.0004761904761904762
2 0.266984126984127 0.5747619047619048 0.0006349206349206349 0.0009523809523809524
2 0.8019047619047619 0.5747619047619048 0.0025396825396825397 0.0019047619047619048
2 0.9644444444444444 0.5733333333333334 0.0012698412698412698 0.0009523809523809524
2 0.2746031746031746 0.5733333333333334 0.0006349206349206349 0.0009523809523809524
2 0.21174603174603174 0.5730952380952381 0.0006349206349206349 0.0004761904761904762
2 0.1895238095238095 0.5735714285714286 0.0019047619047619048 0.002380952380952381
2 0.9457142857142857 0.5728571428571428 0.0031746031746031746 0.0019047619047619048
2 0.7793650793650794 0.5738095238095238 0.0044444444444444444 0.0038095238095238095
2 0.8873015873015873 0.5719047619047619 0.0031746031746031746 0.0019047619047619048
2 0.7549206349206349 0.5721428571428572 0.0025396825396825397 0.0033333333333333335
2 0.6822222222222222 0.5716666666666667 0.0044444444444444444 0.0033333333333333335
2 0.8193650793650794 0.5702380952380952 0.0019047619047619048 0.0014285714285714286
2 0.666984126984127 0.5704761904761905 0.0031746031746031746 0.0019047619047619048
2 0.19174603174603175 0.5704761904761905 0.0012698412698412698 0.0019047619047619048
2 0.18126984126984128 0.5704761904761905 0.0019047619047619048 0.0019047619047619048
2 0.8777777777777778 0.5692857142857143 0.0006349206349206349 0.0004761904761904762
2 0.9111111111111111 0.5697619047619048 0.0025396825396825397 0.002380952380952381
2 0.9333333333333333 0.57 0.005079365079365079 0.0038095238095238095
2 0.9006349206349207 0.5695238095238095 0.0044444444444444444 0.0038095238095238095
2 0.8225396825396826 0.5683333333333334 0.0019047619047619048 0.0014285714285714286
2 0.9663492063492064 0.5685714285714286 0.0038095238095238095 0.002857142857142857
2 0.92 0.5669047619047619 0.006349206349206349 0.002380952380952381
2 0.799047619047619 0.5669047619047619 0.0031746031746031746 0.002380952380952381
2 0.7666666666666667 0.5716666666666667 0.009523809523809525 0.012857142857142857
2 0.7025396825396826 0.5661904761904762 0.0044444444444444444 0.002857142857142857
2 0.9523809523809523 0.5652380952380952 0.0038095238095238095 0.002857142857142857
2 0.1796825396825397 0.5638095238095238 0.0012698412698412698 0.0009523809523809524
2 0.8228571428571428 0.5645238095238095 0.0038095238095238095 0.0033333333333333335
2 0.7844444444444445 0.5633333333333334 0.0031746031746031746 0.002857142857142857
2 0.16476190476190475 0.5633333333333334 0.0019047619047619048 0.002857142857142857
2 0.7412698412698413 0.5621428571428572 0.0044444444444444444 0.0033333333333333335
2 0.6523809523809524 0.5616666666666666 0.0031746031746031746 0.002380952380952381
2 0.9311111111111111 0.5614285714285714 0.0031746031746031746 0.002857142857142857
2 0.693968253968254 0.5614285714285714 0.0038095238095238095 0.002857142857142857
2 0.24857142857142858 0.5614285714285714 0.0019047619047619048 0.002857142857142857
2 0.011746031746031746 0.5607142857142857 0.0019047619047619048 0.0014285714285714286
2 0.7996825396825397 0.5607142857142857 0.0031746031746031746 0.002380952380952381
2 0.7120634920634921 0.5616666666666666 0.0044444444444444444 0.004285714285714286
2 0.7517460317460317 0.5611904761904762 0.0038095238095238095 0.004285714285714286
2 0.2311111111111111 0.5592857142857143 0.0012698412698412698 0.0004761904761904762
2 0.21523809523809523 0.5588095238095238 0.0012698412698412698 0.0014285714285714286
2 0.8984126984126984 0.5569047619047619 0.0025396825396825397 0.0014285714285714286
2 0.826031746031746 0.5569047619047619 0.0025396825396825397 0.0014285714285714286
2 0.7279365079365079 0.5578571428571428 0.0031746031746031746 0.0033333333333333335
2 0.1892063492063492 0.5576190476190476 0.0025396825396825397 0.002857142857142857
2 0.1523809523809524 0.6254761904761905 0.3047619047619048 0.13857142857142857
2 0.9215873015873016 0.5564285714285714 0.0019047619047619048 0.0014285714285714286
2 0.806984126984127 0.5564285714285714 0.0025396825396825397 0.002380952380952381
2 0.6755555555555556 0.5628571428571428 0.02158730158730159 0.015238095238095238
2 0.10603174603174603 0.555 0.0012698412698412698 0.0014285714285714286
2 0.954920634920635 0.555 0.0038095238095238095 0.002380952380952381
2 0.834920634920635 0.5564285714285714 0.005079365079365079 0.005238095238095238
2 0.1873015873015873 0.5542857142857143 0.0025396825396825397 0.0019047619047619048
2 0.15079365079365079 0.5538095238095239 0.0006349206349206349 0.0009523809523809524
2 0.6758730158730158 0.5533333333333333 0.0019047619047619048 0.0019047619047619048
2 0.27396825396825397 0.5538095238095239 0.0019047619047619048 0.002857142857142857
2 0.9168253968253969 0.5526190476190476 0.0012698412698412698 0.0014285714285714286
2 0.9111111111111111 0.5526190476190476 0.0025396825396825397 0.0014285714285714286
2 0.7187301587301588 0.5528571428571428 0.0025396825396825397 0.0019047619047619048
2 0.7012698412698413 0.5521428571428572 0.0006349206349206349 0.0004761904761904762
2 0.726031746031746 0.5526190476190476 0.0031746031746031746 0.002380952380952381
2 0.17396825396825397 0.5523809523809524 0.0025396825396825397 0.0019047619047619048
2 0.9273015873015873 0.5526190476190476 0.0031746031746031746 0.0033333333333333335
2 0.8193650793650794 0.5514285714285714 0.0019047619047619048 0.0009523809523809524
2 0.8073015873015873 0.5514285714285714 0.0019047619047619048 0.0019047619047619048
2 0.706031746031746 0.5511904761904762 0.0012698412698412698 0.0014285714285714286
2 0.8228571428571428 0.5504761904761905 0.0012698412698412698 0.0009523809523809524
2 0.7438095238095238 0.5511904761904762 0.0031746031746031746 0.002380952380952381
2 0.9584126984126984 0.5511904761904762 0.0044444444444444444 0.0033333333333333335
2 0.9434920634920635 0.5497619047619048 0.0012698412698412698 0.0014285714285714286
2 0.16380952380952382 0.55 0.0025396825396825397 0.0019047619047619048
2 0.626984126984127 0.5488095238095239 0.0006349206349206349 0.0004761904761904762
2 0.9101587301587302 0.5488095238095239 0.0006349206349206349 0.0014285714285714286
2 0.8136507936507936 0.5488095238095239 0.0019047619047619048 0.0014285714285714286
2 0.7136507936507936 0.5488095238095239 0.0012698412698412698 0.0014285714285714286
2 0.19555555555555557 0.5497619047619048 0.0038095238095238095 0.0033333333333333335
2 0.16952380952380952 0.5497619047619048 0.0025396825396825397 0.004285714285714286
2 0.2761904761904762 0.5476190476190477 0.0012698412698412698 0.0009523809523809524
2 0.7860317460317461 0.5471428571428572 0.0025396825396825397 0.0019047619047619048
2 0.6587301587301587 0.5476190476190477 0.0031746031746031746 0.002857142857142857
2 0.6926984126984127 0.5476190476190477 0.006349206349206349 0.004761904761904762
2 0.6844444444444444 0.5466666666666666 0.0038095238095238095 0.002857142857142857
2 0.6231746031746032 0.545952380952381 0.0019047619047619048 0.0014285714285714286
2 0.2057142857142857 0.5464285714285714 0.0038095238095238095 0.0033333333333333335
2 0.773015873015873 0.5464285714285714 0.0044444444444444444 0.005238095238095238
2 0.2003174603174603 0.5466666666666666 0.0044444444444444444 0.005714285714285714
2 0.0012698412698412698 0.5457142857142857 0.0025396825396825397 0.0038095238095238095
2 0.25142857142857145 0.5435714285714286 0.0012698412698412698 0.0004761904761904762
2 0.21682539682539684 0.545 0.0044444444444444444 0.0033333333333333335
2 0.9012698412698412 0.5433333333333333 0.0006349206349206349 0.0009523809523809524
2 0.8853968253968254 0.5433333333333333 0.0019047619047619048 0.0009523809523809524
2 0.8317460317460318 0.5438095238095239 0.0025396825396825397 0.0019047619047619048
2 0.035555555555555556 0.544047619047619 0.0012698412698412698 0.002380952380952381
2 0.7980952380952381 0.5428571428571428 0.0025396825396825397 0.0009523809523809524
2 0.6225396825396825 0.5430952380952381 0.0019047619047619048 0.0014285714285714286
2 0.806031746031746 0.5419047619047619 0.0006349206349206349 0.0009523809523809524
2 0.66 0.5426190476190477 0.0031746031746031746 0.002380952380952381
2 0.633968253968254 0.5423809523809524 0.0031746031746031746 0.0019047619047619048
2 0.004126984126984127 0.5414285714285715 0.0019047619047619048 0.0009523809523809524
2 0.9822222222222222 0.5419047619047619 0.0038095238095238095 0.002857142857142857
2 0.7123809523809523 0.5404761904761904 0.0012698412698412698 0.0009523809523809524
2 0.6825396825396826 0.5407142857142857 0.0012698412698412698 0.0014285714285714286
2 0.6393650793650794 0.5423809523809524 0.005079365079365079 0.004761904761904762
2 0.6215873015873016 0.540952380952381 0.0012698412698412698 0.0019047619047619048
2 0.5863492063492064 0.5404761904761904 0.0006349206349206349 0.0009523809523809524
2 0.21841269841269842 0.5402380952380952 0.0012698412698412698 0.0014285714285714286
2 0.023174603174603174 0.544047619047619 0.005714285714285714 0.009047619047619047
2 0.20222222222222222 0.54 0.0019047619047619048 0.0019047619047619048
2 0.7977777777777778 0.5395238095238095 0.0044444444444444444 0.002857142857142857
2 0.5892063492063492 0.5385714285714286 0.0012698412698412698 0.0009523809523809524
2 0.26285714285714284 0.5397619047619048 0.0025396825396825397 0.0033333333333333335
2 0.7657142857142857 0.5385714285714286 0.0025396825396825397 0.0019047619047619048
2 0.010158730158730159 0.5421428571428571 0.012698412698412698 0.01
2 0.2714285714285714 0.5385714285714286 0.0031746031746031746 0.0038095238095238095
2 0.6663492063492064 0.5385714285714286 0.0031746031746031746 0.004761904761904762
2 0.7006349206349206 0.5373809523809524 0.0044444444444444444 0.004285714285714286
2 0.6476190476190476 0.535952380952381 0.0025396825396825397 0.0014285714285714286
2 0.606031746031746 0.5357142857142857 0.0006349206349206349 0.0009523809523809524
2 0.027936507936507936 0.5361904761904762 0.0012698412698412698 0.0019047619047619048
2 0.7971428571428572 0.5354761904761904 0.0019047619047619048 0.0014285714285714286
2 0.19428571428571428 0.5357142857142857 0.0025396825396825397 0.002857142857142857
2 0.019365079365079366 0.5345238095238095 0.0006349206349206349 0.0004761904761904762
2 0.9387301587301587 0.5345238095238095 0.0006349206349206349 0.0014285714285714286
2 0.8365079365079365 0.535 0.0031746031746031746 0.002380952380952381
2 0.2438095238095238 0.5347619047619048 0.0012698412698412698 0.0019047619047619048
2 0.8949206349206349 0.5345238095238095 0.0031746031746031746 0.002380952380952381
2 0.7193650793650793 0.535 0.0012698412698412698 0.0033333333333333335
2 0.25587301587301586 0.5345238095238095 0.0025396825396825397 0.002380952380952381
2 0.03333333333333333 0.5364285714285715 0.005714285714285714 0.006190476190476191
2 0.7250793650793651 0.534047619047619 0.0025396825396825397 0.002380952380952381
2 0.23206349206349206 0.5373809523809524 0.019682539682539683 0.009047619047619047
2 0.8752380952380953 0.5333333333333333 0.0019047619047619048 0.0019047619047619048
2 0.7622222222222222 0.5333333333333333 0.0019047619047619048 0.0019047619047619048
2 0.5841269841269842 0.5330952380952381 0.0025396825396825397 0.0014285714285714286
2 0.022857142857142857 0.534047619047619 0.0038095238095238095 0.0033333333333333335
2 0.8885714285714286 0.5330952380952381 0.0031746031746031746 0.002380952380952381
2 0.6780952380952381 0.5326190476190477 0.0025396825396825397 0.0014285714285714286
2 0.2561904761904762 0.5319047619047619 0.0006349206349206349 0.0009523809523809524
2 0.21174603174603174 0.5326190476190477 0.0031746031746031746 0.002380952380952381
2 0.23015873015873015 0.5302380952380953 0.0006349206349206349 0.0004761904761904762
2 0.586031746031746 0.5302380952380953 0.0012698412698412698 0.0014285714285714286
2 0.2453968253968254 0.5311904761904762 0.0031746031746031746 0.0033333333333333335
2 0.9133333333333333 0.5323809523809524 0.0044444444444444444 0.006666666666666667
2 0.7311111111111112 0.5292857142857142 0.0019047619047619048 0.0014285714285714286
2 0.7241269841269842 0.5297619047619048 0.0031746031746031746 0.002380952380952381
2 0.2346031746031746 0.5283333333333333 0.0006349206349206349 0.0004761904761904762
2 0.6850793650793651 0.5285714285714286 0.0012698412698412698 0.0019047619047619048
2 0.6580952380952381 0.5280952380952381 0.0019047619047619048 0.0009523809523809524
2 0.26095238095238094 0.5283333333333333 0.0012698412698412698 0.0014285714285714286
2 0.25142857142857145 0.5295238095238095 0.005079365079365079 0.005714285714285714
2 0.09396825396825396 0.5278571428571428 0.0025396825396825397 0.0033333333333333335
2 0.8561904761904762 0.5597619047619048 0.04507936507936508 0.0680952380952381
2 0.7479365079365079 0.5264285714285715 0.0025396825396825397 0.002380952380952381
2 0.6949206349206349 0.5261904761904762 0.0019047619047619048 0.0019047619047619048
2 0.1673015873015873 0.5266666666666666 0.009523809523809525 0.0038095238095238095
2 0.8492063492063492 0.525 0.0019047619047619048 0.0014285714285714286
2 0.6161904761904762 0.5269047619047619 0.005714285714285714 0.005238095238095238
2 0.780952380952381 0.5245238095238095 0.0025396825396825397 0.0014285714285714286
2 0.5828571428571429 0.5254761904761904 0.0038095238095238095 0.0033333333333333335
2 0.1568253968253968 0.5252380952380953 0.0038095238095238095 0.002857142857142857
2 0.04 0.5242857142857142 0.0012698412698412698 0.0009523809523809524
2 0.8657142857142858 0.5252380952380953 0.0044444444444444444 0.0038095238095238095
2 0.9673015873015873 0.5230952380952381 0.0006349206349206349 0.0004761904761904762
2 0.5996825396825397 0.5240476190476191 0.0031746031746031746 0.002380952380952381
2 0.8561904761904762 0.5240476190476191 0.006984126984126984 0.0033333333333333335
2 0.7317460317460317 0.5233333333333333 0.0031746031746031746 0.0019047619047619048
2 0.699047619047619 0.5233333333333333 0.0025396825396825397 0.0019047619047619048
2 0.6682539682539682 0.5238095238095238 0.0031746031746031746 0.002857142857142857
2 0.04825396825396826 0.5223809523809524 0.0012698412698412698 0.0009523809523809524
2 0.9006349206349207 0.5219047619047619 0.0006349206349206349 0.0009523809523809524
2 0.586031746031746 0.5219047619047619 0.0012698412698412698 0.0009523809523809524
2 0.8339682539682539 0.5221428571428571 0.0031746031746031746 0.002380952380952381
2 0.6368253968253968 0.5219047619047619 0.0025396825396825397 0.0019047619047619048
2 0.6120634920634921 0.5216666666666666 0.0025396825396825397 0.0014285714285714286
2 0.5888888888888889 0.5228571428571429 0.0031746031746031746 0.0038095238095238095
2 0.0006349206349206349 0.5219047619047619 0.0012698412698412698 0.0019047619047619048
2 0.6428571428571429 0.5228571428571429 0.0044444444444444444 0.004761904761904762
2 0.7215873015873016 0.520952380952381 0.0019047619047619048 0.0019047619047619048
2 0.6041269841269842 0.5211904761904762 0.0019047619047619048 0.002380952380952381
2 0.8450793650793651 0.5211904761904762 0.0038095238095238095 0.0033333333333333335
2 0.9101587301587302 0.5197619047619048 0.0031746031746031746 0.002380952380952381
2 0.8688888888888889 0.5190476190476191 0.0031746031746031746 0.0019047619047619048
2 0.8542857142857143 0.5192857142857142 0.006984126984126984 0.0033333333333333335
2 0.8276190476190476 0.5183333333333333 0.0019047619047619048 0.0014285714285714286
2 0.8180952380952381 0.5183333333333333 0.0006349206349206349 0.0014285714285714286
2 0.14666666666666667 0.5183333333333333 0.0012698412698412698 0.0014285714285714286
2 0.8885714285714286 0.5185714285714286 0.0044444444444444444 0.002857142857142857
2 0.7866666666666666 0.5176190476190476 0.0012698412698412698 0.0009523809523809524
2 0.0746031746031746 0.5178571428571429 0.009523809523809525 0.002380952380952381
2 0.8996825396825396 0.5171428571428571 0.0025396825396825397 0.002857142857142857
2 0.6961904761904761 0.5159523809523809 0.0006349206349206349 0.0004761904761904762
2 0.17492063492063492 0.5214285714285715 0.017142857142857144 0.011428571428571429
2 0.8603174603174604 0.5157142857142857 0.0012698412698412698 0.0009523809523809524
2 0.6082539682539683 0.5159523809523809 0.0012698412698412698 0.0014285714285714286
2 0.6003174603174604 0.5161904761904762 0.0019047619047619048 0.0019047619047619048
2 0.9079365079365079 0.5161904761904762 0.0038095238095238095 0.002857142857142857
2 0.840952380952381 0.5164285714285715 0.005714285714285714 0.004285714285714286
2 0.6904761904761905 0.5154761904761904 0.0031746031746031746 0.002380952380952381
2 0.6415873015873016 0.5157142857142857 0.0031746031746031746 0.002857142857142857
2 0.8228571428571428 0.5147619047619048 0.006349206349206349 0.002857142857142857
2 0.9323809523809524 0.5133333333333333 0.0031746031746031746 0.0019047619047619048
2 0.7511111111111111 0.5126190476190476 0.0012698412698412698 0.0004761904761904762
2 0.7282539682539683 0.5128571428571429 0.0038095238095238095 0.0019047619047619048
2 0.14126984126984127 0.5164285714285715 0.0031746031746031746 0.009047619047619047
2 0.8031746031746032 0.5278571428571428 0.054603174603174605 0.032857142857142856
2 0.6501587301587302 0.5114285714285715 0.0012698412698412698 0.0009523809523809524
2 0.16857142857142857 0.5107142857142857 0.0006349206349206349 0.0004761904761904762
2 0.09936507936507936 0.5102380952380953 0.0006349206349206349 0.0004761904761904762
2 0.8603174603174604 0.5104761904761905 0.0025396825396825397 0.0019047619047619048
2 0.22952380952380952 0.5145238095238095 0.008253968253968255 0.010952380952380953
2 0.1726984126984127 0.5090476190476191 0.0012698412698412698 0.0009523809523809524
2 0.7450793650793651 0.5083333333333333 0.0019047619047619048 0.0014285714285714286
2 0.6285714285714286 0.508095238095238 0.0012698412698412698 0.0009523809523809524
2 0.9736507936507937 0.5078571428571429 0.0019047619047619048 0.0014285714285714286
2 0.23492063492063492 0.5078571428571429 0.0012698412698412698 0.0014285714285714286
2 0.9063492063492063 0.5090476190476191 0.005714285714285714 0.006666666666666667
2 0.17904761904761904 0.5085714285714286 0.0038095238095238095 0.005714285714285714
2 0.8431746031746031 0.5069047619047619 0.0038095238095238095 0.0033333333333333335
2 0.8673015873015874 0.5059523809523809 0.0025396825396825397 0.002380952380952381
2 0.7161904761904762 0.5054761904761905 0.0012698412698412698 0.0014285714285714286
2 0.16507936507936508 0.5052380952380953 0.0012698412698412698 0.0009523809523809524
2 0.8142857142857143 0.5083333333333333 0.008253968253968255 0.008095238095238095
2 0.14507936507936509 0.5066666666666667 0.0031746031746031746 0.004761904761904762
2 0.8317460317460318 0.5042857142857143 0.0012698412698412698 0.0009523809523809524
2 0.7022222222222222 0.5126190476190476 0.02158730158730159 0.018571428571428572
2 0.24095238095238095 0.5035714285714286 0.0006349206349206349 0.0004761904761904762
2 0.2450793650793651 0.5107142857142857 0.020317460317460317 0.014761904761904763
2 0.15841269841269842 0.513095238095238 0.017142857142857144 0.020476190476190478
2 0.8542857142857143 0.5035714285714286 0.005714285714285714 0.002380952380952381
2 0.7993650793650794 0.5033333333333333 0.0038095238095238095 0.002857142857142857
2 0.7847619047619048 0.5033333333333333 0.0038095238095238095 0.0038095238095238095
2 0.6711111111111111 0.5026190476190476 0.0038095238095238095 0.002380952380952381
2 0.846984126984127 0.5023809523809524 0.0038095238095238095 0.002857142857142857
2 0.19523809523809524 0.5023809523809524 0.005714285714285714 0.002857142857142857
2 0.08063492063492063 0.5273809523809524 0.16126984126984126 0.05285714285714286
2 0.7095238095238096 0.5033333333333333 0.0044444444444444444 0.005714285714285714
2 0.833015873015873 0.5014285714285714 0.0038095238095238095 0.002857142857142857
2 0.72 0.5009523809523809 0.0025396825396825397 0.0019047619047619048
2 0.19333333333333333 0.5126190476190476 0.03746031746031746 0.025238095238095237
2 0.17015873015873015 0.5007142857142857 0.0025396825396825397 0.002380952380952381
2 0.9809523809523809 0.5 0.0025396825396825397 0.0019047619047619048
2 0.6993650793650794 0.5009523809523809 0.005714285714285714 0.004761904761904762
2 0.7253968253968254 0.4992857142857143 0.0031746031746031746 0.002380952380952381
2 0.21555555555555556 0.5083333333333333 0.019682539682539683 0.020476190476190478
2 0.9701587301587301 0.4992857142857143 0.0038095238095238095 0.0033333333333333335
2 0.8346031746031746 0.49785714285714283 0.0006349206349206349 0.0004761904761904762
2 0.7768253968253969 0.4990476190476191 0.0031746031746031746 0.002857142857142857
2 0.7488888888888889 0.4990476190476191 0.0044444444444444444 0.002857142857142857
2 0.8539682539682539 0.49714285714285716 0.0012698412698412698 0.0009523809523809524
2 0.8396825396825397 0.49738095238095237 0.0019047619047619048 0.0014285714285714286
2 0.7152380952380952 0.49714285714285716 0.0019047619047619048 0.0009523809523809524
2 0.8698412698412699 0.49738095238095237 0.0025396825396825397 0.002380952380952381
2 0.9565079365079365 0.495952380952381 0.0006349206349206349 0.0004761904761904762
2 0.7574603174603175 0.4961904761904762 0.0025396825396825397 0.0019047619047619048
2 0.8936507936507937 0.49452380952380953 0.0019047619047619048 0.0014285714285714286
2 0.9371428571428572 0.495952380952381 0.007619047619047619 0.005238095238095238
2 0.7212698412698413 0.4942857142857143 0.0025396825396825397 0.0019047619047619048
2 0.8482539682539683 0.4938095238095238 0.0025396825396825397 0.0019047619047619048
2 0.7568253968253968 0.49333333333333335 0.0012698412698412698 0.0009523809523809524
2 0.9247619047619048 0.4928571428571429 0.0006349206349206349 0.0009523809523809524
2 0.7282539682539683 0.4928571428571429 0.0025396825396825397 0.0019047619047619048
2 0.12634920634920635 0.49333333333333335 0.0025396825396825397 0.002857142857142857
2 0.9698412698412698 0.4926190476190476 0.0031746031746031746 0.002380952380952381
2 0.8860317460317461 0.49238095238095236 0.0031746031746031746 0.0019047619047619048
2 0.8063492063492064 0.4928571428571429 0.0038095238095238095 0.002857142857142857
2 0.15555555555555556 0.4919047619047619 0.0012698412698412698 0.0009523809523809524
2 0.5825396825396826 0.4907142857142857 0.0006349206349206349 0.0004761904761904762
2 0.7980952380952381 0.4928571428571429 0.005079365079365079 0.005714285714285714
2 0.7117460317460318 0.4911904761904762 0.0025396825396825397 0.002380952380952381
2 0.20253968253968255 0.4919047619047619 0.0025396825396825397 0.0038095238095238095
2 0.9742857142857143 0.48928571428571427 0.0031746031746031746 0.002380952380952381
2 0.912063492063492 0.4869047619047619 0.0006349206349206349 0.0004761904761904762
2 0.8396825396825397 0.48738095238095236 0.0044444444444444444 0.002380952380952381
2 0.76 0.48714285714285716 0.0025396825396825397 0.0019047619047619048
2 0.20793650793650795 0.4878571428571429 0.0031746031746031746 0.0033333333333333335
2 0.7695238095238095 0.4861904761904762 0.0025396825396825397 0.0019047619047619048
2 0.7323809523809524 0.48642857142857143 0.0031746031746031746 0.002380952380952381
2 0.9885714285714285 0.48523809523809525 0.0012698412698412698 0.0009523809523809524
2 0.8771428571428571 0.48738095238095236 0.0044444444444444444 0.005238095238095238
2 0.8247619047619048 0.49476190476190474 0.02412698412698413 0.02095238095238095
2 0.7698412698412699 0.48404761904761906 0.0019047619047619048 0.0014285714285714286
2 0.9349206349206349 0.4838095238095238 0.0031746031746031746 0.0019047619047619048
2 0.19333333333333333 0.4830952380952381 0.0006349206349206349 0.0004761904761904762
2 0.9784126984126984 0.4828571428571429 0.0012698412698412698 0.0009523809523809524
2 0.8873015873015873 0.4830952380952381 0.0019047619047619048 0.0014285714285714286
2 0.9695238095238096 0.4828571428571429 0.0025396825396825397 0.0019047619047619048
2 0.9107936507936508 0.48333333333333334 0.0031746031746031746 0.002857142857142857
2 0.853015873015873 0.4826190476190476 0.0031746031746031746 0.002380952380952381
2 0.6066666666666667 0.48214285714285715 0.0031746031746031746 0.002380952380952381
2 0.9596825396825397 0.48095238095238096 0.0019047619047619048 0.0009523809523809524
2 0.035238095238095235 0.48095238095238096 0.0006349206349206349 0.0009523809523809524
2 0.853015873015873 0.48023809523809524 0.0006349206349206349 0.0004761904761904762
2 0.7647619047619048 0.4804761904761905 0.0006349206349206349 0.0009523809523809524
2 0.7834920634920635 0.48095238095238096 0.0038095238095238095 0.002857142857142857
2 0.9034920634920635 0.48 0.0025396825396825397 0.0019047619047619048
2 0.8958730158730158 0.4797619047619048 0.0025396825396825397 0.0014285714285714286
2 0.9101587301587302 0.4795238095238095 0.0031746031746031746 0.0019047619047619048
2 0.20666666666666667 0.47928571428571426 0.0019047619047619048 0.0014285714285714286
2 0.9965079365079365 0.48095238095238096 0.006984126984126984 0.005714285714285714
2 0.8342857142857143 0.47928571428571426 0.0038095238095238095 0.004285714285714286
2 0.8098412698412698 0.47833333333333333 0.0031746031746031746 0.002380952380952381
2 0.773015873015873 0.4795238095238095 0.0044444444444444444 0.004761904761904762
2 0.6485714285714286 0.47785714285714287 0.0031746031746031746 0.0014285714285714286
2 0.9923809523809524 0.4769047619047619 0.0025396825396825397 0.0014285714285714286
2 0.9631746031746031 0.4766666666666667 0.0025396825396825397 0.0019047619047619048
2 0.6050793650793651 0.47595238095238096 0.0025396825396825397 0.0014285714285714286
2 0.5888888888888889 0.47619047619047616 0.0031746031746031746 0.0019047619047619048
2 0.7971428571428572 0.4745238095238095 0.0006349206349206349 0.0004761904761904762
2 0.9396825396825397 0.47595238095238096 0.005079365079365079 0.004285714285714286
2 0.9142857142857143 0.47333333333333333 0.0012698412698412698 0.0009523809523809524
2 0.2088888888888889 0.47523809523809524 0.0038095238095238095 0.005714285714285714
2 0.6825396825396826 0.4692857142857143 0.0025396825396825397 0.002380952380952381
2 0.6873015873015873 0.46785714285714286 0.0031746031746031746 0.0033333333333333335
2 0.9698412698412698 0.46523809523809523 0.0031746031746031746 0.0019047619047619048
2 0.6336507936507937 0.46476190476190476 0.0012698412698412698 0.0009523809523809524
2 0.051111111111111114 0.46404761904761904 0.0044444444444444444 0.002380952380952381
2 0.7161904761904762 0.46285714285714286 0.0025396825396825397 0.0019047619047619048
2 0.9866666666666667 0.46166666666666667 0.0038095238095238095 0.002380952380952381
2 0.24412698412698414 0.45976190476190476 0.0031746031746031746 0.002380952380952381
2 0.23396825396825396 0.45904761904761904 0.0019047619047619048 0.0009523809523809524
2 0.7234920634920635 0.45904761904761904 0.0044444444444444444 0.002857142857142857
2 0.7088888888888889 0.4583333333333333 0.0031746031746031746 0.002380952380952381
2 0.8771428571428571 0.4569047619047619 0.0006349206349206349 0.0004761904761904762
2 0.8647619047619047 0.4564285714285714 0.0025396825396825397 0.0014285714285714286
2 0.9057142857142857 0.455 0.0019047619047619048 0.0014285714285714286
2 0.2015873015873016 0.45476190476190476 0.0031746031746031746 0.0019047619047619048
2 0.23777777777777778 0.45404761904761903 0.0019047619047619048 0.0014285714285714286
2 0.7234920634920635 0.45476190476190476 0.0044444444444444444 0.0038095238095238095
2 0.5901587301587301 0.45357142857142857 0.0031746031746031746 0.0014285714285714286
2 0.6228571428571429 0.4523809523809524 0.0012698412698412698 0.0009523809523809524
2 0.7336507936507937 0.4542857142857143 0.0031746031746031746 0.005714285714285714
2 0.653968253968254 0.45476190476190476 0.010158730158730159 0.006666666666666667
2 0.03396825396825397 0.4521428571428571 0.005714285714285714 0.0014285714285714286
2 0.9647619047619047 0.4521428571428571 0.0031746031746031746 0.002380952380952381
2 0.6057142857142858 0.45404761904761903 0.015238095238095238 0.006190476190476191
2 0.9466666666666667 0.4511904761904762 0.0012698412698412698 0.0014285714285714286
2 0.18476190476190477 0.4504761904761905 0.0012698412698412698 0.0009523809523809524
2 0.8860317460317461 0.4511904761904762 0.0044444444444444444 0.0033333333333333335
2 0.6533333333333333 0.45 0.0012698412698412698 0.0009523809523809524
2 0.05682539682539683 0.4511904761904762 0.0044444444444444444 0.004285714285714286
2 0.9895238095238095 0.4492857142857143 0.0031746031746031746 0.0014285714285714286
2 0.07333333333333333 0.44904761904761903 0.0019047619047619048 0.0009523809523809524
2 0.6504761904761904 0.4483333333333333 0.0019047619047619048 0.0014285714285714286
2 0.7006349206349206 0.44761904761904764 0.0006349206349206349 0.0009523809523809524
2 0.5968253968253968 0.44904761904761903 0.008888888888888889 0.005714285714285714
2 0.7304761904761905 0.44785714285714284 0.006984126984126984 0.004285714285714286
2 0.05492063492063492 0.44666666666666666 0.0044444444444444444 0.0019047619047619048
2 0.23682539682539683 0.44571428571428573 0.0012698412698412698 0.0009523809523809524
2 0.7885714285714286 0.44595238095238093 0.0025396825396825397 0.002380952380952381
2 0.8958730158730158 0.44476190476190475 0.0012698412698412698 0.0009523809523809524
2 0.7101587301587302 0.44452380952380954 0.0006349206349206349 0.0004761904761904762
2 0.17555555555555555 0.445 0.0019047619047619048 0.0014285714285714286
2 0.9857142857142858 0.44452380952380954 0.0044444444444444444 0.0033333333333333335
2 0.9060317460317461 0.44357142857142856 0.0025396825396825397 0.002380952380952381
2 0.6012698412698413 0.444047619047619 0.0038095238095238095 0.0033333333333333335
2 0.07142857142857142 0.4421428571428571 0.0031746031746031746 0.002380952380952381
2 0.62 0.4407142857142857 0.0006349206349206349 0.0004761904761904762
2 0.9019047619047619 0.4407142857142857 0.0031746031746031746 0.002380952380952381
2 0.6114285714285714 0.44023809523809526 0.0025396825396825397 0.0014285714285714286
2 0.0838095238095238 0.43976190476190474 0.0038095238095238095 0.0014285714285714286
2 0.6771428571428572 0.4388095238095238 0.0006349206349206349 0.0004761904761904762
2 0.9457142857142857 0.4388095238095238 0.0019047619047619048 0.0014285714285714286
2 0.6803174603174603 0.43857142857142856 0.0019047619047619048 0.0009523809523809524
2 0.6555555555555556 0.4438095238095238 0.05015873015873016 0.011428571428571429
2 0.2606349206349206 0.439047619047619 0.0019047619047619048 0.0019047619047619048
2 0.16253968253968254 0.439047619047619 0.0038095238095238095 0.0019047619047619048
2 0.7609523809523809 0.43785714285714283 0.0019047619047619048 0.0014285714285714286
2 0.09428571428571429 0.43761904761904763 0.0019047619047619048 0.0009523809523809524
2 0.14666666666666667 0.4369047619047619 0.0012698412698412698 0.0014285714285714286
2 0.07873015873015873 0.439047619047619 0.0038095238095238095 0.005714285714285714
2 0.7511111111111111 0.4361904761904762 0.006349206349206349 0.0019047619047619048
2 0.6495238095238095 0.43738095238095237 0.01904761904761905 0.004285714285714286
2 0.7152380952380952 0.43523809523809526 0.0019047619047619048 0.0009523809523809524
2 0.13365079365079366 0.435 0.0019047619047619048 0.0014285714285714286
2 0.08984126984126985 0.43476190476190474 0.0031746031746031746 0.0019047619047619048
2 0.6663492063492064 0.4342857142857143 0.0019047619047619048 0.0019047619047619048
2 0.9974603174603175 0.4328571428571429 0.0025396825396825397 0.0019047619047619048
2 0.6901587301587302 0.4326190476190476 0.0025396825396825397 0.0014285714285714286
2 0.693968253968254 0.43142857142857144 0.0038095238095238095 0.0009523809523809524
2 0.17746031746031746 0.43214285714285716 0.0031746031746031746 0.002380952380952381
2 0.24857142857142858 0.43 0.0019047619047619048 0.0019047619047619048
2 0.8980952380952381 0.42857142857142855 0.0019047619047619048 0.0009523809523809524
2 0.8314285714285714 0.4297619047619048 0.0044444444444444444 0.006190476190476191
2 0.6882539682539682 0.4276190476190476 0.0038095238095238095 0.0038095238095238095
2 0.9412698412698413 0.42642857142857143 0.0031746031746031746 0.002380952380952381
2 0.1746031746031746 0.4266666666666667 0.0038095238095238095 0.002857142857142857
2 0.7088888888888889 0.4423809523809524 0.08317460317460318 0.035238095238095235
2 0.13746031746031745 0.42333333333333334 0.0031746031746031746 0.0019047619047619048
2 0.7663492063492063 0.4235714285714286 0.007619047619047619 0.0033333333333333335
2 0.20634920634920634 0.4226190476190476 0.0025396825396825397 0.002380952380952381
2 0.8587301587301587 0.42142857142857143 0.0006349206349206349 0.0009523809523809524
2 0.7158730158730159 0.42238095238095236 0.0031746031746031746 0.002857142857142857
2 0.15777777777777777 0.4216666666666667 0.0044444444444444444 0.0033333333333333335
2 0.14825396825396825 0.4204761904761905 0.0019047619047619048 0.002857142857142857
2 0.9101587301587302 0.42142857142857143 0.009523809523809525 0.005714285714285714
2 0.7384126984126984 0.4219047619047619 0.008888888888888889 0.007619047619047619
2 0.7333333333333333 0.41833333333333333 0.0025396825396825397 0.002380952380952381
2 0.6977777777777778 0.4188095238095238 0.005079365079365079 0.0033333333333333335
2 0.7285714285714285 0.41714285714285715 0.0031746031746031746 0.0019047619047619048
2 0.1746031746031746 0.4164285714285714 0.0025396825396825397 0.002380952380952381
2 0.7019047619047619 0.41595238095238096 0.0031746031746031746 0.002380952380952381
2 0.24 0.4154761904761905 0.0025396825396825397 0.002380952380952381
2 0.7822222222222223 0.4245238095238095 0.06095238095238095 0.02238095238095238
2 0.7196825396825397 0.4138095238095238 0.0019047619047619048 0.0019047619047619048
2 0.7673015873015873 0.41309523809523807 0.0019047619047619048 0.002380952380952381
2 0.8555555555555555 0.4142857142857143 0.010793650793650795 0.005714285714285714
2 0.9285714285714286 0.41714285714285715 0.022222222222222223 0.012380952380952381
2 0.7120634920634921 0.4138095238095238 0.009523809523809525 0.007619047619047619
2 0.7441269841269841 0.4114285714285714 0.0038095238095238095 0.004761904761904762
2 0.7793650793650794 0.40904761904761905 0.0044444444444444444 0.002857142857142857
2 0.973015873015873 0.4142857142857143 0.05396825396825397 0.014285714285714285
2 0.7298412698412698 0.4083333333333333 0.005714285714285714 0.0033333333333333335
2 0.7219047619047619 0.40714285714285714 0.0012698412698412698 0.0009523809523809524
2 0.22634920634920636 0.4104761904761905 0.0044444444444444444 0.008571428571428572
2 0.20317460317460317 0.4064285714285714 0.0025396825396825397 0.0033333333333333335
2 0.9298412698412698 0.40523809523809523 0.0031746031746031746 0.0019047619047619048
2 0.7085714285714285 0.40595238095238095 0.0038095238095238095 0.0033333333333333335
2 0.8342857142857143 0.4045238095238095 0.0025396825396825397 0.0014285714285714286
2 0.7838095238095238 0.4045238095238095 0.0031746031746031746 0.002380952380952381
2 0.6917460317460318 0.40476190476190477 0.0031746031746031746 0.002857142857142857
2 0.19428571428571428 0.4035714285714286 0.0025396825396825397 0.0004761904761904762
2 0.9993650793650793 0.4033333333333333 0.0012698412698412698 0.0009523809523809524
2 0.7914285714285715 0.4045238095238095 0.0044444444444444444 0.0033333333333333335
2 0.9965079365079365 0.4026190476190476 0.0031746031746031746 0.002380952380952381
2 0.9346031746031747 0.4023809523809524 0.015238095238095238 0.002857142857142857
2 0.7250793650793651 0.40214285714285714 0.0038095238095238095 0.0033333333333333335
2 0.9504761904761905 0.40476190476190477 0.012698412698412698 0.009523809523809525
2 0.9815873015873016 0.3992857142857143 0.0012698412698412698 0.0004761904761904762
2 0.7034920634920635 0.4 0.0025396825396825397 0.0019047619047619048
2 0.20634920634920634 0.39976190476190476 0.0012698412698412698 0.0014285714285714286
2 0.6974603174603174 0.3995238095238095 0.0031746031746031746 0.0019047619047619048
2 0.84 0.39880952380952384 0.0025396825396825397 0.002380952380952381
2 0.7847619047619048 0.39904761904761904 0.007619047619047619 0.004761904761904762
2 0.8276190476190476 0.39714285714285713 0.005714285714285714 0.002857142857142857
2 0.8974603174603175 0.39595238095238094 0.0019047619047619048 0.0014285714285714286
2 0.834920634920635 0.39595238095238094 0.0038095238095238095 0.002380952380952381
2 0.74 0.39595238095238094 0.0031746031746031746 0.002380952380952381
2 0.946984126984127 0.39595238095238094 0.0044444444444444444 0.0033333333333333335
2 0.913968253968254 0.3973809523809524 0.02095238095238095 0.007142857142857143
2 0.20634920634920634 0.3942857142857143 0.0012698412698412698 0.0009523809523809524
2 0.2234920634920635 0.39357142857142857 0.0012698412698412698 0.0004761904761904762
2 0.793968253968254 0.39404761904761904 0.006984126984126984 0.0033333333333333335
2 0.7984126984126985 0.39071428571428574 0.0006349206349206349 0.0004761904761904762
2 0.2415873015873016 0.39166666666666666 0.0019047619047619048 0.002380952380952381
2 0.8307936507936508 0.3919047619047619 0.0044444444444444444 0.0038095238095238095
2 0.7492063492063492 0.39095238095238094 0.0025396825396825397 0.0019047619047619048
2 0.8441269841269842 0.38952380952380955 0.0019047619047619048 0.0009523809523809524
2 0.25492063492063494 0.39 0.0019047619047619048 0.0019047619047619048
2 0.2273015873015873 0.38904761904761903 0.0012698412698412698 0.0009523809523809524
2 0.8679365079365079 0.3892857142857143 0.0038095238095238095 0.002380952380952381
2 0.9212698412698412 0.3892857142857143 0.006349206349206349 0.0033333333333333335
2 0.7726984126984127 0.3888095238095238 0.0038095238095238095 0.002380952380952381
2 0.9942857142857143 0.3880952380952381 0.008888888888888889 0.0038095238095238095
2 0.8847619047619047 0.3869047619047619 0.0031746031746031746 0.002380952380952381
2 0.9073015873015873 0.3869047619047619 0.0038095238095238095 0.0033333333333333335
2 0.24984126984126984 0.38476190476190475 0.0019047619047619048 0.0019047619047619048
2 0.9177777777777778 0.38357142857142856 0.0031746031746031746 0.002380952380952381
2 0.2396825396825397 0.38333333333333336 0.005714285714285714 0.0019047619047619048
2 0.9088888888888889 0.3830952380952381 0.0031746031746031746 0.002380952380952381
2 0.840952380952381 0.38285714285714284 0.0044444444444444444 0.002857142857142857
2 0.8095238095238095 0.38261904761904764 0.005079365079365079 0.004285714285714286
2 0.22507936507936507 0.3821428571428571 0.005714285714285714 0.006190476190476191
2 0.24285714285714285 0.38 0.0044444444444444444 0.002857142857142857
2 0.866984126984127 0.37952380952380954 0.0031746031746031746 0.002857142857142857
2 0.8609523809523809 0.37833333333333335 0.005079365079365079 0.0033333333333333335
2 0.9625396825396826 0.38571428571428573 0.07492063492063492 0.01904761904761905
2 0.9650793650793651 0.37523809523809526 0.0038095238095238095 0.0019047619047619048
2 0.8755555555555555 0.3757142857142857 0.006349206349206349 0.002857142857142857
2 0.8644444444444445 0.37476190476190474 0.0044444444444444444 0.0019047619047619048
2 0.9561904761904761 0.3730952380952381 0.0038095238095238095 0.002380952380952381
2 0.8933333333333333 0.37285714285714283 0.01904761904761905 0.004761904761904762
2 0.8784126984126984 0.37142857142857144 0.0031746031746031746 0.0019047619047619048
2 0.9787301587301588 0.37142857142857144 0.005714285714285714 0.0038095238095238095
2 0.9146031746031746 0.36666666666666664 0.0031746031746031746 0.0009523809523809524
2 0.8987301587301587 0.3661904761904762 0.0031746031746031746 0.002857142857142857
2 0.8898412698412699 0.36357142857142855 0.0006349206349206349 0.0004761904761904762
2 0.9955555555555555 0.36333333333333334 0.005079365079365079 0.0038095238095238095
2 0.9885714285714285 0.3595238095238095 0.0025396825396825397 0.0019047619047619048
2 0.9717460317460317 0.35285714285714287 0.008253968253968255 0.004761904761904762
2 0.9907936507936508 0.35119047619047616 0.0031746031746031746 0.002380952380952381
2 0.5 0.49404761904761907 1.0 0.9880952380952381